2026-02-09 19:43:33,749 [Worker-8: Loading available Gradle versions] INFO  o.e.b.c.i.u.g.PublishedGradleVersions - Gradle version information cache is not available. Remote download required.
2026-02-09 19:44:14,830 [ModalContext] INFO  o.e.m.c.i.e.AbstractTransferListenerAdapter - Downloading https://repo.maven.apache.org/maven2/org/apache/maven/archetypes/maven-archetype-quickstart/1.1/maven-archetype-quickstart-1.1.pom
2026-02-09 19:44:14,849 [ModalContext] INFO  o.e.m.c.i.e.AbstractTransferListenerAdapter - Downloaded https://repo.maven.apache.org/maven2/org/apache/maven/archetypes/maven-archetype-quickstart/1.1/maven-archetype-quickstart-1.1.pom
2026-02-09 19:44:14,954 [ModalContext] INFO  o.e.m.c.i.e.AbstractTransferListenerAdapter - Downloading https://repo.maven.apache.org/maven2/org/apache/maven/archetypes/maven-archetype-bundles/4/maven-archetype-bundles-4.pom
2026-02-09 19:44:14,961 [ModalContext] INFO  o.e.m.c.i.e.AbstractTransferListenerAdapter - Downloaded https://repo.maven.apache.org/maven2/org/apache/maven/archetypes/maven-archetype-bundles/4/maven-archetype-bundles-4.pom
2026-02-09 19:44:15,050 [ModalContext] INFO  o.e.m.c.i.e.AbstractTransferListenerAdapter - Downloading https://repo.maven.apache.org/maven2/org/apache/maven/archetype/maven-archetype/2.0-alpha-5/maven-archetype-2.0-alpha-5.pom
2026-02-09 19:44:15,055 [ModalContext] INFO  o.e.m.c.i.e.AbstractTransferListenerAdapter - Downloaded https://repo.maven.apache.org/maven2/org/apache/maven/archetype/maven-archetype/2.0-alpha-5/maven-archetype-2.0-alpha-5.pom
2026-02-09 19:44:15,144 [ModalContext] INFO  o.e.m.c.i.e.AbstractTransferListenerAdapter - Downloading https://repo.maven.apache.org/maven2/org/apache/maven/maven-parent/16/maven-parent-16.pom
2026-02-09 19:44:15,148 [ModalContext] INFO  o.e.m.c.i.e.AbstractTransferListenerAdapter - Downloaded https://repo.maven.apache.org/maven2/org/apache/maven/maven-parent/16/maven-parent-16.pom
2026-02-09 19:44:15,307 [ModalContext] INFO  o.e.m.c.i.e.AbstractTransferListenerAdapter - Downloading https://repo.maven.apache.org/maven2/org/apache/apache/7/apache-7.pom
2026-02-09 19:44:15,314 [ModalContext] INFO  o.e.m.c.i.e.AbstractTransferListenerAdapter - Downloaded https://repo.maven.apache.org/maven2/org/apache/apache/7/apache-7.pom
2026-02-09 19:44:15,431 [ModalContext] INFO  o.e.m.c.i.e.AbstractTransferListenerAdapter - Downloading https://repo.maven.apache.org/maven2/org/apache/maven/archetypes/maven-archetype-quickstart/1.1/maven-archetype-quickstart-1.1.jar
2026-02-09 19:44:15,436 [ModalContext] INFO  o.e.m.c.i.e.AbstractTransferListenerAdapter - Downloaded https://repo.maven.apache.org/maven2/org/apache/maven/archetypes/maven-archetype-quickstart/1.1/maven-archetype-quickstart-1.1.jar
2026-02-09 19:48:46,341 [Worker-15: Importing Maven projects] INFO  o.e.m.c.i.e.AbstractTransferListenerAdapter - Downloaded https://repo.spring.io/snapshot/org/springframework/boot/spring-boot-starter-parent/2.1.0.RC1/spring-boot-starter-parent-2.1.0.RC1.pom
2026-02-09 19:48:46,435 [Worker-15: Importing Maven projects] INFO  o.e.m.c.i.e.AbstractTransferListenerAdapter - Downloading https://repo.spring.io/milestone/org/springframework/boot/spring-boot-starter-parent/2.1.0.RC1/spring-boot-starter-parent-2.1.0.RC1.pom
2026-02-09 19:48:46,441 [Worker-15: Importing Maven projects] INFO  o.e.m.c.i.e.AbstractTransferListenerAdapter - Downloaded https://repo.spring.io/milestone/org/springframework/boot/spring-boot-starter-parent/2.1.0.RC1/spring-boot-starter-parent-2.1.0.RC1.pom
2026-02-09 19:48:46,581 [Worker-15: Importing Maven projects] INFO  o.e.m.c.i.e.AbstractTransferListenerAdapter - Downloaded https://repo.spring.io/snapshot/org/springframework/boot/spring-boot-dependencies/2.1.0.RC1/spring-boot-dependencies-2.1.0.RC1.pom
2026-02-09 19:48:46,713 [Worker-15: Importing Maven projects] INFO  o.e.m.c.i.e.AbstractTransferListenerAdapter - Downloading https://repo.spring.io/milestone/org/springframework/boot/spring-boot-dependencies/2.1.0.RC1/spring-boot-dependencies-2.1.0.RC1.pom
2026-02-09 19:48:47,252 [Worker-15: Importing Maven projects] INFO  o.e.m.c.i.e.AbstractTransferListenerAdapter - Downloaded https://repo.spring.io/milestone/org/springframework/boot/spring-boot-dependencies/2.1.0.RC1/spring-boot-dependencies-2.1.0.RC1.pom
2026-02-09 19:48:47,480 [Worker-15: Importing Maven projects] INFO  o.e.m.c.i.e.AbstractTransferListenerAdapter - Downloaded https://repo.spring.io/snapshot/com/fasterxml/jackson/jackson-bom/2.9.7/jackson-bom-2.9.7.pom
2026-02-09 19:48:47,604 [Worker-15: Importing Maven projects] INFO  o.e.m.c.i.e.AbstractTransferListenerAdapter - Downloaded https://repo.spring.io/milestone/com/fasterxml/jackson/jackson-bom/2.9.7/jackson-bom-2.9.7.pom
2026-02-09 19:48:48,105 [Worker-15: Importing Maven projects] INFO  o.e.m.c.i.e.AbstractTransferListenerAdapter - Downloading https://repo.maven.apache.org/maven2/com/fasterxml/jackson/jackson-bom/2.9.7/jackson-bom-2.9.7.pom
2026-02-09 19:48:48,111 [Worker-15: Importing Maven projects] INFO  o.e.m.c.i.e.AbstractTransferListenerAdapter - Downloaded https://repo.maven.apache.org/maven2/com/fasterxml/jackson/jackson-bom/2.9.7/jackson-bom-2.9.7.pom
2026-02-09 19:48:48,201 [Worker-15: Importing Maven projects] INFO  o.e.m.c.i.e.AbstractTransferListenerAdapter - Downloaded https://repo.spring.io/snapshot/com/fasterxml/jackson/jackson-parent/2.9.1.1/jackson-parent-2.9.1.1.pom
2026-02-09 19:48:48,291 [Worker-15: Importing Maven projects] INFO  o.e.m.c.i.e.AbstractTransferListenerAdapter - Downloaded https://repo.spring.io/milestone/com/fasterxml/jackson/jackson-parent/2.9.1.1/jackson-parent-2.9.1.1.pom
2026-02-09 19:48:48,414 [Worker-15: Importing Maven projects] INFO  o.e.m.c.i.e.AbstractTransferListenerAdapter - Downloading https://repo.maven.apache.org/maven2/com/fasterxml/jackson/jackson-parent/2.9.1.1/jackson-parent-2.9.1.1.pom
2026-02-09 19:48:48,419 [Worker-15: Importing Maven projects] INFO  o.e.m.c.i.e.AbstractTransferListenerAdapter - Downloaded https://repo.maven.apache.org/maven2/com/fasterxml/jackson/jackson-parent/2.9.1.1/jackson-parent-2.9.1.1.pom
2026-02-09 19:48:48,539 [Worker-15: Importing Maven projects] INFO  o.e.m.c.i.e.AbstractTransferListenerAdapter - Downloaded https://repo.spring.io/snapshot/com/fasterxml/oss-parent/33/oss-parent-33.pom
2026-02-09 19:48:48,669 [Worker-15: Importing Maven projects] INFO  o.e.m.c.i.e.AbstractTransferListenerAdapter - Downloaded https://repo.spring.io/milestone/com/fasterxml/oss-parent/33/oss-parent-33.pom
2026-02-09 19:48:48,790 [Worker-15: Importing Maven projects] INFO  o.e.m.c.i.e.AbstractTransferListenerAdapter - Downloading https://repo.maven.apache.org/maven2/com/fasterxml/oss-parent/33/oss-parent-33.pom
2026-02-09 19:48:48,797 [Worker-15: Importing Maven projects] INFO  o.e.m.c.i.e.AbstractTransferListenerAdapter - Downloaded https://repo.maven.apache.org/maven2/com/fasterxml/oss-parent/33/oss-parent-33.pom
2026-02-09 19:48:48,915 [Worker-15: Importing Maven projects] INFO  o.e.m.c.i.e.AbstractTransferListenerAdapter - Downloaded https://repo.spring.io/snapshot/io/netty/netty-bom/4.1.29.Final/netty-bom-4.1.29.Final.pom
2026-02-09 19:48:49,041 [Worker-15: Importing Maven projects] INFO  o.e.m.c.i.e.AbstractTransferListenerAdapter - Downloaded https://repo.spring.io/milestone/io/netty/netty-bom/4.1.29.Final/netty-bom-4.1.29.Final.pom
2026-02-09 19:48:49,165 [Worker-15: Importing Maven projects] INFO  o.e.m.c.i.e.AbstractTransferListenerAdapter - Downloading https://repo.maven.apache.org/maven2/io/netty/netty-bom/4.1.29.Final/netty-bom-4.1.29.Final.pom
2026-02-09 19:48:49,172 [Worker-15: Importing Maven projects] INFO  o.e.m.c.i.e.AbstractTransferListenerAdapter - Downloaded https://repo.maven.apache.org/maven2/io/netty/netty-bom/4.1.29.Final/netty-bom-4.1.29.Final.pom
2026-02-09 19:48:49,288 [Worker-15: Importing Maven projects] INFO  o.e.m.c.i.e.AbstractTransferListenerAdapter - Downloaded https://repo.spring.io/snapshot/org/sonatype/oss/oss-parent/7/oss-parent-7.pom
2026-02-09 19:48:49,412 [Worker-15: Importing Maven projects] INFO  o.e.m.c.i.e.AbstractTransferListenerAdapter - Downloaded https://repo.spring.io/milestone/org/sonatype/oss/oss-parent/7/oss-parent-7.pom
2026-02-09 19:48:49,537 [Worker-15: Importing Maven projects] INFO  o.e.m.c.i.e.AbstractTransferListenerAdapter - Downloading https://repo.maven.apache.org/maven2/org/sonatype/oss/oss-parent/7/oss-parent-7.pom
2026-02-09 19:48:49,544 [Worker-15: Importing Maven projects] INFO  o.e.m.c.i.e.AbstractTransferListenerAdapter - Downloaded https://repo.maven.apache.org/maven2/org/sonatype/oss/oss-parent/7/oss-parent-7.pom
2026-02-09 19:48:49,659 [Worker-15: Importing Maven projects] INFO  o.e.m.c.i.e.AbstractTransferListenerAdapter - Downloaded https://repo.spring.io/snapshot/io/projectreactor/reactor-bom/Californium-SR1/reactor-bom-Californium-SR1.pom
2026-02-09 19:48:49,784 [Worker-15: Importing Maven projects] INFO  o.e.m.c.i.e.AbstractTransferListenerAdapter - Downloaded https://repo.spring.io/milestone/io/projectreactor/reactor-bom/Californium-SR1/reactor-bom-Californium-SR1.pom
2026-02-09 19:48:49,911 [Worker-15: Importing Maven projects] INFO  o.e.m.c.i.e.AbstractTransferListenerAdapter - Downloading https://repo.maven.apache.org/maven2/io/projectreactor/reactor-bom/Californium-SR1/reactor-bom-Californium-SR1.pom
2026-02-09 19:48:49,915 [Worker-15: Importing Maven projects] INFO  o.e.m.c.i.e.AbstractTransferListenerAdapter - Downloaded https://repo.maven.apache.org/maven2/io/projectreactor/reactor-bom/Californium-SR1/reactor-bom-Californium-SR1.pom
2026-02-09 19:48:50,035 [Worker-15: Importing Maven projects] INFO  o.e.m.c.i.e.AbstractTransferListenerAdapter - Downloaded https://repo.spring.io/snapshot/org/apache/logging/log4j/log4j-bom/2.11.1/log4j-bom-2.11.1.pom
2026-02-09 19:48:50,159 [Worker-15: Importing Maven projects] INFO  o.e.m.c.i.e.AbstractTransferListenerAdapter - Downloaded https://repo.spring.io/milestone/org/apache/logging/log4j/log4j-bom/2.11.1/log4j-bom-2.11.1.pom
2026-02-09 19:48:50,286 [Worker-15: Importing Maven projects] INFO  o.e.m.c.i.e.AbstractTransferListenerAdapter - Downloading https://repo.maven.apache.org/maven2/org/apache/logging/log4j/log4j-bom/2.11.1/log4j-bom-2.11.1.pom
2026-02-09 19:48:50,291 [Worker-15: Importing Maven projects] INFO  o.e.m.c.i.e.AbstractTransferListenerAdapter - Downloaded https://repo.maven.apache.org/maven2/org/apache/logging/log4j/log4j-bom/2.11.1/log4j-bom-2.11.1.pom
2026-02-09 19:48:50,411 [Worker-15: Importing Maven projects] INFO  o.e.m.c.i.e.AbstractTransferListenerAdapter - Downloaded https://repo.spring.io/snapshot/org/apache/logging/logging-parent/1/logging-parent-1.pom
2026-02-09 19:48:50,536 [Worker-15: Importing Maven projects] INFO  o.e.m.c.i.e.AbstractTransferListenerAdapter - Downloaded https://repo.spring.io/milestone/org/apache/logging/logging-parent/1/logging-parent-1.pom
2026-02-09 19:48:50,662 [Worker-15: Importing Maven projects] INFO  o.e.m.c.i.e.AbstractTransferListenerAdapter - Downloading https://repo.maven.apache.org/maven2/org/apache/logging/logging-parent/1/logging-parent-1.pom
2026-02-09 19:48:50,680 [Worker-15: Importing Maven projects] INFO  o.e.m.c.i.e.AbstractTransferListenerAdapter - Downloaded https://repo.maven.apache.org/maven2/org/apache/logging/logging-parent/1/logging-parent-1.pom
2026-02-09 19:48:50,784 [Worker-15: Importing Maven projects] INFO  o.e.m.c.i.e.AbstractTransferListenerAdapter - Downloaded https://repo.spring.io/snapshot/org/apache/apache/18/apache-18.pom
2026-02-09 19:48:50,908 [Worker-15: Importing Maven projects] INFO  o.e.m.c.i.e.AbstractTransferListenerAdapter - Downloaded https://repo.spring.io/milestone/org/apache/apache/18/apache-18.pom
2026-02-09 19:48:51,033 [Worker-15: Importing Maven projects] INFO  o.e.m.c.i.e.AbstractTransferListenerAdapter - Downloading https://repo.maven.apache.org/maven2/org/apache/apache/18/apache-18.pom
2026-02-09 19:48:51,038 [Worker-15: Importing Maven projects] INFO  o.e.m.c.i.e.AbstractTransferListenerAdapter - Downloaded https://repo.maven.apache.org/maven2/org/apache/apache/18/apache-18.pom
2026-02-09 19:48:51,158 [Worker-15: Importing Maven projects] INFO  o.e.m.c.i.e.AbstractTransferListenerAdapter - Downloaded https://repo.spring.io/snapshot/org/eclipse/jetty/jetty-bom/9.4.12.v20180830/jetty-bom-9.4.12.v20180830.pom
2026-02-09 19:48:51,283 [Worker-15: Importing Maven projects] INFO  o.e.m.c.i.e.AbstractTransferListenerAdapter - Downloaded https://repo.spring.io/milestone/org/eclipse/jetty/jetty-bom/9.4.12.v20180830/jetty-bom-9.4.12.v20180830.pom
2026-02-09 19:48:51,355 [Worker-15: Importing Maven projects] INFO  o.e.m.c.i.e.AbstractTransferListenerAdapter - Downloading https://repo.maven.apache.org/maven2/org/eclipse/jetty/jetty-bom/9.4.12.v20180830/jetty-bom-9.4.12.v20180830.pom
2026-02-09 19:48:51,360 [Worker-15: Importing Maven projects] INFO  o.e.m.c.i.e.AbstractTransferListenerAdapter - Downloaded https://repo.maven.apache.org/maven2/org/eclipse/jetty/jetty-bom/9.4.12.v20180830/jetty-bom-9.4.12.v20180830.pom
2026-02-09 19:48:51,448 [Worker-15: Importing Maven projects] INFO  o.e.m.c.i.e.AbstractTransferListenerAdapter - Downloaded https://repo.spring.io/snapshot/org/glassfish/jersey/jersey-bom/2.27/jersey-bom-2.27.pom
2026-02-09 19:48:51,537 [Worker-15: Importing Maven projects] INFO  o.e.m.c.i.e.AbstractTransferListenerAdapter - Downloaded https://repo.spring.io/milestone/org/glassfish/jersey/jersey-bom/2.27/jersey-bom-2.27.pom
2026-02-09 19:48:51,616 [Worker-15: Importing Maven projects] INFO  o.e.m.c.i.e.AbstractTransferListenerAdapter - Downloading https://repo.maven.apache.org/maven2/org/glassfish/jersey/jersey-bom/2.27/jersey-bom-2.27.pom
2026-02-09 19:48:51,625 [Worker-15: Importing Maven projects] INFO  o.e.m.c.i.e.AbstractTransferListenerAdapter - Downloaded https://repo.maven.apache.org/maven2/org/glassfish/jersey/jersey-bom/2.27/jersey-bom-2.27.pom
2026-02-09 19:48:51,716 [Worker-15: Importing Maven projects] INFO  o.e.m.c.i.e.AbstractTransferListenerAdapter - Downloaded https://repo.spring.io/snapshot/net/java/jvnet-parent/4/jvnet-parent-4.pom
2026-02-09 19:48:51,806 [Worker-15: Importing Maven projects] INFO  o.e.m.c.i.e.AbstractTransferListenerAdapter - Downloaded https://repo.spring.io/milestone/net/java/jvnet-parent/4/jvnet-parent-4.pom
2026-02-09 19:48:51,883 [Worker-15: Importing Maven projects] INFO  o.e.m.c.i.e.AbstractTransferListenerAdapter - Downloading https://repo.maven.apache.org/maven2/net/java/jvnet-parent/4/jvnet-parent-4.pom
2026-02-09 19:48:51,889 [Worker-15: Importing Maven projects] INFO  o.e.m.c.i.e.AbstractTransferListenerAdapter - Downloaded https://repo.maven.apache.org/maven2/net/java/jvnet-parent/4/jvnet-parent-4.pom
2026-02-09 19:48:51,981 [Worker-15: Importing Maven projects] INFO  o.e.m.c.i.e.AbstractTransferListenerAdapter - Downloaded https://repo.spring.io/snapshot/org/junit/junit-bom/5.3.1/junit-bom-5.3.1.pom
2026-02-09 19:48:52,064 [Worker-15: Importing Maven projects] INFO  o.e.m.c.i.e.AbstractTransferListenerAdapter - Downloaded https://repo.spring.io/milestone/org/junit/junit-bom/5.3.1/junit-bom-5.3.1.pom
2026-02-09 19:48:52,144 [Worker-15: Importing Maven projects] INFO  o.e.m.c.i.e.AbstractTransferListenerAdapter - Downloading https://repo.maven.apache.org/maven2/org/junit/junit-bom/5.3.1/junit-bom-5.3.1.pom
2026-02-09 19:48:52,148 [Worker-15: Importing Maven projects] INFO  o.e.m.c.i.e.AbstractTransferListenerAdapter - Downloaded https://repo.maven.apache.org/maven2/org/junit/junit-bom/5.3.1/junit-bom-5.3.1.pom
2026-02-09 19:48:52,243 [Worker-15: Importing Maven projects] INFO  o.e.m.c.i.e.AbstractTransferListenerAdapter - Downloaded https://repo.spring.io/snapshot/org/springframework/spring-framework-bom/5.1.1.RELEASE/spring-framework-bom-5.1.1.RELEASE.pom
2026-02-09 19:48:52,335 [Worker-15: Importing Maven projects] INFO  o.e.m.c.i.e.AbstractTransferListenerAdapter - Downloaded https://repo.spring.io/milestone/org/springframework/spring-framework-bom/5.1.1.RELEASE/spring-framework-bom-5.1.1.RELEASE.pom
2026-02-09 19:48:52,452 [Worker-15: Importing Maven projects] INFO  o.e.m.c.i.e.AbstractTransferListenerAdapter - Downloading https://repo.maven.apache.org/maven2/org/springframework/spring-framework-bom/5.1.1.RELEASE/spring-framework-bom-5.1.1.RELEASE.pom
2026-02-09 19:48:52,459 [Worker-15: Importing Maven projects] INFO  o.e.m.c.i.e.AbstractTransferListenerAdapter - Downloaded https://repo.maven.apache.org/maven2/org/springframework/spring-framework-bom/5.1.1.RELEASE/spring-framework-bom-5.1.1.RELEASE.pom
2026-02-09 19:48:52,553 [Worker-15: Importing Maven projects] INFO  o.e.m.c.i.e.AbstractTransferListenerAdapter - Downloaded https://repo.spring.io/snapshot/org/springframework/data/spring-data-releasetrain/Lovelace-SR1/spring-data-releasetrain-Lovelace-SR1.pom
2026-02-09 19:48:52,646 [Worker-15: Importing Maven projects] INFO  o.e.m.c.i.e.AbstractTransferListenerAdapter - Downloaded https://repo.spring.io/milestone/org/springframework/data/spring-data-releasetrain/Lovelace-SR1/spring-data-releasetrain-Lovelace-SR1.pom
2026-02-09 19:48:52,770 [Worker-15: Importing Maven projects] INFO  o.e.m.c.i.e.AbstractTransferListenerAdapter - Downloading https://repo.maven.apache.org/maven2/org/springframework/data/spring-data-releasetrain/Lovelace-SR1/spring-data-releasetrain-Lovelace-SR1.pom
2026-02-09 19:48:52,775 [Worker-15: Importing Maven projects] INFO  o.e.m.c.i.e.AbstractTransferListenerAdapter - Downloaded https://repo.maven.apache.org/maven2/org/springframework/data/spring-data-releasetrain/Lovelace-SR1/spring-data-releasetrain-Lovelace-SR1.pom
2026-02-09 19:48:52,862 [Worker-15: Importing Maven projects] INFO  o.e.m.c.i.e.AbstractTransferListenerAdapter - Downloaded https://repo.spring.io/snapshot/org/springframework/data/build/spring-data-build/2.1.1.RELEASE/spring-data-build-2.1.1.RELEASE.pom
2026-02-09 19:48:52,949 [Worker-15: Importing Maven projects] INFO  o.e.m.c.i.e.AbstractTransferListenerAdapter - Downloaded https://repo.spring.io/milestone/org/springframework/data/build/spring-data-build/2.1.1.RELEASE/spring-data-build-2.1.1.RELEASE.pom
2026-02-09 19:48:53,166 [Worker-15: Importing Maven projects] INFO  o.e.m.c.i.e.AbstractTransferListenerAdapter - Downloading https://repo.maven.apache.org/maven2/org/springframework/data/build/spring-data-build/2.1.1.RELEASE/spring-data-build-2.1.1.RELEASE.pom
2026-02-09 19:48:53,171 [Worker-15: Importing Maven projects] INFO  o.e.m.c.i.e.AbstractTransferListenerAdapter - Downloaded https://repo.maven.apache.org/maven2/org/springframework/data/build/spring-data-build/2.1.1.RELEASE/spring-data-build-2.1.1.RELEASE.pom
2026-02-09 19:48:53,260 [Worker-15: Importing Maven projects] INFO  o.e.m.c.i.e.AbstractTransferListenerAdapter - Downloaded https://repo.spring.io/snapshot/org/springframework/integration/spring-integration-bom/5.1.0.RC2/spring-integration-bom-5.1.0.RC2.pom
2026-02-09 19:48:53,354 [Worker-15: Importing Maven projects] INFO  o.e.m.c.i.e.AbstractTransferListenerAdapter - Downloading https://repo.spring.io/milestone/org/springframework/integration/spring-integration-bom/5.1.0.RC2/spring-integration-bom-5.1.0.RC2.pom
2026-02-09 19:48:53,359 [Worker-15: Importing Maven projects] INFO  o.e.m.c.i.e.AbstractTransferListenerAdapter - Downloaded https://repo.spring.io/milestone/org/springframework/integration/spring-integration-bom/5.1.0.RC2/spring-integration-bom-5.1.0.RC2.pom
2026-02-09 19:48:53,448 [Worker-15: Importing Maven projects] INFO  o.e.m.c.i.e.AbstractTransferListenerAdapter - Downloaded https://repo.spring.io/snapshot/org/springframework/security/spring-security-bom/5.1.1.RELEASE/spring-security-bom-5.1.1.RELEASE.pom
2026-02-09 19:48:53,541 [Worker-15: Importing Maven projects] INFO  o.e.m.c.i.e.AbstractTransferListenerAdapter - Downloaded https://repo.spring.io/milestone/org/springframework/security/spring-security-bom/5.1.1.RELEASE/spring-security-bom-5.1.1.RELEASE.pom
2026-02-09 19:48:53,623 [Worker-15: Importing Maven projects] INFO  o.e.m.c.i.e.AbstractTransferListenerAdapter - Downloading https://repo.maven.apache.org/maven2/org/springframework/security/spring-security-bom/5.1.1.RELEASE/spring-security-bom-5.1.1.RELEASE.pom
2026-02-09 19:48:53,630 [Worker-15: Importing Maven projects] INFO  o.e.m.c.i.e.AbstractTransferListenerAdapter - Downloaded https://repo.maven.apache.org/maven2/org/springframework/security/spring-security-bom/5.1.1.RELEASE/spring-security-bom-5.1.1.RELEASE.pom
2026-02-09 19:48:53,717 [Worker-15: Importing Maven projects] INFO  o.e.m.c.i.e.AbstractTransferListenerAdapter - Downloaded https://repo.spring.io/snapshot/org/springframework/session/spring-session-bom/Bean-RC1/spring-session-bom-Bean-RC1.pom
2026-02-09 19:48:53,810 [Worker-15: Importing Maven projects] INFO  o.e.m.c.i.e.AbstractTransferListenerAdapter - Downloading https://repo.spring.io/milestone/org/springframework/session/spring-session-bom/Bean-RC1/spring-session-bom-Bean-RC1.pom
2026-02-09 19:48:53,819 [Worker-15: Importing Maven projects] INFO  o.e.m.c.i.e.AbstractTransferListenerAdapter - Downloaded https://repo.spring.io/milestone/org/springframework/session/spring-session-bom/Bean-RC1/spring-session-bom-Bean-RC1.pom
2026-02-09 19:48:54,245 [Worker-15: Importing Maven projects] INFO  o.e.m.c.i.e.AbstractTransferListenerAdapter - Downloaded https://repo.spring.io/snapshot/org/springframework/boot/spring-boot-maven-plugin/2.1.0.RC1/spring-boot-maven-plugin-2.1.0.RC1.pom
2026-02-09 19:48:54,337 [Worker-15: Importing Maven projects] INFO  o.e.m.c.i.e.AbstractTransferListenerAdapter - Downloading https://repo.spring.io/milestone/org/springframework/boot/spring-boot-maven-plugin/2.1.0.RC1/spring-boot-maven-plugin-2.1.0.RC1.pom
2026-02-09 19:48:54,344 [Worker-15: Importing Maven projects] INFO  o.e.m.c.i.e.AbstractTransferListenerAdapter - Downloaded https://repo.spring.io/milestone/org/springframework/boot/spring-boot-maven-plugin/2.1.0.RC1/spring-boot-maven-plugin-2.1.0.RC1.pom
2026-02-09 19:48:54,434 [Worker-15: Importing Maven projects] INFO  o.e.m.c.i.e.AbstractTransferListenerAdapter - Downloaded https://repo.spring.io/snapshot/org/springframework/boot/spring-boot-tools/2.1.0.RC1/spring-boot-tools-2.1.0.RC1.pom
2026-02-09 19:48:54,530 [Worker-15: Importing Maven projects] INFO  o.e.m.c.i.e.AbstractTransferListenerAdapter - Downloading https://repo.spring.io/milestone/org/springframework/boot/spring-boot-tools/2.1.0.RC1/spring-boot-tools-2.1.0.RC1.pom
2026-02-09 19:48:54,536 [Worker-15: Importing Maven projects] INFO  o.e.m.c.i.e.AbstractTransferListenerAdapter - Downloaded https://repo.spring.io/milestone/org/springframework/boot/spring-boot-tools/2.1.0.RC1/spring-boot-tools-2.1.0.RC1.pom
2026-02-09 19:48:54,623 [Worker-15: Importing Maven projects] INFO  o.e.m.c.i.e.AbstractTransferListenerAdapter - Downloaded https://repo.spring.io/snapshot/org/springframework/boot/spring-boot-parent/2.1.0.RC1/spring-boot-parent-2.1.0.RC1.pom
2026-02-09 19:48:54,714 [Worker-15: Importing Maven projects] INFO  o.e.m.c.i.e.AbstractTransferListenerAdapter - Downloading https://repo.spring.io/milestone/org/springframework/boot/spring-boot-parent/2.1.0.RC1/spring-boot-parent-2.1.0.RC1.pom
2026-02-09 19:48:54,720 [Worker-15: Importing Maven projects] INFO  o.e.m.c.i.e.AbstractTransferListenerAdapter - Downloaded https://repo.spring.io/milestone/org/springframework/boot/spring-boot-parent/2.1.0.RC1/spring-boot-parent-2.1.0.RC1.pom
2026-02-09 19:48:54,870 [Worker-15: Importing Maven projects] INFO  o.e.m.c.i.e.AbstractTransferListenerAdapter - Downloaded https://repo.spring.io/snapshot/org/springframework/boot/spring-boot-maven-plugin/2.1.0.RC1/spring-boot-maven-plugin-2.1.0.RC1.jar
2026-02-09 19:48:54,964 [Worker-15: Importing Maven projects] INFO  o.e.m.c.i.e.AbstractTransferListenerAdapter - Downloading https://repo.spring.io/milestone/org/springframework/boot/spring-boot-maven-plugin/2.1.0.RC1/spring-boot-maven-plugin-2.1.0.RC1.jar
2026-02-09 19:48:55,150 [Worker-15: Importing Maven projects] INFO  o.e.m.c.i.e.AbstractTransferListenerAdapter - Downloaded https://repo.spring.io/milestone/org/springframework/boot/spring-boot-maven-plugin/2.1.0.RC1/spring-boot-maven-plugin-2.1.0.RC1.jar
2026-02-09 19:48:55,301 [Worker-15: Importing Maven projects] INFO  o.e.m.c.i.e.AbstractTransferListenerAdapter - Downloaded https://repo.spring.io/snapshot/org/apache/maven/plugins/maven-clean-plugin/3.1.0/maven-clean-plugin-3.1.0.jar
2026-02-09 19:48:55,382 [Worker-15: Importing Maven projects] INFO  o.e.m.c.i.e.AbstractTransferListenerAdapter - Downloaded https://repo.spring.io/milestone/org/apache/maven/plugins/maven-clean-plugin/3.1.0/maven-clean-plugin-3.1.0.jar
2026-02-09 19:48:55,466 [Worker-15: Importing Maven projects] INFO  o.e.m.c.i.e.AbstractTransferListenerAdapter - Downloading https://repo.maven.apache.org/maven2/org/apache/maven/plugins/maven-clean-plugin/3.1.0/maven-clean-plugin-3.1.0.jar
2026-02-09 19:48:55,483 [Worker-15: Importing Maven projects] INFO  o.e.m.c.i.e.AbstractTransferListenerAdapter - Downloaded https://repo.maven.apache.org/maven2/org/apache/maven/plugins/maven-clean-plugin/3.1.0/maven-clean-plugin-3.1.0.jar
2026-02-09 19:48:55,569 [Worker-15: Importing Maven projects] INFO  o.e.m.c.i.e.AbstractTransferListenerAdapter - Downloaded https://repo.spring.io/snapshot/org/apache/maven/plugins/maven-resources-plugin/3.1.0/maven-resources-plugin-3.1.0.jar
2026-02-09 19:48:55,660 [Worker-15: Importing Maven projects] INFO  o.e.m.c.i.e.AbstractTransferListenerAdapter - Downloaded https://repo.spring.io/milestone/org/apache/maven/plugins/maven-resources-plugin/3.1.0/maven-resources-plugin-3.1.0.jar
2026-02-09 19:48:55,805 [Worker-15: Importing Maven projects] INFO  o.e.m.c.i.e.AbstractTransferListenerAdapter - Downloading https://repo.maven.apache.org/maven2/org/apache/maven/plugins/maven-resources-plugin/3.1.0/maven-resources-plugin-3.1.0.jar
2026-02-09 19:48:55,811 [Worker-15: Importing Maven projects] INFO  o.e.m.c.i.e.AbstractTransferListenerAdapter - Downloaded https://repo.maven.apache.org/maven2/org/apache/maven/plugins/maven-resources-plugin/3.1.0/maven-resources-plugin-3.1.0.jar
2026-02-09 19:48:55,901 [Worker-15: Importing Maven projects] INFO  o.e.m.c.i.e.AbstractTransferListenerAdapter - Downloaded https://repo.spring.io/snapshot/org/apache/maven/plugins/maven-compiler-plugin/3.8.0/maven-compiler-plugin-3.8.0.jar
2026-02-09 19:48:55,990 [Worker-15: Importing Maven projects] INFO  o.e.m.c.i.e.AbstractTransferListenerAdapter - Downloaded https://repo.spring.io/milestone/org/apache/maven/plugins/maven-compiler-plugin/3.8.0/maven-compiler-plugin-3.8.0.jar
2026-02-09 19:48:56,084 [Worker-15: Importing Maven projects] INFO  o.e.m.c.i.e.AbstractTransferListenerAdapter - Downloading https://repo.maven.apache.org/maven2/org/apache/maven/plugins/maven-compiler-plugin/3.8.0/maven-compiler-plugin-3.8.0.jar
2026-02-09 19:48:56,164 [Worker-15: Importing Maven projects] INFO  o.e.m.c.i.e.AbstractTransferListenerAdapter - Downloaded https://repo.maven.apache.org/maven2/org/apache/maven/plugins/maven-compiler-plugin/3.8.0/maven-compiler-plugin-3.8.0.jar
2026-02-09 19:48:56,268 [Worker-15: Importing Maven projects] INFO  o.e.m.c.i.e.AbstractTransferListenerAdapter - Downloaded https://repo.spring.io/snapshot/org/apache/maven/plugins/maven-surefire-plugin/2.22.1/maven-surefire-plugin-2.22.1.jar
2026-02-09 19:48:56,366 [Worker-15: Importing Maven projects] INFO  o.e.m.c.i.e.AbstractTransferListenerAdapter - Downloaded https://repo.spring.io/milestone/org/apache/maven/plugins/maven-surefire-plugin/2.22.1/maven-surefire-plugin-2.22.1.jar
2026-02-09 19:48:56,454 [Worker-15: Importing Maven projects] INFO  o.e.m.c.i.e.AbstractTransferListenerAdapter - Downloading https://repo.maven.apache.org/maven2/org/apache/maven/plugins/maven-surefire-plugin/2.22.1/maven-surefire-plugin-2.22.1.jar
2026-02-09 19:48:56,490 [Worker-15: Importing Maven projects] INFO  o.e.m.c.i.e.AbstractTransferListenerAdapter - Downloaded https://repo.maven.apache.org/maven2/org/apache/maven/plugins/maven-surefire-plugin/2.22.1/maven-surefire-plugin-2.22.1.jar
2026-02-09 19:48:56,582 [Worker-15: Importing Maven projects] INFO  o.e.m.c.i.e.AbstractTransferListenerAdapter - Downloaded https://repo.spring.io/snapshot/org/apache/maven/plugins/maven-jar-plugin/3.1.0/maven-jar-plugin-3.1.0.jar
2026-02-09 19:48:56,674 [Worker-15: Importing Maven projects] INFO  o.e.m.c.i.e.AbstractTransferListenerAdapter - Downloaded https://repo.spring.io/milestone/org/apache/maven/plugins/maven-jar-plugin/3.1.0/maven-jar-plugin-3.1.0.jar
2026-02-09 19:48:56,815 [Worker-15: Importing Maven projects] INFO  o.e.m.c.i.e.AbstractTransferListenerAdapter - Downloading https://repo.maven.apache.org/maven2/org/apache/maven/plugins/maven-jar-plugin/3.1.0/maven-jar-plugin-3.1.0.jar
2026-02-09 19:48:56,829 [Worker-15: Importing Maven projects] INFO  o.e.m.c.i.e.AbstractTransferListenerAdapter - Downloaded https://repo.maven.apache.org/maven2/org/apache/maven/plugins/maven-jar-plugin/3.1.0/maven-jar-plugin-3.1.0.jar
2026-02-09 19:48:56,926 [Worker-15: Importing Maven projects] INFO  o.e.m.c.i.e.AbstractTransferListenerAdapter - Downloaded https://repo.spring.io/snapshot/org/apache/maven/plugins/maven-install-plugin/2.5.2/maven-install-plugin-2.5.2.jar
2026-02-09 19:48:57,013 [Worker-15: Importing Maven projects] INFO  o.e.m.c.i.e.AbstractTransferListenerAdapter - Downloaded https://repo.spring.io/milestone/org/apache/maven/plugins/maven-install-plugin/2.5.2/maven-install-plugin-2.5.2.jar
2026-02-09 19:48:57,115 [Worker-15: Importing Maven projects] INFO  o.e.m.c.i.e.AbstractTransferListenerAdapter - Downloading https://repo.maven.apache.org/maven2/org/apache/maven/plugins/maven-install-plugin/2.5.2/maven-install-plugin-2.5.2.jar
2026-02-09 19:48:57,185 [Worker-15: Importing Maven projects] INFO  o.e.m.c.i.e.AbstractTransferListenerAdapter - Downloaded https://repo.maven.apache.org/maven2/org/apache/maven/plugins/maven-install-plugin/2.5.2/maven-install-plugin-2.5.2.jar
2026-02-09 19:48:57,275 [Worker-15: Importing Maven projects] INFO  o.e.m.c.i.e.AbstractTransferListenerAdapter - Downloaded https://repo.spring.io/snapshot/org/apache/maven/plugins/maven-deploy-plugin/2.8.2/maven-deploy-plugin-2.8.2.jar
2026-02-09 19:48:57,360 [Worker-15: Importing Maven projects] INFO  o.e.m.c.i.e.AbstractTransferListenerAdapter - Downloaded https://repo.spring.io/milestone/org/apache/maven/plugins/maven-deploy-plugin/2.8.2/maven-deploy-plugin-2.8.2.jar
2026-02-09 19:48:57,468 [Worker-15: Importing Maven projects] INFO  o.e.m.c.i.e.AbstractTransferListenerAdapter - Downloading https://repo.maven.apache.org/maven2/org/apache/maven/plugins/maven-deploy-plugin/2.8.2/maven-deploy-plugin-2.8.2.jar
2026-02-09 19:48:57,598 [Worker-15: Importing Maven projects] INFO  o.e.m.c.i.e.AbstractTransferListenerAdapter - Downloaded https://repo.maven.apache.org/maven2/org/apache/maven/plugins/maven-deploy-plugin/2.8.2/maven-deploy-plugin-2.8.2.jar
2026-02-09 19:48:57,685 [Worker-15: Importing Maven projects] INFO  o.e.m.c.i.e.AbstractTransferListenerAdapter - Downloaded https://repo.spring.io/snapshot/org/apache/maven/plugins/maven-site-plugin/3.7.1/maven-site-plugin-3.7.1.jar
2026-02-09 19:48:57,779 [Worker-15: Importing Maven projects] INFO  o.e.m.c.i.e.AbstractTransferListenerAdapter - Downloaded https://repo.spring.io/milestone/org/apache/maven/plugins/maven-site-plugin/3.7.1/maven-site-plugin-3.7.1.jar
2026-02-09 19:48:57,870 [Worker-15: Importing Maven projects] INFO  o.e.m.c.i.e.AbstractTransferListenerAdapter - Downloading https://repo.maven.apache.org/maven2/org/apache/maven/plugins/maven-site-plugin/3.7.1/maven-site-plugin-3.7.1.jar
2026-02-09 19:48:57,967 [Worker-15: Importing Maven projects] INFO  o.e.m.c.i.e.AbstractTransferListenerAdapter - Downloaded https://repo.maven.apache.org/maven2/org/apache/maven/plugins/maven-site-plugin/3.7.1/maven-site-plugin-3.7.1.jar
2026-02-09 19:48:58,066 [Worker-15: Importing Maven projects] INFO  o.e.m.c.i.e.AbstractTransferListenerAdapter - Downloaded https://repo.spring.io/snapshot/org/apache/maven/plugins/maven-compiler-plugin/3.8.0/maven-compiler-plugin-3.8.0.pom
2026-02-09 19:48:58,150 [Worker-15: Importing Maven projects] INFO  o.e.m.c.i.e.AbstractTransferListenerAdapter - Downloaded https://repo.spring.io/milestone/org/apache/maven/plugins/maven-compiler-plugin/3.8.0/maven-compiler-plugin-3.8.0.pom
2026-02-09 19:48:58,233 [Worker-15: Importing Maven projects] INFO  o.e.m.c.i.e.AbstractTransferListenerAdapter - Downloading https://repo.maven.apache.org/maven2/org/apache/maven/plugins/maven-compiler-plugin/3.8.0/maven-compiler-plugin-3.8.0.pom
2026-02-09 19:48:58,238 [Worker-15: Importing Maven projects] INFO  o.e.m.c.i.e.AbstractTransferListenerAdapter - Downloaded https://repo.maven.apache.org/maven2/org/apache/maven/plugins/maven-compiler-plugin/3.8.0/maven-compiler-plugin-3.8.0.pom
2026-02-09 19:48:58,330 [Worker-15: Importing Maven projects] INFO  o.e.m.c.i.e.AbstractTransferListenerAdapter - Downloaded https://repo.spring.io/snapshot/org/apache/maven/plugins/maven-plugins/32/maven-plugins-32.pom
2026-02-09 19:48:58,416 [Worker-15: Importing Maven projects] INFO  o.e.m.c.i.e.AbstractTransferListenerAdapter - Downloaded https://repo.spring.io/milestone/org/apache/maven/plugins/maven-plugins/32/maven-plugins-32.pom
2026-02-09 19:48:58,494 [Worker-15: Importing Maven projects] INFO  o.e.m.c.i.e.AbstractTransferListenerAdapter - Downloading https://repo.maven.apache.org/maven2/org/apache/maven/plugins/maven-plugins/32/maven-plugins-32.pom
2026-02-09 19:48:58,515 [Worker-15: Importing Maven projects] INFO  o.e.m.c.i.e.AbstractTransferListenerAdapter - Downloaded https://repo.maven.apache.org/maven2/org/apache/maven/plugins/maven-plugins/32/maven-plugins-32.pom
2026-02-09 19:48:58,605 [Worker-15: Importing Maven projects] INFO  o.e.m.c.i.e.AbstractTransferListenerAdapter - Downloaded https://repo.spring.io/snapshot/org/apache/maven/maven-parent/32/maven-parent-32.pom
2026-02-09 19:48:58,690 [Worker-15: Importing Maven projects] INFO  o.e.m.c.i.e.AbstractTransferListenerAdapter - Downloaded https://repo.spring.io/milestone/org/apache/maven/maven-parent/32/maven-parent-32.pom
2026-02-09 19:48:58,774 [Worker-15: Importing Maven projects] INFO  o.e.m.c.i.e.AbstractTransferListenerAdapter - Downloading https://repo.maven.apache.org/maven2/org/apache/maven/maven-parent/32/maven-parent-32.pom
2026-02-09 19:48:58,780 [Worker-15: Importing Maven projects] INFO  o.e.m.c.i.e.AbstractTransferListenerAdapter - Downloaded https://repo.maven.apache.org/maven2/org/apache/maven/maven-parent/32/maven-parent-32.pom
2026-02-09 19:48:58,865 [Worker-15: Importing Maven projects] INFO  o.e.m.c.i.e.AbstractTransferListenerAdapter - Downloaded https://repo.spring.io/snapshot/org/apache/apache/20/apache-20.pom
2026-02-09 19:48:58,954 [Worker-15: Importing Maven projects] INFO  o.e.m.c.i.e.AbstractTransferListenerAdapter - Downloaded https://repo.spring.io/milestone/org/apache/apache/20/apache-20.pom
2026-02-09 19:48:59,041 [Worker-15: Importing Maven projects] INFO  o.e.m.c.i.e.AbstractTransferListenerAdapter - Downloading https://repo.maven.apache.org/maven2/org/apache/apache/20/apache-20.pom
2026-02-09 19:48:59,049 [Worker-15: Importing Maven projects] INFO  o.e.m.c.i.e.AbstractTransferListenerAdapter - Downloaded https://repo.maven.apache.org/maven2/org/apache/apache/20/apache-20.pom
2026-02-09 19:48:59,166 [Worker-15: Importing Maven projects] INFO  o.e.m.c.i.e.AbstractTransferListenerAdapter - Downloaded https://repo.spring.io/snapshot/org/apache/maven/maven-plugin-api/3.0/maven-plugin-api-3.0.pom
2026-02-09 19:48:59,251 [Worker-15: Importing Maven projects] INFO  o.e.m.c.i.e.AbstractTransferListenerAdapter - Downloaded https://repo.spring.io/milestone/org/apache/maven/maven-plugin-api/3.0/maven-plugin-api-3.0.pom
2026-02-09 19:48:59,348 [Worker-15: Importing Maven projects] INFO  o.e.m.c.i.e.AbstractTransferListenerAdapter - Downloading https://repo.maven.apache.org/maven2/org/apache/maven/maven-plugin-api/3.0/maven-plugin-api-3.0.pom
2026-02-09 19:48:59,352 [Worker-15: Importing Maven projects] INFO  o.e.m.c.i.e.AbstractTransferListenerAdapter - Downloaded https://repo.maven.apache.org/maven2/org/apache/maven/maven-plugin-api/3.0/maven-plugin-api-3.0.pom
2026-02-09 19:48:59,449 [Worker-15: Importing Maven projects] INFO  o.e.m.c.i.e.AbstractTransferListenerAdapter - Downloaded https://repo.spring.io/snapshot/org/apache/maven/maven/3.0/maven-3.0.pom
2026-02-09 19:48:59,540 [Worker-15: Importing Maven projects] INFO  o.e.m.c.i.e.AbstractTransferListenerAdapter - Downloaded https://repo.spring.io/milestone/org/apache/maven/maven/3.0/maven-3.0.pom
2026-02-09 19:48:59,631 [Worker-15: Importing Maven projects] INFO  o.e.m.c.i.e.AbstractTransferListenerAdapter - Downloading https://repo.maven.apache.org/maven2/org/apache/maven/maven/3.0/maven-3.0.pom
2026-02-09 19:48:59,638 [Worker-15: Importing Maven projects] INFO  o.e.m.c.i.e.AbstractTransferListenerAdapter - Downloaded https://repo.maven.apache.org/maven2/org/apache/maven/maven/3.0/maven-3.0.pom
2026-02-09 19:48:59,726 [Worker-15: Importing Maven projects] INFO  o.e.m.c.i.e.AbstractTransferListenerAdapter - Downloaded https://repo.spring.io/snapshot/org/apache/maven/maven-parent/15/maven-parent-15.pom
2026-02-09 19:48:59,811 [Worker-15: Importing Maven projects] INFO  o.e.m.c.i.e.AbstractTransferListenerAdapter - Downloaded https://repo.spring.io/milestone/org/apache/maven/maven-parent/15/maven-parent-15.pom
2026-02-09 19:48:59,898 [Worker-15: Importing Maven projects] INFO  o.e.m.c.i.e.AbstractTransferListenerAdapter - Downloading https://repo.maven.apache.org/maven2/org/apache/maven/maven-parent/15/maven-parent-15.pom
2026-02-09 19:48:59,902 [Worker-15: Importing Maven projects] INFO  o.e.m.c.i.e.AbstractTransferListenerAdapter - Downloaded https://repo.maven.apache.org/maven2/org/apache/maven/maven-parent/15/maven-parent-15.pom
2026-02-09 19:48:59,989 [Worker-15: Importing Maven projects] INFO  o.e.m.c.i.e.AbstractTransferListenerAdapter - Downloaded https://repo.spring.io/snapshot/org/apache/apache/6/apache-6.pom
2026-02-09 19:49:00,076 [Worker-15: Importing Maven projects] INFO  o.e.m.c.i.e.AbstractTransferListenerAdapter - Downloaded https://repo.spring.io/milestone/org/apache/apache/6/apache-6.pom
2026-02-09 19:49:00,170 [Worker-15: Importing Maven projects] INFO  o.e.m.c.i.e.AbstractTransferListenerAdapter - Downloading https://repo.maven.apache.org/maven2/org/apache/apache/6/apache-6.pom
2026-02-09 19:49:00,174 [Worker-15: Importing Maven projects] INFO  o.e.m.c.i.e.AbstractTransferListenerAdapter - Downloaded https://repo.maven.apache.org/maven2/org/apache/apache/6/apache-6.pom
2026-02-09 19:49:00,262 [Worker-15: Importing Maven projects] INFO  o.e.m.c.i.e.AbstractTransferListenerAdapter - Downloaded https://repo.spring.io/snapshot/org/apache/maven/maven-model/3.0/maven-model-3.0.pom
2026-02-09 19:49:00,388 [Worker-15: Importing Maven projects] INFO  o.e.m.c.i.e.AbstractTransferListenerAdapter - Downloaded https://repo.spring.io/milestone/org/apache/maven/maven-model/3.0/maven-model-3.0.pom
2026-02-09 19:49:00,472 [Worker-15: Importing Maven projects] INFO  o.e.m.c.i.e.AbstractTransferListenerAdapter - Downloading https://repo.maven.apache.org/maven2/org/apache/maven/maven-model/3.0/maven-model-3.0.pom
2026-02-09 19:49:00,492 [Worker-15: Importing Maven projects] INFO  o.e.m.c.i.e.AbstractTransferListenerAdapter - Downloaded https://repo.maven.apache.org/maven2/org/apache/maven/maven-model/3.0/maven-model-3.0.pom
2026-02-09 19:49:00,588 [Worker-15: Importing Maven projects] INFO  o.e.m.c.i.e.AbstractTransferListenerAdapter - Downloaded https://repo.spring.io/snapshot/org/codehaus/plexus/plexus-utils/2.0.4/plexus-utils-2.0.4.pom
2026-02-09 19:49:00,670 [Worker-15: Importing Maven projects] INFO  o.e.m.c.i.e.AbstractTransferListenerAdapter - Downloaded https://repo.spring.io/milestone/org/codehaus/plexus/plexus-utils/2.0.4/plexus-utils-2.0.4.pom
2026-02-09 19:49:00,769 [Worker-15: Importing Maven projects] INFO  o.e.m.c.i.e.AbstractTransferListenerAdapter - Downloading https://repo.maven.apache.org/maven2/org/codehaus/plexus/plexus-utils/2.0.4/plexus-utils-2.0.4.pom
2026-02-09 19:49:00,773 [Worker-15: Importing Maven projects] INFO  o.e.m.c.i.e.AbstractTransferListenerAdapter - Downloaded https://repo.maven.apache.org/maven2/org/codehaus/plexus/plexus-utils/2.0.4/plexus-utils-2.0.4.pom
2026-02-09 19:49:00,866 [Worker-15: Importing Maven projects] INFO  o.e.m.c.i.e.AbstractTransferListenerAdapter - Downloaded https://repo.spring.io/snapshot/org/codehaus/plexus/plexus/2.0.6/plexus-2.0.6.pom
2026-02-09 19:49:00,958 [Worker-15: Importing Maven projects] INFO  o.e.m.c.i.e.AbstractTransferListenerAdapter - Downloaded https://repo.spring.io/milestone/org/codehaus/plexus/plexus/2.0.6/plexus-2.0.6.pom
2026-02-09 19:49:01,046 [Worker-15: Importing Maven projects] INFO  o.e.m.c.i.e.AbstractTransferListenerAdapter - Downloading https://repo.maven.apache.org/maven2/org/codehaus/plexus/plexus/2.0.6/plexus-2.0.6.pom
2026-02-09 19:49:01,051 [Worker-15: Importing Maven projects] INFO  o.e.m.c.i.e.AbstractTransferListenerAdapter - Downloaded https://repo.maven.apache.org/maven2/org/codehaus/plexus/plexus/2.0.6/plexus-2.0.6.pom
2026-02-09 19:49:01,139 [Worker-15: Importing Maven projects] INFO  o.e.m.c.i.e.AbstractTransferListenerAdapter - Downloaded https://repo.spring.io/snapshot/org/apache/maven/maven-artifact/3.0/maven-artifact-3.0.pom
2026-02-09 19:49:01,223 [Worker-15: Importing Maven projects] INFO  o.e.m.c.i.e.AbstractTransferListenerAdapter - Downloaded https://repo.spring.io/milestone/org/apache/maven/maven-artifact/3.0/maven-artifact-3.0.pom
2026-02-09 19:49:01,305 [Worker-15: Importing Maven projects] INFO  o.e.m.c.i.e.AbstractTransferListenerAdapter - Downloading https://repo.maven.apache.org/maven2/org/apache/maven/maven-artifact/3.0/maven-artifact-3.0.pom
2026-02-09 19:49:01,310 [Worker-15: Importing Maven projects] INFO  o.e.m.c.i.e.AbstractTransferListenerAdapter - Downloaded https://repo.maven.apache.org/maven2/org/apache/maven/maven-artifact/3.0/maven-artifact-3.0.pom
2026-02-09 19:49:01,408 [Worker-15: Importing Maven projects] INFO  o.e.m.c.i.e.AbstractTransferListenerAdapter - Downloaded https://repo.spring.io/snapshot/org/sonatype/sisu/sisu-inject-plexus/1.4.2/sisu-inject-plexus-1.4.2.pom
2026-02-09 19:49:01,495 [Worker-15: Importing Maven projects] INFO  o.e.m.c.i.e.AbstractTransferListenerAdapter - Downloaded https://repo.spring.io/milestone/org/sonatype/sisu/sisu-inject-plexus/1.4.2/sisu-inject-plexus-1.4.2.pom
2026-02-09 19:49:01,600 [Worker-15: Importing Maven projects] INFO  o.e.m.c.i.e.AbstractTransferListenerAdapter - Downloading https://repo.maven.apache.org/maven2/org/sonatype/sisu/sisu-inject-plexus/1.4.2/sisu-inject-plexus-1.4.2.pom
2026-02-09 19:49:01,605 [Worker-15: Importing Maven projects] INFO  o.e.m.c.i.e.AbstractTransferListenerAdapter - Downloaded https://repo.maven.apache.org/maven2/org/sonatype/sisu/sisu-inject-plexus/1.4.2/sisu-inject-plexus-1.4.2.pom
2026-02-09 19:49:01,711 [Worker-15: Importing Maven projects] INFO  o.e.m.c.i.e.AbstractTransferListenerAdapter - Downloaded https://repo.spring.io/snapshot/org/sonatype/sisu/inject/guice-plexus/1.4.2/guice-plexus-1.4.2.pom
2026-02-09 19:49:01,797 [Worker-15: Importing Maven projects] INFO  o.e.m.c.i.e.AbstractTransferListenerAdapter - Downloaded https://repo.spring.io/milestone/org/sonatype/sisu/inject/guice-plexus/1.4.2/guice-plexus-1.4.2.pom
2026-02-09 19:49:01,880 [Worker-15: Importing Maven projects] INFO  o.e.m.c.i.e.AbstractTransferListenerAdapter - Downloading https://repo.maven.apache.org/maven2/org/sonatype/sisu/inject/guice-plexus/1.4.2/guice-plexus-1.4.2.pom
2026-02-09 19:49:01,887 [Worker-15: Importing Maven projects] INFO  o.e.m.c.i.e.AbstractTransferListenerAdapter - Downloaded https://repo.maven.apache.org/maven2/org/sonatype/sisu/inject/guice-plexus/1.4.2/guice-plexus-1.4.2.pom
2026-02-09 19:49:01,976 [Worker-15: Importing Maven projects] INFO  o.e.m.c.i.e.AbstractTransferListenerAdapter - Downloaded https://repo.spring.io/snapshot/org/sonatype/sisu/inject/guice-bean/1.4.2/guice-bean-1.4.2.pom
2026-02-09 19:49:02,063 [Worker-15: Importing Maven projects] INFO  o.e.m.c.i.e.AbstractTransferListenerAdapter - Downloaded https://repo.spring.io/milestone/org/sonatype/sisu/inject/guice-bean/1.4.2/guice-bean-1.4.2.pom
2026-02-09 19:49:02,160 [Worker-15: Importing Maven projects] INFO  o.e.m.c.i.e.AbstractTransferListenerAdapter - Downloading https://repo.maven.apache.org/maven2/org/sonatype/sisu/inject/guice-bean/1.4.2/guice-bean-1.4.2.pom
2026-02-09 19:49:02,165 [Worker-15: Importing Maven projects] INFO  o.e.m.c.i.e.AbstractTransferListenerAdapter - Downloaded https://repo.maven.apache.org/maven2/org/sonatype/sisu/inject/guice-bean/1.4.2/guice-bean-1.4.2.pom
2026-02-09 19:49:02,251 [Worker-15: Importing Maven projects] INFO  o.e.m.c.i.e.AbstractTransferListenerAdapter - Downloaded https://repo.spring.io/snapshot/org/sonatype/sisu/sisu-inject/1.4.2/sisu-inject-1.4.2.pom
2026-02-09 19:49:02,336 [Worker-15: Importing Maven projects] INFO  o.e.m.c.i.e.AbstractTransferListenerAdapter - Downloaded https://repo.spring.io/milestone/org/sonatype/sisu/sisu-inject/1.4.2/sisu-inject-1.4.2.pom
2026-02-09 19:49:02,410 [Worker-15: Importing Maven projects] INFO  o.e.m.c.i.e.AbstractTransferListenerAdapter - Downloading https://repo.maven.apache.org/maven2/org/sonatype/sisu/sisu-inject/1.4.2/sisu-inject-1.4.2.pom
2026-02-09 19:49:02,415 [Worker-15: Importing Maven projects] INFO  o.e.m.c.i.e.AbstractTransferListenerAdapter - Downloaded https://repo.maven.apache.org/maven2/org/sonatype/sisu/sisu-inject/1.4.2/sisu-inject-1.4.2.pom
2026-02-09 19:49:02,502 [Worker-15: Importing Maven projects] INFO  o.e.m.c.i.e.AbstractTransferListenerAdapter - Downloaded https://repo.spring.io/snapshot/org/sonatype/sisu/sisu-parent/1.4.2/sisu-parent-1.4.2.pom
2026-02-09 19:49:02,591 [Worker-15: Importing Maven projects] INFO  o.e.m.c.i.e.AbstractTransferListenerAdapter - Downloaded https://repo.spring.io/milestone/org/sonatype/sisu/sisu-parent/1.4.2/sisu-parent-1.4.2.pom
2026-02-09 19:49:02,684 [Worker-15: Importing Maven projects] INFO  o.e.m.c.i.e.AbstractTransferListenerAdapter - Downloading https://repo.maven.apache.org/maven2/org/sonatype/sisu/sisu-parent/1.4.2/sisu-parent-1.4.2.pom
2026-02-09 19:49:02,688 [Worker-15: Importing Maven projects] INFO  o.e.m.c.i.e.AbstractTransferListenerAdapter - Downloaded https://repo.maven.apache.org/maven2/org/sonatype/sisu/sisu-parent/1.4.2/sisu-parent-1.4.2.pom
2026-02-09 19:49:02,779 [Worker-15: Importing Maven projects] INFO  o.e.m.c.i.e.AbstractTransferListenerAdapter - Downloaded https://repo.spring.io/snapshot/org/sonatype/forge/forge-parent/6/forge-parent-6.pom
2026-02-09 19:49:02,867 [Worker-15: Importing Maven projects] INFO  o.e.m.c.i.e.AbstractTransferListenerAdapter - Downloaded https://repo.spring.io/milestone/org/sonatype/forge/forge-parent/6/forge-parent-6.pom
2026-02-09 19:49:02,948 [Worker-15: Importing Maven projects] INFO  o.e.m.c.i.e.AbstractTransferListenerAdapter - Downloading https://repo.maven.apache.org/maven2/org/sonatype/forge/forge-parent/6/forge-parent-6.pom
2026-02-09 19:49:02,952 [Worker-15: Importing Maven projects] INFO  o.e.m.c.i.e.AbstractTransferListenerAdapter - Downloaded https://repo.maven.apache.org/maven2/org/sonatype/forge/forge-parent/6/forge-parent-6.pom
2026-02-09 19:49:03,044 [Worker-15: Importing Maven projects] INFO  o.e.m.c.i.e.AbstractTransferListenerAdapter - Downloaded https://repo.spring.io/snapshot/org/codehaus/plexus/plexus-component-annotations/1.7.1/plexus-component-annotations-1.7.1.pom
2026-02-09 19:49:03,143 [Worker-15: Importing Maven projects] INFO  o.e.m.c.i.e.AbstractTransferListenerAdapter - Downloaded https://repo.spring.io/milestone/org/codehaus/plexus/plexus-component-annotations/1.7.1/plexus-component-annotations-1.7.1.pom
2026-02-09 19:49:03,237 [Worker-15: Importing Maven projects] INFO  o.e.m.c.i.e.AbstractTransferListenerAdapter - Downloading https://repo.maven.apache.org/maven2/org/codehaus/plexus/plexus-component-annotations/1.7.1/plexus-component-annotations-1.7.1.pom
2026-02-09 19:49:03,243 [Worker-15: Importing Maven projects] INFO  o.e.m.c.i.e.AbstractTransferListenerAdapter - Downloaded https://repo.maven.apache.org/maven2/org/codehaus/plexus/plexus-component-annotations/1.7.1/plexus-component-annotations-1.7.1.pom
2026-02-09 19:49:03,325 [Worker-15: Importing Maven projects] INFO  o.e.m.c.i.e.AbstractTransferListenerAdapter - Downloaded https://repo.spring.io/snapshot/org/codehaus/plexus/plexus-containers/1.7.1/plexus-containers-1.7.1.pom
2026-02-09 19:49:03,414 [Worker-15: Importing Maven projects] INFO  o.e.m.c.i.e.AbstractTransferListenerAdapter - Downloaded https://repo.spring.io/milestone/org/codehaus/plexus/plexus-containers/1.7.1/plexus-containers-1.7.1.pom
2026-02-09 19:49:03,492 [Worker-15: Importing Maven projects] INFO  o.e.m.c.i.e.AbstractTransferListenerAdapter - Downloading https://repo.maven.apache.org/maven2/org/codehaus/plexus/plexus-containers/1.7.1/plexus-containers-1.7.1.pom
2026-02-09 19:49:03,497 [Worker-15: Importing Maven projects] INFO  o.e.m.c.i.e.AbstractTransferListenerAdapter - Downloaded https://repo.maven.apache.org/maven2/org/codehaus/plexus/plexus-containers/1.7.1/plexus-containers-1.7.1.pom
2026-02-09 19:49:03,585 [Worker-15: Importing Maven projects] INFO  o.e.m.c.i.e.AbstractTransferListenerAdapter - Downloaded https://repo.spring.io/snapshot/org/codehaus/plexus/plexus/4.0/plexus-4.0.pom
2026-02-09 19:49:03,671 [Worker-15: Importing Maven projects] INFO  o.e.m.c.i.e.AbstractTransferListenerAdapter - Downloaded https://repo.spring.io/milestone/org/codehaus/plexus/plexus/4.0/plexus-4.0.pom
2026-02-09 19:49:03,749 [Worker-15: Importing Maven projects] INFO  o.e.m.c.i.e.AbstractTransferListenerAdapter - Downloading https://repo.maven.apache.org/maven2/org/codehaus/plexus/plexus/4.0/plexus-4.0.pom
2026-02-09 19:49:03,755 [Worker-15: Importing Maven projects] INFO  o.e.m.c.i.e.AbstractTransferListenerAdapter - Downloaded https://repo.maven.apache.org/maven2/org/codehaus/plexus/plexus/4.0/plexus-4.0.pom
2026-02-09 19:49:03,844 [Worker-15: Importing Maven projects] INFO  o.e.m.c.i.e.AbstractTransferListenerAdapter - Downloaded https://repo.spring.io/snapshot/org/sonatype/forge/forge-parent/10/forge-parent-10.pom
2026-02-09 19:49:03,926 [Worker-15: Importing Maven projects] INFO  o.e.m.c.i.e.AbstractTransferListenerAdapter - Downloaded https://repo.spring.io/milestone/org/sonatype/forge/forge-parent/10/forge-parent-10.pom
2026-02-09 19:49:04,008 [Worker-15: Importing Maven projects] INFO  o.e.m.c.i.e.AbstractTransferListenerAdapter - Downloading https://repo.maven.apache.org/maven2/org/sonatype/forge/forge-parent/10/forge-parent-10.pom
2026-02-09 19:49:04,014 [Worker-15: Importing Maven projects] INFO  o.e.m.c.i.e.AbstractTransferListenerAdapter - Downloaded https://repo.maven.apache.org/maven2/org/sonatype/forge/forge-parent/10/forge-parent-10.pom
2026-02-09 19:49:04,100 [Worker-15: Importing Maven projects] INFO  o.e.m.c.i.e.AbstractTransferListenerAdapter - Downloaded https://repo.spring.io/snapshot/org/codehaus/plexus/plexus-classworlds/2.2.3/plexus-classworlds-2.2.3.pom
2026-02-09 19:49:04,185 [Worker-15: Importing Maven projects] INFO  o.e.m.c.i.e.AbstractTransferListenerAdapter - Downloaded https://repo.spring.io/milestone/org/codehaus/plexus/plexus-classworlds/2.2.3/plexus-classworlds-2.2.3.pom
2026-02-09 19:49:04,280 [Worker-15: Importing Maven projects] INFO  o.e.m.c.i.e.AbstractTransferListenerAdapter - Downloading https://repo.maven.apache.org/maven2/org/codehaus/plexus/plexus-classworlds/2.2.3/plexus-classworlds-2.2.3.pom
2026-02-09 19:49:04,284 [Worker-15: Importing Maven projects] INFO  o.e.m.c.i.e.AbstractTransferListenerAdapter - Downloaded https://repo.maven.apache.org/maven2/org/codehaus/plexus/plexus-classworlds/2.2.3/plexus-classworlds-2.2.3.pom
2026-02-09 19:49:04,368 [Worker-15: Importing Maven projects] INFO  o.e.m.c.i.e.AbstractTransferListenerAdapter - Downloaded https://repo.spring.io/snapshot/org/codehaus/plexus/plexus-utils/2.0.5/plexus-utils-2.0.5.pom
2026-02-09 19:49:04,452 [Worker-15: Importing Maven projects] INFO  o.e.m.c.i.e.AbstractTransferListenerAdapter - Downloaded https://repo.spring.io/milestone/org/codehaus/plexus/plexus-utils/2.0.5/plexus-utils-2.0.5.pom
2026-02-09 19:49:04,546 [Worker-15: Importing Maven projects] INFO  o.e.m.c.i.e.AbstractTransferListenerAdapter - Downloading https://repo.maven.apache.org/maven2/org/codehaus/plexus/plexus-utils/2.0.5/plexus-utils-2.0.5.pom
2026-02-09 19:49:04,551 [Worker-15: Importing Maven projects] INFO  o.e.m.c.i.e.AbstractTransferListenerAdapter - Downloaded https://repo.maven.apache.org/maven2/org/codehaus/plexus/plexus-utils/2.0.5/plexus-utils-2.0.5.pom
2026-02-09 19:49:04,641 [Worker-15: Importing Maven projects] INFO  o.e.m.c.i.e.AbstractTransferListenerAdapter - Downloaded https://repo.spring.io/snapshot/org/sonatype/sisu/sisu-inject-bean/1.4.2/sisu-inject-bean-1.4.2.pom
2026-02-09 19:49:04,729 [Worker-15: Importing Maven projects] INFO  o.e.m.c.i.e.AbstractTransferListenerAdapter - Downloaded https://repo.spring.io/milestone/org/sonatype/sisu/sisu-inject-bean/1.4.2/sisu-inject-bean-1.4.2.pom
2026-02-09 19:49:04,813 [Worker-15: Importing Maven projects] INFO  o.e.m.c.i.e.AbstractTransferListenerAdapter - Downloading https://repo.maven.apache.org/maven2/org/sonatype/sisu/sisu-inject-bean/1.4.2/sisu-inject-bean-1.4.2.pom
2026-02-09 19:49:04,819 [Worker-15: Importing Maven projects] INFO  o.e.m.c.i.e.AbstractTransferListenerAdapter - Downloaded https://repo.maven.apache.org/maven2/org/sonatype/sisu/sisu-inject-bean/1.4.2/sisu-inject-bean-1.4.2.pom
2026-02-09 19:49:04,923 [Worker-15: Importing Maven projects] INFO  o.e.m.c.i.e.AbstractTransferListenerAdapter - Downloaded https://repo.spring.io/snapshot/org/sonatype/sisu/sisu-guice/2.1.7/sisu-guice-2.1.7.pom
2026-02-09 19:49:05,010 [Worker-15: Importing Maven projects] INFO  o.e.m.c.i.e.AbstractTransferListenerAdapter - Downloaded https://repo.spring.io/milestone/org/sonatype/sisu/sisu-guice/2.1.7/sisu-guice-2.1.7.pom
2026-02-09 19:49:05,091 [Worker-15: Importing Maven projects] INFO  o.e.m.c.i.e.AbstractTransferListenerAdapter - Downloading https://repo.maven.apache.org/maven2/org/sonatype/sisu/sisu-guice/2.1.7/sisu-guice-2.1.7.pom
2026-02-09 19:49:05,096 [Worker-15: Importing Maven projects] INFO  o.e.m.c.i.e.AbstractTransferListenerAdapter - Downloaded https://repo.maven.apache.org/maven2/org/sonatype/sisu/sisu-guice/2.1.7/sisu-guice-2.1.7.pom
2026-02-09 19:49:05,185 [Worker-15: Importing Maven projects] INFO  o.e.m.c.i.e.AbstractTransferListenerAdapter - Downloaded https://repo.spring.io/snapshot/org/apache/maven/maven-core/3.0/maven-core-3.0.pom
2026-02-09 19:49:05,270 [Worker-15: Importing Maven projects] INFO  o.e.m.c.i.e.AbstractTransferListenerAdapter - Downloaded https://repo.spring.io/milestone/org/apache/maven/maven-core/3.0/maven-core-3.0.pom
2026-02-09 19:49:05,365 [Worker-15: Importing Maven projects] INFO  o.e.m.c.i.e.AbstractTransferListenerAdapter - Downloading https://repo.maven.apache.org/maven2/org/apache/maven/maven-core/3.0/maven-core-3.0.pom
2026-02-09 19:49:05,371 [Worker-15: Importing Maven projects] INFO  o.e.m.c.i.e.AbstractTransferListenerAdapter - Downloaded https://repo.maven.apache.org/maven2/org/apache/maven/maven-core/3.0/maven-core-3.0.pom
2026-02-09 19:49:05,466 [Worker-15: Importing Maven projects] INFO  o.e.m.c.i.e.AbstractTransferListenerAdapter - Downloaded https://repo.spring.io/snapshot/org/apache/maven/maven-settings/3.0/maven-settings-3.0.pom
2026-02-09 19:49:05,554 [Worker-15: Importing Maven projects] INFO  o.e.m.c.i.e.AbstractTransferListenerAdapter - Downloaded https://repo.spring.io/milestone/org/apache/maven/maven-settings/3.0/maven-settings-3.0.pom
2026-02-09 19:49:05,644 [Worker-15: Importing Maven projects] INFO  o.e.m.c.i.e.AbstractTransferListenerAdapter - Downloading https://repo.maven.apache.org/maven2/org/apache/maven/maven-settings/3.0/maven-settings-3.0.pom
2026-02-09 19:49:05,650 [Worker-15: Importing Maven projects] INFO  o.e.m.c.i.e.AbstractTransferListenerAdapter - Downloaded https://repo.maven.apache.org/maven2/org/apache/maven/maven-settings/3.0/maven-settings-3.0.pom
2026-02-09 19:49:05,741 [Worker-15: Importing Maven projects] INFO  o.e.m.c.i.e.AbstractTransferListenerAdapter - Downloaded https://repo.spring.io/snapshot/org/apache/maven/maven-settings-builder/3.0/maven-settings-builder-3.0.pom
2026-02-09 19:49:05,829 [Worker-15: Importing Maven projects] INFO  o.e.m.c.i.e.AbstractTransferListenerAdapter - Downloaded https://repo.spring.io/milestone/org/apache/maven/maven-settings-builder/3.0/maven-settings-builder-3.0.pom
2026-02-09 19:49:05,910 [Worker-15: Importing Maven projects] INFO  o.e.m.c.i.e.AbstractTransferListenerAdapter - Downloading https://repo.maven.apache.org/maven2/org/apache/maven/maven-settings-builder/3.0/maven-settings-builder-3.0.pom
2026-02-09 19:49:05,916 [Worker-15: Importing Maven projects] INFO  o.e.m.c.i.e.AbstractTransferListenerAdapter - Downloaded https://repo.maven.apache.org/maven2/org/apache/maven/maven-settings-builder/3.0/maven-settings-builder-3.0.pom
2026-02-09 19:49:06,009 [Worker-15: Importing Maven projects] INFO  o.e.m.c.i.e.AbstractTransferListenerAdapter - Downloaded https://repo.spring.io/snapshot/org/codehaus/plexus/plexus-interpolation/1.14/plexus-interpolation-1.14.pom
2026-02-09 19:49:06,094 [Worker-15: Importing Maven projects] INFO  o.e.m.c.i.e.AbstractTransferListenerAdapter - Downloaded https://repo.spring.io/milestone/org/codehaus/plexus/plexus-interpolation/1.14/plexus-interpolation-1.14.pom
2026-02-09 19:49:06,182 [Worker-15: Importing Maven projects] INFO  o.e.m.c.i.e.AbstractTransferListenerAdapter - Downloading https://repo.maven.apache.org/maven2/org/codehaus/plexus/plexus-interpolation/1.14/plexus-interpolation-1.14.pom
2026-02-09 19:49:06,190 [Worker-15: Importing Maven projects] INFO  o.e.m.c.i.e.AbstractTransferListenerAdapter - Downloaded https://repo.maven.apache.org/maven2/org/codehaus/plexus/plexus-interpolation/1.14/plexus-interpolation-1.14.pom
2026-02-09 19:49:06,278 [Worker-15: Importing Maven projects] INFO  o.e.m.c.i.e.AbstractTransferListenerAdapter - Downloaded https://repo.spring.io/snapshot/org/codehaus/plexus/plexus-components/1.1.18/plexus-components-1.1.18.pom
2026-02-09 19:49:06,371 [Worker-15: Importing Maven projects] INFO  o.e.m.c.i.e.AbstractTransferListenerAdapter - Downloaded https://repo.spring.io/milestone/org/codehaus/plexus/plexus-components/1.1.18/plexus-components-1.1.18.pom
2026-02-09 19:49:06,464 [Worker-15: Importing Maven projects] INFO  o.e.m.c.i.e.AbstractTransferListenerAdapter - Downloading https://repo.maven.apache.org/maven2/org/codehaus/plexus/plexus-components/1.1.18/plexus-components-1.1.18.pom
2026-02-09 19:49:06,469 [Worker-15: Importing Maven projects] INFO  o.e.m.c.i.e.AbstractTransferListenerAdapter - Downloaded https://repo.maven.apache.org/maven2/org/codehaus/plexus/plexus-components/1.1.18/plexus-components-1.1.18.pom
2026-02-09 19:49:06,561 [Worker-15: Importing Maven projects] INFO  o.e.m.c.i.e.AbstractTransferListenerAdapter - Downloaded https://repo.spring.io/snapshot/org/codehaus/plexus/plexus/2.0.7/plexus-2.0.7.pom
2026-02-09 19:49:06,656 [Worker-15: Importing Maven projects] INFO  o.e.m.c.i.e.AbstractTransferListenerAdapter - Downloaded https://repo.spring.io/milestone/org/codehaus/plexus/plexus/2.0.7/plexus-2.0.7.pom
2026-02-09 19:49:06,749 [Worker-15: Importing Maven projects] INFO  o.e.m.c.i.e.AbstractTransferListenerAdapter - Downloading https://repo.maven.apache.org/maven2/org/codehaus/plexus/plexus/2.0.7/plexus-2.0.7.pom
2026-02-09 19:49:06,755 [Worker-15: Importing Maven projects] INFO  o.e.m.c.i.e.AbstractTransferListenerAdapter - Downloaded https://repo.maven.apache.org/maven2/org/codehaus/plexus/plexus/2.0.7/plexus-2.0.7.pom
2026-02-09 19:49:06,842 [Worker-15: Importing Maven projects] INFO  o.e.m.c.i.e.AbstractTransferListenerAdapter - Downloaded https://repo.spring.io/snapshot/org/sonatype/plexus/plexus-sec-dispatcher/1.3/plexus-sec-dispatcher-1.3.pom
2026-02-09 19:49:06,926 [Worker-15: Importing Maven projects] INFO  o.e.m.c.i.e.AbstractTransferListenerAdapter - Downloaded https://repo.spring.io/milestone/org/sonatype/plexus/plexus-sec-dispatcher/1.3/plexus-sec-dispatcher-1.3.pom
2026-02-09 19:49:07,022 [Worker-15: Importing Maven projects] INFO  o.e.m.c.i.e.AbstractTransferListenerAdapter - Downloading https://repo.maven.apache.org/maven2/org/sonatype/plexus/plexus-sec-dispatcher/1.3/plexus-sec-dispatcher-1.3.pom
2026-02-09 19:49:07,029 [Worker-15: Importing Maven projects] INFO  o.e.m.c.i.e.AbstractTransferListenerAdapter - Downloaded https://repo.maven.apache.org/maven2/org/sonatype/plexus/plexus-sec-dispatcher/1.3/plexus-sec-dispatcher-1.3.pom
2026-02-09 19:49:07,112 [Worker-15: Importing Maven projects] INFO  o.e.m.c.i.e.AbstractTransferListenerAdapter - Downloaded https://repo.spring.io/snapshot/org/sonatype/spice/spice-parent/12/spice-parent-12.pom
2026-02-09 19:49:07,197 [Worker-15: Importing Maven projects] INFO  o.e.m.c.i.e.AbstractTransferListenerAdapter - Downloaded https://repo.spring.io/milestone/org/sonatype/spice/spice-parent/12/spice-parent-12.pom
2026-02-09 19:49:07,298 [Worker-15: Importing Maven projects] INFO  o.e.m.c.i.e.AbstractTransferListenerAdapter - Downloading https://repo.maven.apache.org/maven2/org/sonatype/spice/spice-parent/12/spice-parent-12.pom
2026-02-09 19:49:07,303 [Worker-15: Importing Maven projects] INFO  o.e.m.c.i.e.AbstractTransferListenerAdapter - Downloaded https://repo.maven.apache.org/maven2/org/sonatype/spice/spice-parent/12/spice-parent-12.pom
2026-02-09 19:49:07,398 [Worker-15: Importing Maven projects] INFO  o.e.m.c.i.e.AbstractTransferListenerAdapter - Downloaded https://repo.spring.io/snapshot/org/sonatype/forge/forge-parent/4/forge-parent-4.pom
2026-02-09 19:49:07,481 [Worker-15: Importing Maven projects] INFO  o.e.m.c.i.e.AbstractTransferListenerAdapter - Downloaded https://repo.spring.io/milestone/org/sonatype/forge/forge-parent/4/forge-parent-4.pom
2026-02-09 19:49:07,556 [Worker-15: Importing Maven projects] INFO  o.e.m.c.i.e.AbstractTransferListenerAdapter - Downloading https://repo.maven.apache.org/maven2/org/sonatype/forge/forge-parent/4/forge-parent-4.pom
2026-02-09 19:49:07,562 [Worker-15: Importing Maven projects] INFO  o.e.m.c.i.e.AbstractTransferListenerAdapter - Downloaded https://repo.maven.apache.org/maven2/org/sonatype/forge/forge-parent/4/forge-parent-4.pom
2026-02-09 19:49:07,646 [Worker-15: Importing Maven projects] INFO  o.e.m.c.i.e.AbstractTransferListenerAdapter - Downloaded https://repo.spring.io/snapshot/org/codehaus/plexus/plexus-utils/1.5.5/plexus-utils-1.5.5.pom
2026-02-09 19:49:07,730 [Worker-15: Importing Maven projects] INFO  o.e.m.c.i.e.AbstractTransferListenerAdapter - Downloaded https://repo.spring.io/milestone/org/codehaus/plexus/plexus-utils/1.5.5/plexus-utils-1.5.5.pom
2026-02-09 19:49:07,805 [Worker-15: Importing Maven projects] INFO  o.e.m.c.i.e.AbstractTransferListenerAdapter - Downloading https://repo.maven.apache.org/maven2/org/codehaus/plexus/plexus-utils/1.5.5/plexus-utils-1.5.5.pom
2026-02-09 19:49:07,810 [Worker-15: Importing Maven projects] INFO  o.e.m.c.i.e.AbstractTransferListenerAdapter - Downloaded https://repo.maven.apache.org/maven2/org/codehaus/plexus/plexus-utils/1.5.5/plexus-utils-1.5.5.pom
2026-02-09 19:49:07,896 [Worker-15: Importing Maven projects] INFO  o.e.m.c.i.e.AbstractTransferListenerAdapter - Downloaded https://repo.spring.io/snapshot/org/codehaus/plexus/plexus/1.0.11/plexus-1.0.11.pom
2026-02-09 19:49:07,986 [Worker-15: Importing Maven projects] INFO  o.e.m.c.i.e.AbstractTransferListenerAdapter - Downloaded https://repo.spring.io/milestone/org/codehaus/plexus/plexus/1.0.11/plexus-1.0.11.pom
2026-02-09 19:49:08,056 [Worker-15: Importing Maven projects] INFO  o.e.m.c.i.e.AbstractTransferListenerAdapter - Downloading https://repo.maven.apache.org/maven2/org/codehaus/plexus/plexus/1.0.11/plexus-1.0.11.pom
2026-02-09 19:49:08,061 [Worker-15: Importing Maven projects] INFO  o.e.m.c.i.e.AbstractTransferListenerAdapter - Downloaded https://repo.maven.apache.org/maven2/org/codehaus/plexus/plexus/1.0.11/plexus-1.0.11.pom
2026-02-09 19:49:08,150 [Worker-15: Importing Maven projects] INFO  o.e.m.c.i.e.AbstractTransferListenerAdapter - Downloaded https://repo.spring.io/snapshot/org/sonatype/plexus/plexus-cipher/1.4/plexus-cipher-1.4.pom
2026-02-09 19:49:08,238 [Worker-15: Importing Maven projects] INFO  o.e.m.c.i.e.AbstractTransferListenerAdapter - Downloaded https://repo.spring.io/milestone/org/sonatype/plexus/plexus-cipher/1.4/plexus-cipher-1.4.pom
2026-02-09 19:49:08,326 [Worker-15: Importing Maven projects] INFO  o.e.m.c.i.e.AbstractTransferListenerAdapter - Downloading https://repo.maven.apache.org/maven2/org/sonatype/plexus/plexus-cipher/1.4/plexus-cipher-1.4.pom
2026-02-09 19:49:08,333 [Worker-15: Importing Maven projects] INFO  o.e.m.c.i.e.AbstractTransferListenerAdapter - Downloaded https://repo.maven.apache.org/maven2/org/sonatype/plexus/plexus-cipher/1.4/plexus-cipher-1.4.pom
2026-02-09 19:49:08,421 [Worker-15: Importing Maven projects] INFO  o.e.m.c.i.e.AbstractTransferListenerAdapter - Downloaded https://repo.spring.io/snapshot/org/apache/maven/maven-repository-metadata/3.0/maven-repository-metadata-3.0.pom
2026-02-09 19:49:08,515 [Worker-15: Importing Maven projects] INFO  o.e.m.c.i.e.AbstractTransferListenerAdapter - Downloaded https://repo.spring.io/milestone/org/apache/maven/maven-repository-metadata/3.0/maven-repository-metadata-3.0.pom
2026-02-09 19:49:08,594 [Worker-15: Importing Maven projects] INFO  o.e.m.c.i.e.AbstractTransferListenerAdapter - Downloading https://repo.maven.apache.org/maven2/org/apache/maven/maven-repository-metadata/3.0/maven-repository-metadata-3.0.pom
2026-02-09 19:49:08,598 [Worker-15: Importing Maven projects] INFO  o.e.m.c.i.e.AbstractTransferListenerAdapter - Downloaded https://repo.maven.apache.org/maven2/org/apache/maven/maven-repository-metadata/3.0/maven-repository-metadata-3.0.pom
2026-02-09 19:49:08,689 [Worker-15: Importing Maven projects] INFO  o.e.m.c.i.e.AbstractTransferListenerAdapter - Downloaded https://repo.spring.io/snapshot/org/apache/maven/maven-model-builder/3.0/maven-model-builder-3.0.pom
2026-02-09 19:49:08,780 [Worker-15: Importing Maven projects] INFO  o.e.m.c.i.e.AbstractTransferListenerAdapter - Downloaded https://repo.spring.io/milestone/org/apache/maven/maven-model-builder/3.0/maven-model-builder-3.0.pom
2026-02-09 19:49:08,856 [Worker-15: Importing Maven projects] INFO  o.e.m.c.i.e.AbstractTransferListenerAdapter - Downloading https://repo.maven.apache.org/maven2/org/apache/maven/maven-model-builder/3.0/maven-model-builder-3.0.pom
2026-02-09 19:49:08,874 [Worker-15: Importing Maven projects] INFO  o.e.m.c.i.e.AbstractTransferListenerAdapter - Downloaded https://repo.maven.apache.org/maven2/org/apache/maven/maven-model-builder/3.0/maven-model-builder-3.0.pom
2026-02-09 19:49:08,960 [Worker-15: Importing Maven projects] INFO  o.e.m.c.i.e.AbstractTransferListenerAdapter - Downloaded https://repo.spring.io/snapshot/org/apache/maven/maven-aether-provider/3.0/maven-aether-provider-3.0.pom
2026-02-09 19:49:09,056 [Worker-15: Importing Maven projects] INFO  o.e.m.c.i.e.AbstractTransferListenerAdapter - Downloaded https://repo.spring.io/milestone/org/apache/maven/maven-aether-provider/3.0/maven-aether-provider-3.0.pom
2026-02-09 19:49:09,144 [Worker-15: Importing Maven projects] INFO  o.e.m.c.i.e.AbstractTransferListenerAdapter - Downloading https://repo.maven.apache.org/maven2/org/apache/maven/maven-aether-provider/3.0/maven-aether-provider-3.0.pom
2026-02-09 19:49:09,148 [Worker-15: Importing Maven projects] INFO  o.e.m.c.i.e.AbstractTransferListenerAdapter - Downloaded https://repo.maven.apache.org/maven2/org/apache/maven/maven-aether-provider/3.0/maven-aether-provider-3.0.pom
2026-02-09 19:49:09,481 [Worker-15: Importing Maven projects] INFO  o.e.m.c.i.e.AbstractTransferListenerAdapter - Downloaded https://repo.spring.io/snapshot/org/sonatype/aether/aether-api/1.7/aether-api-1.7.pom
2026-02-09 19:49:09,569 [Worker-15: Importing Maven projects] INFO  o.e.m.c.i.e.AbstractTransferListenerAdapter - Downloaded https://repo.spring.io/milestone/org/sonatype/aether/aether-api/1.7/aether-api-1.7.pom
2026-02-09 19:49:09,658 [Worker-15: Importing Maven projects] INFO  o.e.m.c.i.e.AbstractTransferListenerAdapter - Downloading https://repo.maven.apache.org/maven2/org/sonatype/aether/aether-api/1.7/aether-api-1.7.pom
2026-02-09 19:49:09,677 [Worker-15: Importing Maven projects] INFO  o.e.m.c.i.e.AbstractTransferListenerAdapter - Downloaded https://repo.maven.apache.org/maven2/org/sonatype/aether/aether-api/1.7/aether-api-1.7.pom
2026-02-09 19:49:09,760 [Worker-15: Importing Maven projects] INFO  o.e.m.c.i.e.AbstractTransferListenerAdapter - Downloaded https://repo.spring.io/snapshot/org/sonatype/aether/aether-parent/1.7/aether-parent-1.7.pom
2026-02-09 19:49:09,844 [Worker-15: Importing Maven projects] INFO  o.e.m.c.i.e.AbstractTransferListenerAdapter - Downloaded https://repo.spring.io/milestone/org/sonatype/aether/aether-parent/1.7/aether-parent-1.7.pom
2026-02-09 19:49:09,922 [Worker-15: Importing Maven projects] INFO  o.e.m.c.i.e.AbstractTransferListenerAdapter - Downloading https://repo.maven.apache.org/maven2/org/sonatype/aether/aether-parent/1.7/aether-parent-1.7.pom
2026-02-09 19:49:09,928 [Worker-15: Importing Maven projects] INFO  o.e.m.c.i.e.AbstractTransferListenerAdapter - Downloaded https://repo.maven.apache.org/maven2/org/sonatype/aether/aether-parent/1.7/aether-parent-1.7.pom
2026-02-09 19:49:10,021 [Worker-15: Importing Maven projects] INFO  o.e.m.c.i.e.AbstractTransferListenerAdapter - Downloaded https://repo.spring.io/snapshot/org/sonatype/aether/aether-util/1.7/aether-util-1.7.pom
2026-02-09 19:49:10,107 [Worker-15: Importing Maven projects] INFO  o.e.m.c.i.e.AbstractTransferListenerAdapter - Downloaded https://repo.spring.io/milestone/org/sonatype/aether/aether-util/1.7/aether-util-1.7.pom
2026-02-09 19:49:10,185 [Worker-15: Importing Maven projects] INFO  o.e.m.c.i.e.AbstractTransferListenerAdapter - Downloading https://repo.maven.apache.org/maven2/org/sonatype/aether/aether-util/1.7/aether-util-1.7.pom
2026-02-09 19:49:10,205 [Worker-15: Importing Maven projects] INFO  o.e.m.c.i.e.AbstractTransferListenerAdapter - Downloaded https://repo.maven.apache.org/maven2/org/sonatype/aether/aether-util/1.7/aether-util-1.7.pom
2026-02-09 19:49:10,298 [Worker-15: Importing Maven projects] INFO  o.e.m.c.i.e.AbstractTransferListenerAdapter - Downloaded https://repo.spring.io/snapshot/org/sonatype/aether/aether-impl/1.7/aether-impl-1.7.pom
2026-02-09 19:49:10,393 [Worker-15: Importing Maven projects] INFO  o.e.m.c.i.e.AbstractTransferListenerAdapter - Downloaded https://repo.spring.io/milestone/org/sonatype/aether/aether-impl/1.7/aether-impl-1.7.pom
2026-02-09 19:49:10,476 [Worker-15: Importing Maven projects] INFO  o.e.m.c.i.e.AbstractTransferListenerAdapter - Downloading https://repo.maven.apache.org/maven2/org/sonatype/aether/aether-impl/1.7/aether-impl-1.7.pom
2026-02-09 19:49:10,482 [Worker-15: Importing Maven projects] INFO  o.e.m.c.i.e.AbstractTransferListenerAdapter - Downloaded https://repo.maven.apache.org/maven2/org/sonatype/aether/aether-impl/1.7/aether-impl-1.7.pom
2026-02-09 19:49:10,584 [Worker-15: Importing Maven projects] INFO  o.e.m.c.i.e.AbstractTransferListenerAdapter - Downloaded https://repo.spring.io/snapshot/org/sonatype/aether/aether-spi/1.7/aether-spi-1.7.pom
2026-02-09 19:49:10,681 [Worker-15: Importing Maven projects] INFO  o.e.m.c.i.e.AbstractTransferListenerAdapter - Downloaded https://repo.spring.io/milestone/org/sonatype/aether/aether-spi/1.7/aether-spi-1.7.pom
2026-02-09 19:49:10,763 [Worker-15: Importing Maven projects] INFO  o.e.m.c.i.e.AbstractTransferListenerAdapter - Downloading https://repo.maven.apache.org/maven2/org/sonatype/aether/aether-spi/1.7/aether-spi-1.7.pom
2026-02-09 19:49:10,773 [Worker-15: Importing Maven projects] INFO  o.e.m.c.i.e.AbstractTransferListenerAdapter - Downloaded https://repo.maven.apache.org/maven2/org/sonatype/aether/aether-spi/1.7/aether-spi-1.7.pom
2026-02-09 19:49:10,874 [Worker-15: Importing Maven projects] INFO  o.e.m.c.i.e.AbstractTransferListenerAdapter - Downloaded https://repo.spring.io/snapshot/org/apache/maven/shared/maven-shared-utils/3.2.1/maven-shared-utils-3.2.1.pom
2026-02-09 19:49:11,207 [Worker-15: Importing Maven projects] INFO  o.e.m.c.i.e.AbstractTransferListenerAdapter - Downloaded https://repo.spring.io/milestone/org/apache/maven/shared/maven-shared-utils/3.2.1/maven-shared-utils-3.2.1.pom
2026-02-09 19:49:11,297 [Worker-15: Importing Maven projects] INFO  o.e.m.c.i.e.AbstractTransferListenerAdapter - Downloading https://repo.maven.apache.org/maven2/org/apache/maven/shared/maven-shared-utils/3.2.1/maven-shared-utils-3.2.1.pom
2026-02-09 19:49:11,302 [Worker-15: Importing Maven projects] INFO  o.e.m.c.i.e.AbstractTransferListenerAdapter - Downloaded https://repo.maven.apache.org/maven2/org/apache/maven/shared/maven-shared-utils/3.2.1/maven-shared-utils-3.2.1.pom
2026-02-09 19:49:11,384 [Worker-15: Importing Maven projects] INFO  o.e.m.c.i.e.AbstractTransferListenerAdapter - Downloaded https://repo.spring.io/snapshot/org/apache/maven/shared/maven-shared-components/30/maven-shared-components-30.pom
2026-02-09 19:49:11,470 [Worker-15: Importing Maven projects] INFO  o.e.m.c.i.e.AbstractTransferListenerAdapter - Downloaded https://repo.spring.io/milestone/org/apache/maven/shared/maven-shared-components/30/maven-shared-components-30.pom
2026-02-09 19:49:11,558 [Worker-15: Importing Maven projects] INFO  o.e.m.c.i.e.AbstractTransferListenerAdapter - Downloading https://repo.maven.apache.org/maven2/org/apache/maven/shared/maven-shared-components/30/maven-shared-components-30.pom
2026-02-09 19:49:11,565 [Worker-15: Importing Maven projects] INFO  o.e.m.c.i.e.AbstractTransferListenerAdapter - Downloaded https://repo.maven.apache.org/maven2/org/apache/maven/shared/maven-shared-components/30/maven-shared-components-30.pom
2026-02-09 19:49:11,653 [Worker-15: Importing Maven projects] INFO  o.e.m.c.i.e.AbstractTransferListenerAdapter - Downloaded https://repo.spring.io/snapshot/org/apache/maven/maven-parent/30/maven-parent-30.pom
2026-02-09 19:49:11,746 [Worker-15: Importing Maven projects] INFO  o.e.m.c.i.e.AbstractTransferListenerAdapter - Downloaded https://repo.spring.io/milestone/org/apache/maven/maven-parent/30/maven-parent-30.pom
2026-02-09 19:49:11,833 [Worker-15: Importing Maven projects] INFO  o.e.m.c.i.e.AbstractTransferListenerAdapter - Downloading https://repo.maven.apache.org/maven2/org/apache/maven/maven-parent/30/maven-parent-30.pom
2026-02-09 19:49:11,853 [Worker-15: Importing Maven projects] INFO  o.e.m.c.i.e.AbstractTransferListenerAdapter - Downloaded https://repo.maven.apache.org/maven2/org/apache/maven/maven-parent/30/maven-parent-30.pom
2026-02-09 19:49:11,945 [Worker-15: Importing Maven projects] INFO  o.e.m.c.i.e.AbstractTransferListenerAdapter - Downloaded https://repo.spring.io/snapshot/commons-io/commons-io/2.5/commons-io-2.5.pom
2026-02-09 19:49:12,033 [Worker-15: Importing Maven projects] INFO  o.e.m.c.i.e.AbstractTransferListenerAdapter - Downloaded https://repo.spring.io/milestone/commons-io/commons-io/2.5/commons-io-2.5.pom
2026-02-09 19:49:12,124 [Worker-15: Importing Maven projects] INFO  o.e.m.c.i.e.AbstractTransferListenerAdapter - Downloading https://repo.maven.apache.org/maven2/commons-io/commons-io/2.5/commons-io-2.5.pom
2026-02-09 19:49:12,131 [Worker-15: Importing Maven projects] INFO  o.e.m.c.i.e.AbstractTransferListenerAdapter - Downloaded https://repo.maven.apache.org/maven2/commons-io/commons-io/2.5/commons-io-2.5.pom
2026-02-09 19:49:12,227 [Worker-15: Importing Maven projects] INFO  o.e.m.c.i.e.AbstractTransferListenerAdapter - Downloaded https://repo.spring.io/snapshot/org/apache/maven/shared/maven-shared-incremental/1.1/maven-shared-incremental-1.1.pom
2026-02-09 19:49:12,309 [Worker-15: Importing Maven projects] INFO  o.e.m.c.i.e.AbstractTransferListenerAdapter - Downloaded https://repo.spring.io/milestone/org/apache/maven/shared/maven-shared-incremental/1.1/maven-shared-incremental-1.1.pom
2026-02-09 19:49:12,391 [Worker-15: Importing Maven projects] INFO  o.e.m.c.i.e.AbstractTransferListenerAdapter - Downloading https://repo.maven.apache.org/maven2/org/apache/maven/shared/maven-shared-incremental/1.1/maven-shared-incremental-1.1.pom
2026-02-09 19:49:12,410 [Worker-15: Importing Maven projects] INFO  o.e.m.c.i.e.AbstractTransferListenerAdapter - Downloaded https://repo.maven.apache.org/maven2/org/apache/maven/shared/maven-shared-incremental/1.1/maven-shared-incremental-1.1.pom
2026-02-09 19:49:12,501 [Worker-15: Importing Maven projects] INFO  o.e.m.c.i.e.AbstractTransferListenerAdapter - Downloaded https://repo.spring.io/snapshot/org/apache/maven/shared/maven-shared-components/19/maven-shared-components-19.pom
2026-02-09 19:49:12,588 [Worker-15: Importing Maven projects] INFO  o.e.m.c.i.e.AbstractTransferListenerAdapter - Downloaded https://repo.spring.io/milestone/org/apache/maven/shared/maven-shared-components/19/maven-shared-components-19.pom
2026-02-09 19:49:12,674 [Worker-15: Importing Maven projects] INFO  o.e.m.c.i.e.AbstractTransferListenerAdapter - Downloading https://repo.maven.apache.org/maven2/org/apache/maven/shared/maven-shared-components/19/maven-shared-components-19.pom
2026-02-09 19:49:12,695 [Worker-15: Importing Maven projects] INFO  o.e.m.c.i.e.AbstractTransferListenerAdapter - Downloaded https://repo.maven.apache.org/maven2/org/apache/maven/shared/maven-shared-components/19/maven-shared-components-19.pom
2026-02-09 19:49:12,798 [Worker-15: Importing Maven projects] INFO  o.e.m.c.i.e.AbstractTransferListenerAdapter - Downloaded https://repo.spring.io/snapshot/org/apache/maven/maven-parent/23/maven-parent-23.pom
2026-02-09 19:49:12,887 [Worker-15: Importing Maven projects] INFO  o.e.m.c.i.e.AbstractTransferListenerAdapter - Downloaded https://repo.spring.io/milestone/org/apache/maven/maven-parent/23/maven-parent-23.pom
2026-02-09 19:49:12,971 [Worker-15: Importing Maven projects] INFO  o.e.m.c.i.e.AbstractTransferListenerAdapter - Downloading https://repo.maven.apache.org/maven2/org/apache/maven/maven-parent/23/maven-parent-23.pom
2026-02-09 19:49:12,977 [Worker-15: Importing Maven projects] INFO  o.e.m.c.i.e.AbstractTransferListenerAdapter - Downloaded https://repo.maven.apache.org/maven2/org/apache/maven/maven-parent/23/maven-parent-23.pom
2026-02-09 19:49:13,079 [Worker-15: Importing Maven projects] INFO  o.e.m.c.i.e.AbstractTransferListenerAdapter - Downloaded https://repo.spring.io/snapshot/org/apache/apache/13/apache-13.pom
2026-02-09 19:49:13,170 [Worker-15: Importing Maven projects] INFO  o.e.m.c.i.e.AbstractTransferListenerAdapter - Downloaded https://repo.spring.io/milestone/org/apache/apache/13/apache-13.pom
2026-02-09 19:49:13,259 [Worker-15: Importing Maven projects] INFO  o.e.m.c.i.e.AbstractTransferListenerAdapter - Downloading https://repo.maven.apache.org/maven2/org/apache/apache/13/apache-13.pom
2026-02-09 19:49:13,264 [Worker-15: Importing Maven projects] INFO  o.e.m.c.i.e.AbstractTransferListenerAdapter - Downloaded https://repo.maven.apache.org/maven2/org/apache/apache/13/apache-13.pom
2026-02-09 19:49:13,351 [Worker-15: Importing Maven projects] INFO  o.e.m.c.i.e.AbstractTransferListenerAdapter - Downloaded https://repo.spring.io/snapshot/org/apache/maven/maven-plugin-api/2.2.1/maven-plugin-api-2.2.1.pom
2026-02-09 19:49:13,433 [Worker-15: Importing Maven projects] INFO  o.e.m.c.i.e.AbstractTransferListenerAdapter - Downloaded https://repo.spring.io/milestone/org/apache/maven/maven-plugin-api/2.2.1/maven-plugin-api-2.2.1.pom
2026-02-09 19:49:13,513 [Worker-15: Importing Maven projects] INFO  o.e.m.c.i.e.AbstractTransferListenerAdapter - Downloading https://repo.maven.apache.org/maven2/org/apache/maven/maven-plugin-api/2.2.1/maven-plugin-api-2.2.1.pom
2026-02-09 19:49:13,519 [Worker-15: Importing Maven projects] INFO  o.e.m.c.i.e.AbstractTransferListenerAdapter - Downloaded https://repo.maven.apache.org/maven2/org/apache/maven/maven-plugin-api/2.2.1/maven-plugin-api-2.2.1.pom
2026-02-09 19:49:13,613 [Worker-15: Importing Maven projects] INFO  o.e.m.c.i.e.AbstractTransferListenerAdapter - Downloaded https://repo.spring.io/snapshot/org/apache/maven/maven/2.2.1/maven-2.2.1.pom
2026-02-09 19:49:13,696 [Worker-15: Importing Maven projects] INFO  o.e.m.c.i.e.AbstractTransferListenerAdapter - Downloaded https://repo.spring.io/milestone/org/apache/maven/maven/2.2.1/maven-2.2.1.pom
2026-02-09 19:49:13,775 [Worker-15: Importing Maven projects] INFO  o.e.m.c.i.e.AbstractTransferListenerAdapter - Downloading https://repo.maven.apache.org/maven2/org/apache/maven/maven/2.2.1/maven-2.2.1.pom
2026-02-09 19:49:13,779 [Worker-15: Importing Maven projects] INFO  o.e.m.c.i.e.AbstractTransferListenerAdapter - Downloaded https://repo.maven.apache.org/maven2/org/apache/maven/maven/2.2.1/maven-2.2.1.pom
2026-02-09 19:49:13,861 [Worker-15: Importing Maven projects] INFO  o.e.m.c.i.e.AbstractTransferListenerAdapter - Downloaded https://repo.spring.io/snapshot/org/apache/maven/maven-parent/11/maven-parent-11.pom
2026-02-09 19:49:13,944 [Worker-15: Importing Maven projects] INFO  o.e.m.c.i.e.AbstractTransferListenerAdapter - Downloaded https://repo.spring.io/milestone/org/apache/maven/maven-parent/11/maven-parent-11.pom
2026-02-09 19:49:14,023 [Worker-15: Importing Maven projects] INFO  o.e.m.c.i.e.AbstractTransferListenerAdapter - Downloading https://repo.maven.apache.org/maven2/org/apache/maven/maven-parent/11/maven-parent-11.pom
2026-02-09 19:49:14,028 [Worker-15: Importing Maven projects] INFO  o.e.m.c.i.e.AbstractTransferListenerAdapter - Downloaded https://repo.maven.apache.org/maven2/org/apache/maven/maven-parent/11/maven-parent-11.pom
2026-02-09 19:49:14,123 [Worker-15: Importing Maven projects] INFO  o.e.m.c.i.e.AbstractTransferListenerAdapter - Downloaded https://repo.spring.io/snapshot/org/apache/apache/5/apache-5.pom
2026-02-09 19:49:14,214 [Worker-15: Importing Maven projects] INFO  o.e.m.c.i.e.AbstractTransferListenerAdapter - Downloaded https://repo.spring.io/milestone/org/apache/apache/5/apache-5.pom
2026-02-09 19:49:14,302 [Worker-15: Importing Maven projects] INFO  o.e.m.c.i.e.AbstractTransferListenerAdapter - Downloading https://repo.maven.apache.org/maven2/org/apache/apache/5/apache-5.pom
2026-02-09 19:49:14,307 [Worker-15: Importing Maven projects] INFO  o.e.m.c.i.e.AbstractTransferListenerAdapter - Downloaded https://repo.maven.apache.org/maven2/org/apache/apache/5/apache-5.pom
2026-02-09 19:49:14,407 [Worker-15: Importing Maven projects] INFO  o.e.m.c.i.e.AbstractTransferListenerAdapter - Downloaded https://repo.spring.io/snapshot/org/apache/maven/maven-core/2.2.1/maven-core-2.2.1.pom
2026-02-09 19:49:14,508 [Worker-15: Importing Maven projects] INFO  o.e.m.c.i.e.AbstractTransferListenerAdapter - Downloaded https://repo.spring.io/milestone/org/apache/maven/maven-core/2.2.1/maven-core-2.2.1.pom
2026-02-09 19:49:14,597 [Worker-15: Importing Maven projects] INFO  o.e.m.c.i.e.AbstractTransferListenerAdapter - Downloading https://repo.maven.apache.org/maven2/org/apache/maven/maven-core/2.2.1/maven-core-2.2.1.pom
2026-02-09 19:49:14,608 [Worker-15: Importing Maven projects] INFO  o.e.m.c.i.e.AbstractTransferListenerAdapter - Downloaded https://repo.maven.apache.org/maven2/org/apache/maven/maven-core/2.2.1/maven-core-2.2.1.pom
2026-02-09 19:49:14,706 [Worker-15: Importing Maven projects] INFO  o.e.m.c.i.e.AbstractTransferListenerAdapter - Downloaded https://repo.spring.io/snapshot/org/apache/maven/maven-settings/2.2.1/maven-settings-2.2.1.pom
2026-02-09 19:49:14,795 [Worker-15: Importing Maven projects] INFO  o.e.m.c.i.e.AbstractTransferListenerAdapter - Downloaded https://repo.spring.io/milestone/org/apache/maven/maven-settings/2.2.1/maven-settings-2.2.1.pom
2026-02-09 19:49:14,872 [Worker-15: Importing Maven projects] INFO  o.e.m.c.i.e.AbstractTransferListenerAdapter - Downloading https://repo.maven.apache.org/maven2/org/apache/maven/maven-settings/2.2.1/maven-settings-2.2.1.pom
2026-02-09 19:49:14,888 [Worker-15: Importing Maven projects] INFO  o.e.m.c.i.e.AbstractTransferListenerAdapter - Downloaded https://repo.maven.apache.org/maven2/org/apache/maven/maven-settings/2.2.1/maven-settings-2.2.1.pom
2026-02-09 19:49:14,997 [Worker-15: Importing Maven projects] INFO  o.e.m.c.i.e.AbstractTransferListenerAdapter - Downloaded https://repo.spring.io/snapshot/org/apache/maven/maven-model/2.2.1/maven-model-2.2.1.pom
2026-02-09 19:49:15,087 [Worker-15: Importing Maven projects] INFO  o.e.m.c.i.e.AbstractTransferListenerAdapter - Downloaded https://repo.spring.io/milestone/org/apache/maven/maven-model/2.2.1/maven-model-2.2.1.pom
2026-02-09 19:49:15,168 [Worker-15: Importing Maven projects] INFO  o.e.m.c.i.e.AbstractTransferListenerAdapter - Downloading https://repo.maven.apache.org/maven2/org/apache/maven/maven-model/2.2.1/maven-model-2.2.1.pom
2026-02-09 19:49:15,176 [Worker-15: Importing Maven projects] INFO  o.e.m.c.i.e.AbstractTransferListenerAdapter - Downloaded https://repo.maven.apache.org/maven2/org/apache/maven/maven-model/2.2.1/maven-model-2.2.1.pom
2026-02-09 19:49:15,274 [Worker-15: Importing Maven projects] INFO  o.e.m.c.i.e.AbstractTransferListenerAdapter - Downloaded https://repo.spring.io/snapshot/org/codehaus/plexus/plexus-utils/1.5.15/plexus-utils-1.5.15.pom
2026-02-09 19:49:15,372 [Worker-15: Importing Maven projects] INFO  o.e.m.c.i.e.AbstractTransferListenerAdapter - Downloaded https://repo.spring.io/milestone/org/codehaus/plexus/plexus-utils/1.5.15/plexus-utils-1.5.15.pom
2026-02-09 19:49:15,454 [Worker-15: Importing Maven projects] INFO  o.e.m.c.i.e.AbstractTransferListenerAdapter - Downloading https://repo.maven.apache.org/maven2/org/codehaus/plexus/plexus-utils/1.5.15/plexus-utils-1.5.15.pom
2026-02-09 19:49:15,465 [Worker-15: Importing Maven projects] INFO  o.e.m.c.i.e.AbstractTransferListenerAdapter - Downloaded https://repo.maven.apache.org/maven2/org/codehaus/plexus/plexus-utils/1.5.15/plexus-utils-1.5.15.pom
2026-02-09 19:49:15,579 [Worker-15: Importing Maven projects] INFO  o.e.m.c.i.e.AbstractTransferListenerAdapter - Downloaded https://repo.spring.io/snapshot/org/codehaus/plexus/plexus/2.0.2/plexus-2.0.2.pom
2026-02-09 19:49:15,663 [Worker-15: Importing Maven projects] INFO  o.e.m.c.i.e.AbstractTransferListenerAdapter - Downloaded https://repo.spring.io/milestone/org/codehaus/plexus/plexus/2.0.2/plexus-2.0.2.pom
2026-02-09 19:49:15,741 [Worker-15: Importing Maven projects] INFO  o.e.m.c.i.e.AbstractTransferListenerAdapter - Downloading https://repo.maven.apache.org/maven2/org/codehaus/plexus/plexus/2.0.2/plexus-2.0.2.pom
2026-02-09 19:49:15,746 [Worker-15: Importing Maven projects] INFO  o.e.m.c.i.e.AbstractTransferListenerAdapter - Downloaded https://repo.maven.apache.org/maven2/org/codehaus/plexus/plexus/2.0.2/plexus-2.0.2.pom
2026-02-09 19:49:15,835 [Worker-15: Importing Maven projects] INFO  o.e.m.c.i.e.AbstractTransferListenerAdapter - Downloaded https://repo.spring.io/snapshot/org/codehaus/plexus/plexus-interpolation/1.11/plexus-interpolation-1.11.pom
2026-02-09 19:49:15,927 [Worker-15: Importing Maven projects] INFO  o.e.m.c.i.e.AbstractTransferListenerAdapter - Downloaded https://repo.spring.io/milestone/org/codehaus/plexus/plexus-interpolation/1.11/plexus-interpolation-1.11.pom
2026-02-09 19:49:16,008 [Worker-15: Importing Maven projects] INFO  o.e.m.c.i.e.AbstractTransferListenerAdapter - Downloading https://repo.maven.apache.org/maven2/org/codehaus/plexus/plexus-interpolation/1.11/plexus-interpolation-1.11.pom
2026-02-09 19:49:16,013 [Worker-15: Importing Maven projects] INFO  o.e.m.c.i.e.AbstractTransferListenerAdapter - Downloaded https://repo.maven.apache.org/maven2/org/codehaus/plexus/plexus-interpolation/1.11/plexus-interpolation-1.11.pom
2026-02-09 19:49:16,104 [Worker-15: Importing Maven projects] INFO  o.e.m.c.i.e.AbstractTransferListenerAdapter - Downloaded https://repo.spring.io/snapshot/org/codehaus/plexus/plexus-components/1.1.14/plexus-components-1.1.14.pom
2026-02-09 19:49:16,204 [Worker-15: Importing Maven projects] INFO  o.e.m.c.i.e.AbstractTransferListenerAdapter - Downloaded https://repo.spring.io/milestone/org/codehaus/plexus/plexus-components/1.1.14/plexus-components-1.1.14.pom
2026-02-09 19:49:16,283 [Worker-15: Importing Maven projects] INFO  o.e.m.c.i.e.AbstractTransferListenerAdapter - Downloading https://repo.maven.apache.org/maven2/org/codehaus/plexus/plexus-components/1.1.14/plexus-components-1.1.14.pom
2026-02-09 19:49:16,286 [Worker-15: Importing Maven projects] INFO  o.e.m.c.i.e.AbstractTransferListenerAdapter - Downloaded https://repo.maven.apache.org/maven2/org/codehaus/plexus/plexus-components/1.1.14/plexus-components-1.1.14.pom
2026-02-09 19:49:16,381 [Worker-15: Importing Maven projects] INFO  o.e.m.c.i.e.AbstractTransferListenerAdapter - Downloaded https://repo.spring.io/snapshot/org/apache/maven/maven-plugin-parameter-documenter/2.2.1/maven-plugin-parameter-documenter-2.2.1.pom
2026-02-09 19:49:16,473 [Worker-15: Importing Maven projects] INFO  o.e.m.c.i.e.AbstractTransferListenerAdapter - Downloaded https://repo.spring.io/milestone/org/apache/maven/maven-plugin-parameter-documenter/2.2.1/maven-plugin-parameter-documenter-2.2.1.pom
2026-02-09 19:49:16,553 [Worker-15: Importing Maven projects] INFO  o.e.m.c.i.e.AbstractTransferListenerAdapter - Downloading https://repo.maven.apache.org/maven2/org/apache/maven/maven-plugin-parameter-documenter/2.2.1/maven-plugin-parameter-documenter-2.2.1.pom
2026-02-09 19:49:16,557 [Worker-15: Importing Maven projects] INFO  o.e.m.c.i.e.AbstractTransferListenerAdapter - Downloaded https://repo.maven.apache.org/maven2/org/apache/maven/maven-plugin-parameter-documenter/2.2.1/maven-plugin-parameter-documenter-2.2.1.pom
2026-02-09 19:49:16,647 [Worker-15: Importing Maven projects] INFO  o.e.m.c.i.e.AbstractTransferListenerAdapter - Downloaded https://repo.spring.io/snapshot/org/slf4j/slf4j-jdk14/1.5.6/slf4j-jdk14-1.5.6.pom
2026-02-09 19:49:16,733 [Worker-15: Importing Maven projects] INFO  o.e.m.c.i.e.AbstractTransferListenerAdapter - Downloaded https://repo.spring.io/milestone/org/slf4j/slf4j-jdk14/1.5.6/slf4j-jdk14-1.5.6.pom
2026-02-09 19:49:16,831 [Worker-15: Importing Maven projects] INFO  o.e.m.c.i.e.AbstractTransferListenerAdapter - Downloading https://repo.maven.apache.org/maven2/org/slf4j/slf4j-jdk14/1.5.6/slf4j-jdk14-1.5.6.pom
2026-02-09 19:49:16,836 [Worker-15: Importing Maven projects] INFO  o.e.m.c.i.e.AbstractTransferListenerAdapter - Downloaded https://repo.maven.apache.org/maven2/org/slf4j/slf4j-jdk14/1.5.6/slf4j-jdk14-1.5.6.pom
2026-02-09 19:49:16,927 [Worker-15: Importing Maven projects] INFO  o.e.m.c.i.e.AbstractTransferListenerAdapter - Downloaded https://repo.spring.io/snapshot/org/slf4j/slf4j-parent/1.5.6/slf4j-parent-1.5.6.pom
2026-02-09 19:49:17,012 [Worker-15: Importing Maven projects] INFO  o.e.m.c.i.e.AbstractTransferListenerAdapter - Downloaded https://repo.spring.io/milestone/org/slf4j/slf4j-parent/1.5.6/slf4j-parent-1.5.6.pom
2026-02-09 19:49:17,107 [Worker-15: Importing Maven projects] INFO  o.e.m.c.i.e.AbstractTransferListenerAdapter - Downloading https://repo.maven.apache.org/maven2/org/slf4j/slf4j-parent/1.5.6/slf4j-parent-1.5.6.pom
2026-02-09 19:49:17,111 [Worker-15: Importing Maven projects] INFO  o.e.m.c.i.e.AbstractTransferListenerAdapter - Downloaded https://repo.maven.apache.org/maven2/org/slf4j/slf4j-parent/1.5.6/slf4j-parent-1.5.6.pom
2026-02-09 19:49:17,197 [Worker-15: Importing Maven projects] INFO  o.e.m.c.i.e.AbstractTransferListenerAdapter - Downloaded https://repo.spring.io/snapshot/org/slf4j/slf4j-api/1.5.6/slf4j-api-1.5.6.pom
2026-02-09 19:49:17,286 [Worker-15: Importing Maven projects] INFO  o.e.m.c.i.e.AbstractTransferListenerAdapter - Downloaded https://repo.spring.io/milestone/org/slf4j/slf4j-api/1.5.6/slf4j-api-1.5.6.pom
2026-02-09 19:49:17,377 [Worker-15: Importing Maven projects] INFO  o.e.m.c.i.e.AbstractTransferListenerAdapter - Downloading https://repo.maven.apache.org/maven2/org/slf4j/slf4j-api/1.5.6/slf4j-api-1.5.6.pom
2026-02-09 19:49:17,381 [Worker-15: Importing Maven projects] INFO  o.e.m.c.i.e.AbstractTransferListenerAdapter - Downloaded https://repo.maven.apache.org/maven2/org/slf4j/slf4j-api/1.5.6/slf4j-api-1.5.6.pom
2026-02-09 19:49:17,472 [Worker-15: Importing Maven projects] INFO  o.e.m.c.i.e.AbstractTransferListenerAdapter - Downloaded https://repo.spring.io/snapshot/org/slf4j/jcl-over-slf4j/1.5.6/jcl-over-slf4j-1.5.6.pom
2026-02-09 19:49:17,560 [Worker-15: Importing Maven projects] INFO  o.e.m.c.i.e.AbstractTransferListenerAdapter - Downloaded https://repo.spring.io/milestone/org/slf4j/jcl-over-slf4j/1.5.6/jcl-over-slf4j-1.5.6.pom
2026-02-09 19:49:17,642 [Worker-15: Importing Maven projects] INFO  o.e.m.c.i.e.AbstractTransferListenerAdapter - Downloading https://repo.maven.apache.org/maven2/org/slf4j/jcl-over-slf4j/1.5.6/jcl-over-slf4j-1.5.6.pom
2026-02-09 19:49:17,647 [Worker-15: Importing Maven projects] INFO  o.e.m.c.i.e.AbstractTransferListenerAdapter - Downloaded https://repo.maven.apache.org/maven2/org/slf4j/jcl-over-slf4j/1.5.6/jcl-over-slf4j-1.5.6.pom
2026-02-09 19:49:17,737 [Worker-15: Importing Maven projects] INFO  o.e.m.c.i.e.AbstractTransferListenerAdapter - Downloaded https://repo.spring.io/snapshot/org/apache/maven/maven-profile/2.2.1/maven-profile-2.2.1.pom
2026-02-09 19:49:17,827 [Worker-15: Importing Maven projects] INFO  o.e.m.c.i.e.AbstractTransferListenerAdapter - Downloaded https://repo.spring.io/milestone/org/apache/maven/maven-profile/2.2.1/maven-profile-2.2.1.pom
2026-02-09 19:49:17,922 [Worker-15: Importing Maven projects] INFO  o.e.m.c.i.e.AbstractTransferListenerAdapter - Downloading https://repo.maven.apache.org/maven2/org/apache/maven/maven-profile/2.2.1/maven-profile-2.2.1.pom
2026-02-09 19:49:17,927 [Worker-15: Importing Maven projects] INFO  o.e.m.c.i.e.AbstractTransferListenerAdapter - Downloaded https://repo.maven.apache.org/maven2/org/apache/maven/maven-profile/2.2.1/maven-profile-2.2.1.pom
2026-02-09 19:49:18,019 [Worker-15: Importing Maven projects] INFO  o.e.m.c.i.e.AbstractTransferListenerAdapter - Downloaded https://repo.spring.io/snapshot/org/apache/maven/maven-artifact/2.2.1/maven-artifact-2.2.1.pom
2026-02-09 19:49:18,105 [Worker-15: Importing Maven projects] INFO  o.e.m.c.i.e.AbstractTransferListenerAdapter - Downloaded https://repo.spring.io/milestone/org/apache/maven/maven-artifact/2.2.1/maven-artifact-2.2.1.pom
2026-02-09 19:49:18,194 [Worker-15: Importing Maven projects] INFO  o.e.m.c.i.e.AbstractTransferListenerAdapter - Downloading https://repo.maven.apache.org/maven2/org/apache/maven/maven-artifact/2.2.1/maven-artifact-2.2.1.pom
2026-02-09 19:49:18,198 [Worker-15: Importing Maven projects] INFO  o.e.m.c.i.e.AbstractTransferListenerAdapter - Downloaded https://repo.maven.apache.org/maven2/org/apache/maven/maven-artifact/2.2.1/maven-artifact-2.2.1.pom
2026-02-09 19:49:18,284 [Worker-15: Importing Maven projects] INFO  o.e.m.c.i.e.AbstractTransferListenerAdapter - Downloaded https://repo.spring.io/snapshot/org/apache/maven/maven-repository-metadata/2.2.1/maven-repository-metadata-2.2.1.pom
2026-02-09 19:49:18,372 [Worker-15: Importing Maven projects] INFO  o.e.m.c.i.e.AbstractTransferListenerAdapter - Downloaded https://repo.spring.io/milestone/org/apache/maven/maven-repository-metadata/2.2.1/maven-repository-metadata-2.2.1.pom
2026-02-09 19:49:18,458 [Worker-15: Importing Maven projects] INFO  o.e.m.c.i.e.AbstractTransferListenerAdapter - Downloading https://repo.maven.apache.org/maven2/org/apache/maven/maven-repository-metadata/2.2.1/maven-repository-metadata-2.2.1.pom
2026-02-09 19:49:18,462 [Worker-15: Importing Maven projects] INFO  o.e.m.c.i.e.AbstractTransferListenerAdapter - Downloaded https://repo.maven.apache.org/maven2/org/apache/maven/maven-repository-metadata/2.2.1/maven-repository-metadata-2.2.1.pom
2026-02-09 19:49:18,560 [Worker-15: Importing Maven projects] INFO  o.e.m.c.i.e.AbstractTransferListenerAdapter - Downloaded https://repo.spring.io/snapshot/org/apache/maven/maven-error-diagnostics/2.2.1/maven-error-diagnostics-2.2.1.pom
2026-02-09 19:49:18,652 [Worker-15: Importing Maven projects] INFO  o.e.m.c.i.e.AbstractTransferListenerAdapter - Downloaded https://repo.spring.io/milestone/org/apache/maven/maven-error-diagnostics/2.2.1/maven-error-diagnostics-2.2.1.pom
2026-02-09 19:49:18,728 [Worker-15: Importing Maven projects] INFO  o.e.m.c.i.e.AbstractTransferListenerAdapter - Downloading https://repo.maven.apache.org/maven2/org/apache/maven/maven-error-diagnostics/2.2.1/maven-error-diagnostics-2.2.1.pom
2026-02-09 19:49:18,733 [Worker-15: Importing Maven projects] INFO  o.e.m.c.i.e.AbstractTransferListenerAdapter - Downloaded https://repo.maven.apache.org/maven2/org/apache/maven/maven-error-diagnostics/2.2.1/maven-error-diagnostics-2.2.1.pom
2026-02-09 19:49:18,821 [Worker-15: Importing Maven projects] INFO  o.e.m.c.i.e.AbstractTransferListenerAdapter - Downloaded https://repo.spring.io/snapshot/org/apache/maven/maven-project/2.2.1/maven-project-2.2.1.pom
2026-02-09 19:49:18,910 [Worker-15: Importing Maven projects] INFO  o.e.m.c.i.e.AbstractTransferListenerAdapter - Downloaded https://repo.spring.io/milestone/org/apache/maven/maven-project/2.2.1/maven-project-2.2.1.pom
2026-02-09 19:49:18,985 [Worker-15: Importing Maven projects] INFO  o.e.m.c.i.e.AbstractTransferListenerAdapter - Downloading https://repo.maven.apache.org/maven2/org/apache/maven/maven-project/2.2.1/maven-project-2.2.1.pom
2026-02-09 19:49:18,990 [Worker-15: Importing Maven projects] INFO  o.e.m.c.i.e.AbstractTransferListenerAdapter - Downloaded https://repo.maven.apache.org/maven2/org/apache/maven/maven-project/2.2.1/maven-project-2.2.1.pom
2026-02-09 19:49:19,073 [Worker-15: Importing Maven projects] INFO  o.e.m.c.i.e.AbstractTransferListenerAdapter - Downloaded https://repo.spring.io/snapshot/org/apache/maven/maven-artifact-manager/2.2.1/maven-artifact-manager-2.2.1.pom
2026-02-09 19:49:19,159 [Worker-15: Importing Maven projects] INFO  o.e.m.c.i.e.AbstractTransferListenerAdapter - Downloaded https://repo.spring.io/milestone/org/apache/maven/maven-artifact-manager/2.2.1/maven-artifact-manager-2.2.1.pom
2026-02-09 19:49:19,233 [Worker-15: Importing Maven projects] INFO  o.e.m.c.i.e.AbstractTransferListenerAdapter - Downloading https://repo.maven.apache.org/maven2/org/apache/maven/maven-artifact-manager/2.2.1/maven-artifact-manager-2.2.1.pom
2026-02-09 19:49:19,237 [Worker-15: Importing Maven projects] INFO  o.e.m.c.i.e.AbstractTransferListenerAdapter - Downloaded https://repo.maven.apache.org/maven2/org/apache/maven/maven-artifact-manager/2.2.1/maven-artifact-manager-2.2.1.pom
2026-02-09 19:49:19,327 [Worker-15: Importing Maven projects] INFO  o.e.m.c.i.e.AbstractTransferListenerAdapter - Downloaded https://repo.spring.io/snapshot/backport-util-concurrent/backport-util-concurrent/3.1/backport-util-concurrent-3.1.pom
2026-02-09 19:49:19,413 [Worker-15: Importing Maven projects] INFO  o.e.m.c.i.e.AbstractTransferListenerAdapter - Downloaded https://repo.spring.io/milestone/backport-util-concurrent/backport-util-concurrent/3.1/backport-util-concurrent-3.1.pom
2026-02-09 19:49:19,503 [Worker-15: Importing Maven projects] INFO  o.e.m.c.i.e.AbstractTransferListenerAdapter - Downloading https://repo.maven.apache.org/maven2/backport-util-concurrent/backport-util-concurrent/3.1/backport-util-concurrent-3.1.pom
2026-02-09 19:49:19,507 [Worker-15: Importing Maven projects] INFO  o.e.m.c.i.e.AbstractTransferListenerAdapter - Downloaded https://repo.maven.apache.org/maven2/backport-util-concurrent/backport-util-concurrent/3.1/backport-util-concurrent-3.1.pom
2026-02-09 19:49:19,592 [Worker-15: Importing Maven projects] INFO  o.e.m.c.i.e.AbstractTransferListenerAdapter - Downloaded https://repo.spring.io/snapshot/org/apache/maven/maven-plugin-registry/2.2.1/maven-plugin-registry-2.2.1.pom
2026-02-09 19:49:19,678 [Worker-15: Importing Maven projects] INFO  o.e.m.c.i.e.AbstractTransferListenerAdapter - Downloaded https://repo.spring.io/milestone/org/apache/maven/maven-plugin-registry/2.2.1/maven-plugin-registry-2.2.1.pom
2026-02-09 19:49:19,761 [Worker-15: Importing Maven projects] INFO  o.e.m.c.i.e.AbstractTransferListenerAdapter - Downloading https://repo.maven.apache.org/maven2/org/apache/maven/maven-plugin-registry/2.2.1/maven-plugin-registry-2.2.1.pom
2026-02-09 19:49:19,765 [Worker-15: Importing Maven projects] INFO  o.e.m.c.i.e.AbstractTransferListenerAdapter - Downloaded https://repo.maven.apache.org/maven2/org/apache/maven/maven-plugin-registry/2.2.1/maven-plugin-registry-2.2.1.pom
2026-02-09 19:49:19,855 [Worker-15: Importing Maven projects] INFO  o.e.m.c.i.e.AbstractTransferListenerAdapter - Downloaded https://repo.spring.io/snapshot/org/apache/maven/maven-plugin-descriptor/2.2.1/maven-plugin-descriptor-2.2.1.pom
2026-02-09 19:49:19,945 [Worker-15: Importing Maven projects] INFO  o.e.m.c.i.e.AbstractTransferListenerAdapter - Downloaded https://repo.spring.io/milestone/org/apache/maven/maven-plugin-descriptor/2.2.1/maven-plugin-descriptor-2.2.1.pom
2026-02-09 19:49:20,024 [Worker-15: Importing Maven projects] INFO  o.e.m.c.i.e.AbstractTransferListenerAdapter - Downloading https://repo.maven.apache.org/maven2/org/apache/maven/maven-plugin-descriptor/2.2.1/maven-plugin-descriptor-2.2.1.pom
2026-02-09 19:49:20,027 [Worker-15: Importing Maven projects] INFO  o.e.m.c.i.e.AbstractTransferListenerAdapter - Downloaded https://repo.maven.apache.org/maven2/org/apache/maven/maven-plugin-descriptor/2.2.1/maven-plugin-descriptor-2.2.1.pom
2026-02-09 19:49:20,115 [Worker-15: Importing Maven projects] INFO  o.e.m.c.i.e.AbstractTransferListenerAdapter - Downloaded https://repo.spring.io/snapshot/org/apache/maven/maven-monitor/2.2.1/maven-monitor-2.2.1.pom
2026-02-09 19:49:20,201 [Worker-15: Importing Maven projects] INFO  o.e.m.c.i.e.AbstractTransferListenerAdapter - Downloaded https://repo.spring.io/milestone/org/apache/maven/maven-monitor/2.2.1/maven-monitor-2.2.1.pom
2026-02-09 19:49:20,292 [Worker-15: Importing Maven projects] INFO  o.e.m.c.i.e.AbstractTransferListenerAdapter - Downloading https://repo.maven.apache.org/maven2/org/apache/maven/maven-monitor/2.2.1/maven-monitor-2.2.1.pom
2026-02-09 19:49:20,296 [Worker-15: Importing Maven projects] INFO  o.e.m.c.i.e.AbstractTransferListenerAdapter - Downloaded https://repo.maven.apache.org/maven2/org/apache/maven/maven-monitor/2.2.1/maven-monitor-2.2.1.pom
2026-02-09 19:49:20,378 [Worker-15: Importing Maven projects] INFO  o.e.m.c.i.e.AbstractTransferListenerAdapter - Downloaded https://repo.spring.io/snapshot/org/apache/maven/shared/maven-shared-utils/0.1/maven-shared-utils-0.1.pom
2026-02-09 19:49:20,465 [Worker-15: Importing Maven projects] INFO  o.e.m.c.i.e.AbstractTransferListenerAdapter - Downloaded https://repo.spring.io/milestone/org/apache/maven/shared/maven-shared-utils/0.1/maven-shared-utils-0.1.pom
2026-02-09 19:49:20,542 [Worker-15: Importing Maven projects] INFO  o.e.m.c.i.e.AbstractTransferListenerAdapter - Downloading https://repo.maven.apache.org/maven2/org/apache/maven/shared/maven-shared-utils/0.1/maven-shared-utils-0.1.pom
2026-02-09 19:49:20,547 [Worker-15: Importing Maven projects] INFO  o.e.m.c.i.e.AbstractTransferListenerAdapter - Downloaded https://repo.maven.apache.org/maven2/org/apache/maven/shared/maven-shared-utils/0.1/maven-shared-utils-0.1.pom
2026-02-09 19:49:20,647 [Worker-15: Importing Maven projects] INFO  o.e.m.c.i.e.AbstractTransferListenerAdapter - Downloaded https://repo.spring.io/snapshot/org/apache/maven/shared/maven-shared-components/18/maven-shared-components-18.pom
2026-02-09 19:49:20,736 [Worker-15: Importing Maven projects] INFO  o.e.m.c.i.e.AbstractTransferListenerAdapter - Downloaded https://repo.spring.io/milestone/org/apache/maven/shared/maven-shared-components/18/maven-shared-components-18.pom
2026-02-09 19:49:20,825 [Worker-15: Importing Maven projects] INFO  o.e.m.c.i.e.AbstractTransferListenerAdapter - Downloading https://repo.maven.apache.org/maven2/org/apache/maven/shared/maven-shared-components/18/maven-shared-components-18.pom
2026-02-09 19:49:20,832 [Worker-15: Importing Maven projects] INFO  o.e.m.c.i.e.AbstractTransferListenerAdapter - Downloaded https://repo.maven.apache.org/maven2/org/apache/maven/shared/maven-shared-components/18/maven-shared-components-18.pom
2026-02-09 19:49:20,925 [Worker-15: Importing Maven projects] INFO  o.e.m.c.i.e.AbstractTransferListenerAdapter - Downloaded https://repo.spring.io/snapshot/org/apache/maven/maven-parent/22/maven-parent-22.pom
2026-02-09 19:49:21,010 [Worker-15: Importing Maven projects] INFO  o.e.m.c.i.e.AbstractTransferListenerAdapter - Downloaded https://repo.spring.io/milestone/org/apache/maven/maven-parent/22/maven-parent-22.pom
2026-02-09 19:49:21,085 [Worker-15: Importing Maven projects] INFO  o.e.m.c.i.e.AbstractTransferListenerAdapter - Downloading https://repo.maven.apache.org/maven2/org/apache/maven/maven-parent/22/maven-parent-22.pom
2026-02-09 19:49:21,090 [Worker-15: Importing Maven projects] INFO  o.e.m.c.i.e.AbstractTransferListenerAdapter - Downloaded https://repo.maven.apache.org/maven2/org/apache/maven/maven-parent/22/maven-parent-22.pom
2026-02-09 19:49:21,177 [Worker-15: Importing Maven projects] INFO  o.e.m.c.i.e.AbstractTransferListenerAdapter - Downloaded https://repo.spring.io/snapshot/org/apache/apache/11/apache-11.pom
2026-02-09 19:49:21,262 [Worker-15: Importing Maven projects] INFO  o.e.m.c.i.e.AbstractTransferListenerAdapter - Downloaded https://repo.spring.io/milestone/org/apache/apache/11/apache-11.pom
2026-02-09 19:49:21,341 [Worker-15: Importing Maven projects] INFO  o.e.m.c.i.e.AbstractTransferListenerAdapter - Downloading https://repo.maven.apache.org/maven2/org/apache/apache/11/apache-11.pom
2026-02-09 19:49:21,360 [Worker-15: Importing Maven projects] INFO  o.e.m.c.i.e.AbstractTransferListenerAdapter - Downloaded https://repo.maven.apache.org/maven2/org/apache/apache/11/apache-11.pom
2026-02-09 19:49:21,447 [Worker-15: Importing Maven projects] INFO  o.e.m.c.i.e.AbstractTransferListenerAdapter - Downloaded https://repo.spring.io/snapshot/com/google/code/findbugs/jsr305/2.0.1/jsr305-2.0.1.pom
2026-02-09 19:49:21,535 [Worker-15: Importing Maven projects] INFO  o.e.m.c.i.e.AbstractTransferListenerAdapter - Downloaded https://repo.spring.io/milestone/com/google/code/findbugs/jsr305/2.0.1/jsr305-2.0.1.pom
2026-02-09 19:49:21,612 [Worker-15: Importing Maven projects] INFO  o.e.m.c.i.e.AbstractTransferListenerAdapter - Downloading https://repo.maven.apache.org/maven2/com/google/code/findbugs/jsr305/2.0.1/jsr305-2.0.1.pom
2026-02-09 19:49:21,617 [Worker-15: Importing Maven projects] INFO  o.e.m.c.i.e.AbstractTransferListenerAdapter - Downloaded https://repo.maven.apache.org/maven2/com/google/code/findbugs/jsr305/2.0.1/jsr305-2.0.1.pom
2026-02-09 19:49:21,703 [Worker-15: Importing Maven projects] INFO  o.e.m.c.i.e.AbstractTransferListenerAdapter - Downloaded https://repo.spring.io/snapshot/org/codehaus/plexus/plexus-java/0.9.10/plexus-java-0.9.10.pom
2026-02-09 19:49:21,787 [Worker-15: Importing Maven projects] INFO  o.e.m.c.i.e.AbstractTransferListenerAdapter - Downloaded https://repo.spring.io/milestone/org/codehaus/plexus/plexus-java/0.9.10/plexus-java-0.9.10.pom
2026-02-09 19:49:21,881 [Worker-15: Importing Maven projects] INFO  o.e.m.c.i.e.AbstractTransferListenerAdapter - Downloading https://repo.maven.apache.org/maven2/org/codehaus/plexus/plexus-java/0.9.10/plexus-java-0.9.10.pom
2026-02-09 19:49:21,886 [Worker-15: Importing Maven projects] INFO  o.e.m.c.i.e.AbstractTransferListenerAdapter - Downloaded https://repo.maven.apache.org/maven2/org/codehaus/plexus/plexus-java/0.9.10/plexus-java-0.9.10.pom
2026-02-09 19:49:21,974 [Worker-15: Importing Maven projects] INFO  o.e.m.c.i.e.AbstractTransferListenerAdapter - Downloaded https://repo.spring.io/snapshot/org/codehaus/plexus/plexus-languages/0.9.10/plexus-languages-0.9.10.pom
2026-02-09 19:49:22,060 [Worker-15: Importing Maven projects] INFO  o.e.m.c.i.e.AbstractTransferListenerAdapter - Downloaded https://repo.spring.io/milestone/org/codehaus/plexus/plexus-languages/0.9.10/plexus-languages-0.9.10.pom
2026-02-09 19:49:22,139 [Worker-15: Importing Maven projects] INFO  o.e.m.c.i.e.AbstractTransferListenerAdapter - Downloading https://repo.maven.apache.org/maven2/org/codehaus/plexus/plexus-languages/0.9.10/plexus-languages-0.9.10.pom
2026-02-09 19:49:22,144 [Worker-15: Importing Maven projects] INFO  o.e.m.c.i.e.AbstractTransferListenerAdapter - Downloaded https://repo.maven.apache.org/maven2/org/codehaus/plexus/plexus-languages/0.9.10/plexus-languages-0.9.10.pom
2026-02-09 19:49:22,238 [Worker-15: Importing Maven projects] INFO  o.e.m.c.i.e.AbstractTransferListenerAdapter - Downloaded https://repo.spring.io/snapshot/org/ow2/asm/asm/6.2/asm-6.2.pom
2026-02-09 19:49:22,328 [Worker-15: Importing Maven projects] INFO  o.e.m.c.i.e.AbstractTransferListenerAdapter - Downloaded https://repo.spring.io/milestone/org/ow2/asm/asm/6.2/asm-6.2.pom
2026-02-09 19:49:22,405 [Worker-15: Importing Maven projects] INFO  o.e.m.c.i.e.AbstractTransferListenerAdapter - Downloading https://repo.maven.apache.org/maven2/org/ow2/asm/asm/6.2/asm-6.2.pom
2026-02-09 19:49:22,409 [Worker-15: Importing Maven projects] INFO  o.e.m.c.i.e.AbstractTransferListenerAdapter - Downloaded https://repo.maven.apache.org/maven2/org/ow2/asm/asm/6.2/asm-6.2.pom
2026-02-09 19:49:22,507 [Worker-15: Importing Maven projects] INFO  o.e.m.c.i.e.AbstractTransferListenerAdapter - Downloaded https://repo.spring.io/snapshot/org/ow2/ow2/1.5/ow2-1.5.pom
2026-02-09 19:49:22,589 [Worker-15: Importing Maven projects] INFO  o.e.m.c.i.e.AbstractTransferListenerAdapter - Downloaded https://repo.spring.io/milestone/org/ow2/ow2/1.5/ow2-1.5.pom
2026-02-09 19:49:22,718 [Worker-15: Importing Maven projects] INFO  o.e.m.c.i.e.AbstractTransferListenerAdapter - Downloading https://repo.maven.apache.org/maven2/org/ow2/ow2/1.5/ow2-1.5.pom
2026-02-09 19:49:22,724 [Worker-15: Importing Maven projects] INFO  o.e.m.c.i.e.AbstractTransferListenerAdapter - Downloaded https://repo.maven.apache.org/maven2/org/ow2/ow2/1.5/ow2-1.5.pom
2026-02-09 19:49:22,844 [Worker-15: Importing Maven projects] INFO  o.e.m.c.i.e.AbstractTransferListenerAdapter - Downloaded https://repo.spring.io/snapshot/com/thoughtworks/qdox/qdox/2.0-M9/qdox-2.0-M9.pom
2026-02-09 19:49:22,967 [Worker-15: Importing Maven projects] INFO  o.e.m.c.i.e.AbstractTransferListenerAdapter - Downloaded https://repo.spring.io/milestone/com/thoughtworks/qdox/qdox/2.0-M9/qdox-2.0-M9.pom
2026-02-09 19:49:23,092 [Worker-15: Importing Maven projects] INFO  o.e.m.c.i.e.AbstractTransferListenerAdapter - Downloading https://repo.maven.apache.org/maven2/com/thoughtworks/qdox/qdox/2.0-M9/qdox-2.0-M9.pom
2026-02-09 19:49:23,108 [Worker-15: Importing Maven projects] INFO  o.e.m.c.i.e.AbstractTransferListenerAdapter - Downloaded https://repo.maven.apache.org/maven2/com/thoughtworks/qdox/qdox/2.0-M9/qdox-2.0-M9.pom
2026-02-09 19:49:23,214 [Worker-15: Importing Maven projects] INFO  o.e.m.c.i.e.AbstractTransferListenerAdapter - Downloaded https://repo.spring.io/snapshot/org/sonatype/oss/oss-parent/9/oss-parent-9.pom
2026-02-09 19:49:23,337 [Worker-15: Importing Maven projects] INFO  o.e.m.c.i.e.AbstractTransferListenerAdapter - Downloaded https://repo.spring.io/milestone/org/sonatype/oss/oss-parent/9/oss-parent-9.pom
2026-02-09 19:49:23,466 [Worker-15: Importing Maven projects] INFO  o.e.m.c.i.e.AbstractTransferListenerAdapter - Downloading https://repo.maven.apache.org/maven2/org/sonatype/oss/oss-parent/9/oss-parent-9.pom
2026-02-09 19:49:23,470 [Worker-15: Importing Maven projects] INFO  o.e.m.c.i.e.AbstractTransferListenerAdapter - Downloaded https://repo.maven.apache.org/maven2/org/sonatype/oss/oss-parent/9/oss-parent-9.pom
2026-02-09 19:49:23,591 [Worker-15: Importing Maven projects] INFO  o.e.m.c.i.e.AbstractTransferListenerAdapter - Downloaded https://repo.spring.io/snapshot/org/codehaus/plexus/plexus-compiler-api/2.8.4/plexus-compiler-api-2.8.4.pom
2026-02-09 19:49:23,716 [Worker-15: Importing Maven projects] INFO  o.e.m.c.i.e.AbstractTransferListenerAdapter - Downloaded https://repo.spring.io/milestone/org/codehaus/plexus/plexus-compiler-api/2.8.4/plexus-compiler-api-2.8.4.pom
2026-02-09 19:49:23,841 [Worker-15: Importing Maven projects] INFO  o.e.m.c.i.e.AbstractTransferListenerAdapter - Downloading https://repo.maven.apache.org/maven2/org/codehaus/plexus/plexus-compiler-api/2.8.4/plexus-compiler-api-2.8.4.pom
2026-02-09 19:49:23,844 [Worker-15: Importing Maven projects] INFO  o.e.m.c.i.e.AbstractTransferListenerAdapter - Downloaded https://repo.maven.apache.org/maven2/org/codehaus/plexus/plexus-compiler-api/2.8.4/plexus-compiler-api-2.8.4.pom
2026-02-09 19:49:23,964 [Worker-15: Importing Maven projects] INFO  o.e.m.c.i.e.AbstractTransferListenerAdapter - Downloaded https://repo.spring.io/snapshot/org/codehaus/plexus/plexus-compiler/2.8.4/plexus-compiler-2.8.4.pom
2026-02-09 19:49:24,093 [Worker-15: Importing Maven projects] INFO  o.e.m.c.i.e.AbstractTransferListenerAdapter - Downloaded https://repo.spring.io/milestone/org/codehaus/plexus/plexus-compiler/2.8.4/plexus-compiler-2.8.4.pom
2026-02-09 19:49:24,229 [Worker-15: Importing Maven projects] INFO  o.e.m.c.i.e.AbstractTransferListenerAdapter - Downloading https://repo.maven.apache.org/maven2/org/codehaus/plexus/plexus-compiler/2.8.4/plexus-compiler-2.8.4.pom
2026-02-09 19:49:24,233 [Worker-15: Importing Maven projects] INFO  o.e.m.c.i.e.AbstractTransferListenerAdapter - Downloaded https://repo.maven.apache.org/maven2/org/codehaus/plexus/plexus-compiler/2.8.4/plexus-compiler-2.8.4.pom
2026-02-09 19:49:24,324 [Worker-15: Importing Maven projects] INFO  o.e.m.c.i.e.AbstractTransferListenerAdapter - Downloaded https://repo.spring.io/snapshot/org/codehaus/plexus/plexus-components/4.0/plexus-components-4.0.pom
2026-02-09 19:49:24,416 [Worker-15: Importing Maven projects] INFO  o.e.m.c.i.e.AbstractTransferListenerAdapter - Downloaded https://repo.spring.io/milestone/org/codehaus/plexus/plexus-components/4.0/plexus-components-4.0.pom
2026-02-09 19:49:24,554 [Worker-15: Importing Maven projects] INFO  o.e.m.c.i.e.AbstractTransferListenerAdapter - Downloading https://repo.maven.apache.org/maven2/org/codehaus/plexus/plexus-components/4.0/plexus-components-4.0.pom
2026-02-09 19:49:24,559 [Worker-15: Importing Maven projects] INFO  o.e.m.c.i.e.AbstractTransferListenerAdapter - Downloaded https://repo.maven.apache.org/maven2/org/codehaus/plexus/plexus-components/4.0/plexus-components-4.0.pom
2026-02-09 19:49:24,668 [Worker-15: Importing Maven projects] INFO  o.e.m.c.i.e.AbstractTransferListenerAdapter - Downloaded https://repo.spring.io/snapshot/org/codehaus/plexus/plexus-utils/3.0.22/plexus-utils-3.0.22.pom
2026-02-09 19:49:24,793 [Worker-15: Importing Maven projects] INFO  o.e.m.c.i.e.AbstractTransferListenerAdapter - Downloaded https://repo.spring.io/milestone/org/codehaus/plexus/plexus-utils/3.0.22/plexus-utils-3.0.22.pom
2026-02-09 19:49:24,922 [Worker-15: Importing Maven projects] INFO  o.e.m.c.i.e.AbstractTransferListenerAdapter - Downloading https://repo.maven.apache.org/maven2/org/codehaus/plexus/plexus-utils/3.0.22/plexus-utils-3.0.22.pom
2026-02-09 19:49:24,927 [Worker-15: Importing Maven projects] INFO  o.e.m.c.i.e.AbstractTransferListenerAdapter - Downloaded https://repo.maven.apache.org/maven2/org/codehaus/plexus/plexus-utils/3.0.22/plexus-utils-3.0.22.pom
2026-02-09 19:49:25,047 [Worker-15: Importing Maven projects] INFO  o.e.m.c.i.e.AbstractTransferListenerAdapter - Downloaded https://repo.spring.io/snapshot/org/codehaus/plexus/plexus/3.3.1/plexus-3.3.1.pom
2026-02-09 19:49:25,171 [Worker-15: Importing Maven projects] INFO  o.e.m.c.i.e.AbstractTransferListenerAdapter - Downloaded https://repo.spring.io/milestone/org/codehaus/plexus/plexus/3.3.1/plexus-3.3.1.pom
2026-02-09 19:49:25,310 [Worker-15: Importing Maven projects] INFO  o.e.m.c.i.e.AbstractTransferListenerAdapter - Downloading https://repo.maven.apache.org/maven2/org/codehaus/plexus/plexus/3.3.1/plexus-3.3.1.pom
2026-02-09 19:49:25,314 [Worker-15: Importing Maven projects] INFO  o.e.m.c.i.e.AbstractTransferListenerAdapter - Downloaded https://repo.maven.apache.org/maven2/org/codehaus/plexus/plexus/3.3.1/plexus-3.3.1.pom
2026-02-09 19:49:25,420 [Worker-15: Importing Maven projects] INFO  o.e.m.c.i.e.AbstractTransferListenerAdapter - Downloaded https://repo.spring.io/snapshot/org/sonatype/spice/spice-parent/17/spice-parent-17.pom
2026-02-09 19:49:25,544 [Worker-15: Importing Maven projects] INFO  o.e.m.c.i.e.AbstractTransferListenerAdapter - Downloaded https://repo.spring.io/milestone/org/sonatype/spice/spice-parent/17/spice-parent-17.pom
2026-02-09 19:49:25,669 [Worker-15: Importing Maven projects] INFO  o.e.m.c.i.e.AbstractTransferListenerAdapter - Downloading https://repo.maven.apache.org/maven2/org/sonatype/spice/spice-parent/17/spice-parent-17.pom
2026-02-09 19:49:25,673 [Worker-15: Importing Maven projects] INFO  o.e.m.c.i.e.AbstractTransferListenerAdapter - Downloaded https://repo.maven.apache.org/maven2/org/sonatype/spice/spice-parent/17/spice-parent-17.pom
2026-02-09 19:49:25,792 [Worker-15: Importing Maven projects] INFO  o.e.m.c.i.e.AbstractTransferListenerAdapter - Downloaded https://repo.spring.io/snapshot/org/codehaus/plexus/plexus-compiler-manager/2.8.4/plexus-compiler-manager-2.8.4.pom
2026-02-09 19:49:25,916 [Worker-15: Importing Maven projects] INFO  o.e.m.c.i.e.AbstractTransferListenerAdapter - Downloaded https://repo.spring.io/milestone/org/codehaus/plexus/plexus-compiler-manager/2.8.4/plexus-compiler-manager-2.8.4.pom
2026-02-09 19:49:26,042 [Worker-15: Importing Maven projects] INFO  o.e.m.c.i.e.AbstractTransferListenerAdapter - Downloading https://repo.maven.apache.org/maven2/org/codehaus/plexus/plexus-compiler-manager/2.8.4/plexus-compiler-manager-2.8.4.pom
2026-02-09 19:49:26,045 [Worker-15: Importing Maven projects] INFO  o.e.m.c.i.e.AbstractTransferListenerAdapter - Downloaded https://repo.maven.apache.org/maven2/org/codehaus/plexus/plexus-compiler-manager/2.8.4/plexus-compiler-manager-2.8.4.pom
2026-02-09 19:49:26,166 [Worker-15: Importing Maven projects] INFO  o.e.m.c.i.e.AbstractTransferListenerAdapter - Downloaded https://repo.spring.io/snapshot/org/codehaus/plexus/plexus-compiler-javac/2.8.4/plexus-compiler-javac-2.8.4.pom
2026-02-09 19:49:26,290 [Worker-15: Importing Maven projects] INFO  o.e.m.c.i.e.AbstractTransferListenerAdapter - Downloaded https://repo.spring.io/milestone/org/codehaus/plexus/plexus-compiler-javac/2.8.4/plexus-compiler-javac-2.8.4.pom
2026-02-09 19:49:26,435 [Worker-15: Importing Maven projects] INFO  o.e.m.c.i.e.AbstractTransferListenerAdapter - Downloading https://repo.maven.apache.org/maven2/org/codehaus/plexus/plexus-compiler-javac/2.8.4/plexus-compiler-javac-2.8.4.pom
2026-02-09 19:49:26,440 [Worker-15: Importing Maven projects] INFO  o.e.m.c.i.e.AbstractTransferListenerAdapter - Downloaded https://repo.maven.apache.org/maven2/org/codehaus/plexus/plexus-compiler-javac/2.8.4/plexus-compiler-javac-2.8.4.pom
2026-02-09 19:49:26,546 [Worker-15: Importing Maven projects] INFO  o.e.m.c.i.e.AbstractTransferListenerAdapter - Downloaded https://repo.spring.io/snapshot/org/codehaus/plexus/plexus-compilers/2.8.4/plexus-compilers-2.8.4.pom
2026-02-09 19:49:26,682 [Worker-15: Importing Maven projects] INFO  o.e.m.c.i.e.AbstractTransferListenerAdapter - Downloaded https://repo.spring.io/milestone/org/codehaus/plexus/plexus-compilers/2.8.4/plexus-compilers-2.8.4.pom
2026-02-09 19:49:26,825 [Worker-15: Importing Maven projects] INFO  o.e.m.c.i.e.AbstractTransferListenerAdapter - Downloading https://repo.maven.apache.org/maven2/org/codehaus/plexus/plexus-compilers/2.8.4/plexus-compilers-2.8.4.pom
2026-02-09 19:49:26,828 [Worker-15: Importing Maven projects] INFO  o.e.m.c.i.e.AbstractTransferListenerAdapter - Downloaded https://repo.maven.apache.org/maven2/org/codehaus/plexus/plexus-compilers/2.8.4/plexus-compilers-2.8.4.pom
2026-02-09 19:49:26,950 [Worker-15: Importing Maven projects] INFO  o.e.m.c.i.e.AbstractTransferListenerAdapter - Downloaded https://repo.spring.io/snapshot/org/apache/maven/maven-plugin-api/3.0/maven-plugin-api-3.0.jar
2026-02-09 19:49:27,088 [BasicRepositoryConnector-repo.spring.io-0-2] INFO  o.e.m.c.i.e.AbstractTransferListenerAdapter - Downloaded https://repo.spring.io/snapshot/org/sonatype/sisu/sisu-inject-bean/1.4.2/sisu-inject-bean-1.4.2.jar
2026-02-09 19:49:27,216 [BasicRepositoryConnector-repo.spring.io-0-2] INFO  o.e.m.c.i.e.AbstractTransferListenerAdapter - Downloaded https://repo.spring.io/snapshot/org/codehaus/plexus/plexus-utils/2.0.4/plexus-utils-2.0.4.jar
2026-02-09 19:49:27,356 [BasicRepositoryConnector-repo.spring.io-0-2] INFO  o.e.m.c.i.e.AbstractTransferListenerAdapter - Downloaded https://repo.spring.io/snapshot/org/apache/maven/maven-core/3.0/maven-core-3.0.jar
2026-02-09 19:49:27,493 [BasicRepositoryConnector-repo.spring.io-0-0] INFO  o.e.m.c.i.e.AbstractTransferListenerAdapter - Downloaded https://repo.spring.io/snapshot/org/apache/maven/maven-model/3.0/maven-model-3.0.jar
2026-02-09 19:49:27,495 [BasicRepositoryConnector-repo.spring.io-0-1] INFO  o.e.m.c.i.e.AbstractTransferListenerAdapter - Downloaded https://repo.spring.io/snapshot/org/sonatype/sisu/sisu-inject-plexus/1.4.2/sisu-inject-plexus-1.4.2.jar
2026-02-09 19:49:27,495 [BasicRepositoryConnector-repo.spring.io-0-4] INFO  o.e.m.c.i.e.AbstractTransferListenerAdapter - Downloaded https://repo.spring.io/snapshot/org/apache/maven/maven-artifact/3.0/maven-artifact-3.0.jar
2026-02-09 19:49:27,495 [BasicRepositoryConnector-repo.spring.io-0-2] INFO  o.e.m.c.i.e.AbstractTransferListenerAdapter - Downloaded https://repo.spring.io/snapshot/org/apache/maven/maven-settings/3.0/maven-settings-3.0.jar
2026-02-09 19:49:27,495 [BasicRepositoryConnector-repo.spring.io-0-3] INFO  o.e.m.c.i.e.AbstractTransferListenerAdapter - Downloaded https://repo.spring.io/snapshot/org/sonatype/sisu/sisu-guice/2.1.7/sisu-guice-2.1.7-noaop.jar
2026-02-09 19:49:27,577 [BasicRepositoryConnector-repo.spring.io-0-3] INFO  o.e.m.c.i.e.AbstractTransferListenerAdapter - Downloaded https://repo.spring.io/snapshot/org/apache/maven/maven-aether-provider/3.0/maven-aether-provider-3.0.jar
2026-02-09 19:49:27,577 [BasicRepositoryConnector-repo.spring.io-0-1] INFO  o.e.m.c.i.e.AbstractTransferListenerAdapter - Downloaded https://repo.spring.io/snapshot/org/apache/maven/maven-repository-metadata/3.0/maven-repository-metadata-3.0.jar
2026-02-09 19:49:27,577 [BasicRepositoryConnector-repo.spring.io-0-0] INFO  o.e.m.c.i.e.AbstractTransferListenerAdapter - Downloaded https://repo.spring.io/snapshot/org/apache/maven/maven-settings-builder/3.0/maven-settings-builder-3.0.jar
2026-02-09 19:49:27,580 [BasicRepositoryConnector-repo.spring.io-0-2] INFO  o.e.m.c.i.e.AbstractTransferListenerAdapter - Downloaded https://repo.spring.io/snapshot/org/sonatype/aether/aether-impl/1.7/aether-impl-1.7.jar
2026-02-09 19:49:27,580 [BasicRepositoryConnector-repo.spring.io-0-4] INFO  o.e.m.c.i.e.AbstractTransferListenerAdapter - Downloaded https://repo.spring.io/snapshot/org/apache/maven/maven-model-builder/3.0/maven-model-builder-3.0.jar
2026-02-09 19:49:27,661 [BasicRepositoryConnector-repo.spring.io-0-4] INFO  o.e.m.c.i.e.AbstractTransferListenerAdapter - Downloaded https://repo.spring.io/snapshot/org/codehaus/plexus/plexus-classworlds/2.2.3/plexus-classworlds-2.2.3.jar
2026-02-09 19:49:27,662 [BasicRepositoryConnector-repo.spring.io-0-2] INFO  o.e.m.c.i.e.AbstractTransferListenerAdapter - Downloaded https://repo.spring.io/snapshot/org/codehaus/plexus/plexus-interpolation/1.14/plexus-interpolation-1.14.jar
2026-02-09 19:49:27,666 [BasicRepositoryConnector-repo.spring.io-0-1] INFO  o.e.m.c.i.e.AbstractTransferListenerAdapter - Downloaded https://repo.spring.io/snapshot/org/sonatype/aether/aether-api/1.7/aether-api-1.7.jar
2026-02-09 19:49:27,667 [BasicRepositoryConnector-repo.spring.io-0-0] INFO  o.e.m.c.i.e.AbstractTransferListenerAdapter - Downloaded https://repo.spring.io/snapshot/org/sonatype/aether/aether-util/1.7/aether-util-1.7.jar
2026-02-09 19:49:27,667 [BasicRepositoryConnector-repo.spring.io-0-3] INFO  o.e.m.c.i.e.AbstractTransferListenerAdapter - Downloaded https://repo.spring.io/snapshot/org/sonatype/aether/aether-spi/1.7/aether-spi-1.7.jar
2026-02-09 19:49:27,739 [BasicRepositoryConnector-repo.spring.io-0-2] INFO  o.e.m.c.i.e.AbstractTransferListenerAdapter - Downloaded https://repo.spring.io/snapshot/org/sonatype/plexus/plexus-sec-dispatcher/1.3/plexus-sec-dispatcher-1.3.jar
2026-02-09 19:49:27,749 [BasicRepositoryConnector-repo.spring.io-0-4] INFO  o.e.m.c.i.e.AbstractTransferListenerAdapter - Downloaded https://repo.spring.io/snapshot/org/codehaus/plexus/plexus-component-annotations/1.7.1/plexus-component-annotations-1.7.1.jar
2026-02-09 19:49:27,753 [BasicRepositoryConnector-repo.spring.io-0-1] INFO  o.e.m.c.i.e.AbstractTransferListenerAdapter - Downloaded https://repo.spring.io/snapshot/org/sonatype/plexus/plexus-cipher/1.4/plexus-cipher-1.4.jar
2026-02-09 19:49:27,755 [BasicRepositoryConnector-repo.spring.io-0-3] INFO  o.e.m.c.i.e.AbstractTransferListenerAdapter - Downloaded https://repo.spring.io/snapshot/commons-io/commons-io/2.5/commons-io-2.5.jar
2026-02-09 19:49:27,755 [BasicRepositoryConnector-repo.spring.io-0-0] INFO  o.e.m.c.i.e.AbstractTransferListenerAdapter - Downloaded https://repo.spring.io/snapshot/org/apache/maven/shared/maven-shared-utils/3.2.1/maven-shared-utils-3.2.1.jar
2026-02-09 19:49:27,822 [BasicRepositoryConnector-repo.spring.io-0-2] INFO  o.e.m.c.i.e.AbstractTransferListenerAdapter - Downloaded https://repo.spring.io/snapshot/org/apache/maven/shared/maven-shared-incremental/1.1/maven-shared-incremental-1.1.jar
2026-02-09 19:49:27,837 [BasicRepositoryConnector-repo.spring.io-0-1] INFO  o.e.m.c.i.e.AbstractTransferListenerAdapter - Downloaded https://repo.spring.io/snapshot/org/ow2/asm/asm/6.2/asm-6.2.jar
2026-02-09 19:49:27,838 [BasicRepositoryConnector-repo.spring.io-0-3] INFO  o.e.m.c.i.e.AbstractTransferListenerAdapter - Downloaded https://repo.spring.io/snapshot/com/thoughtworks/qdox/qdox/2.0-M9/qdox-2.0-M9.jar
2026-02-09 19:49:27,838 [BasicRepositoryConnector-repo.spring.io-0-0] INFO  o.e.m.c.i.e.AbstractTransferListenerAdapter - Downloaded https://repo.spring.io/snapshot/org/codehaus/plexus/plexus-compiler-api/2.8.4/plexus-compiler-api-2.8.4.jar
2026-02-09 19:49:27,841 [BasicRepositoryConnector-repo.spring.io-0-4] INFO  o.e.m.c.i.e.AbstractTransferListenerAdapter - Downloaded https://repo.spring.io/snapshot/org/codehaus/plexus/plexus-java/0.9.10/plexus-java-0.9.10.jar
2026-02-09 19:49:27,892 [BasicRepositoryConnector-repo.spring.io-0-2] INFO  o.e.m.c.i.e.AbstractTransferListenerAdapter - Downloaded https://repo.spring.io/snapshot/org/codehaus/plexus/plexus-compiler-manager/2.8.4/plexus-compiler-manager-2.8.4.jar
2026-02-09 19:49:27,922 [BasicRepositoryConnector-repo.spring.io-0-1] INFO  o.e.m.c.i.e.AbstractTransferListenerAdapter - Downloaded https://repo.spring.io/snapshot/org/codehaus/plexus/plexus-compiler-javac/2.8.4/plexus-compiler-javac-2.8.4.jar
2026-02-09 19:49:28,096 [Worker-15: Importing Maven projects] INFO  o.e.m.c.i.e.AbstractTransferListenerAdapter - Downloaded https://repo.spring.io/milestone/org/apache/maven/maven-plugin-api/3.0/maven-plugin-api-3.0.jar
2026-02-09 19:49:28,181 [BasicRepositoryConnector-repo.spring.io-1-4] INFO  o.e.m.c.i.e.AbstractTransferListenerAdapter - Downloaded https://repo.spring.io/milestone/org/apache/maven/maven-artifact/3.0/maven-artifact-3.0.jar
2026-02-09 19:49:28,181 [BasicRepositoryConnector-repo.spring.io-1-3] INFO  o.e.m.c.i.e.AbstractTransferListenerAdapter - Downloaded https://repo.spring.io/milestone/org/sonatype/sisu/sisu-guice/2.1.7/sisu-guice-2.1.7-noaop.jar
2026-02-09 19:49:28,185 [BasicRepositoryConnector-repo.spring.io-1-0] INFO  o.e.m.c.i.e.AbstractTransferListenerAdapter - Downloaded https://repo.spring.io/milestone/org/apache/maven/maven-model/3.0/maven-model-3.0.jar
2026-02-09 19:49:28,186 [BasicRepositoryConnector-repo.spring.io-1-2] INFO  o.e.m.c.i.e.AbstractTransferListenerAdapter - Downloaded https://repo.spring.io/milestone/org/sonatype/sisu/sisu-inject-bean/1.4.2/sisu-inject-bean-1.4.2.jar
2026-02-09 19:49:28,187 [BasicRepositoryConnector-repo.spring.io-1-1] INFO  o.e.m.c.i.e.AbstractTransferListenerAdapter - Downloaded https://repo.spring.io/milestone/org/sonatype/sisu/sisu-inject-plexus/1.4.2/sisu-inject-plexus-1.4.2.jar
2026-02-09 19:49:28,269 [BasicRepositoryConnector-repo.spring.io-1-4] INFO  o.e.m.c.i.e.AbstractTransferListenerAdapter - Downloaded https://repo.spring.io/milestone/org/codehaus/plexus/plexus-utils/2.0.4/plexus-utils-2.0.4.jar
2026-02-09 19:49:28,269 [BasicRepositoryConnector-repo.spring.io-1-3] INFO  o.e.m.c.i.e.AbstractTransferListenerAdapter - Downloaded https://repo.spring.io/milestone/org/apache/maven/maven-core/3.0/maven-core-3.0.jar
2026-02-09 19:49:28,272 [BasicRepositoryConnector-repo.spring.io-1-0] INFO  o.e.m.c.i.e.AbstractTransferListenerAdapter - Downloaded https://repo.spring.io/milestone/org/apache/maven/maven-settings/3.0/maven-settings-3.0.jar
2026-02-09 19:49:28,274 [BasicRepositoryConnector-repo.spring.io-1-1] INFO  o.e.m.c.i.e.AbstractTransferListenerAdapter - Downloaded https://repo.spring.io/milestone/org/apache/maven/maven-repository-metadata/3.0/maven-repository-metadata-3.0.jar
2026-02-09 19:49:28,274 [BasicRepositoryConnector-repo.spring.io-1-2] INFO  o.e.m.c.i.e.AbstractTransferListenerAdapter - Downloaded https://repo.spring.io/milestone/org/apache/maven/maven-settings-builder/3.0/maven-settings-builder-3.0.jar
2026-02-09 19:49:28,348 [BasicRepositoryConnector-repo.spring.io-1-4] INFO  o.e.m.c.i.e.AbstractTransferListenerAdapter - Downloaded https://repo.spring.io/milestone/org/apache/maven/maven-aether-provider/3.0/maven-aether-provider-3.0.jar
2026-02-09 19:49:28,361 [BasicRepositoryConnector-repo.spring.io-1-3] INFO  o.e.m.c.i.e.AbstractTransferListenerAdapter - Downloaded https://repo.spring.io/milestone/org/apache/maven/maven-model-builder/3.0/maven-model-builder-3.0.jar
2026-02-09 19:49:28,361 [BasicRepositoryConnector-repo.spring.io-1-0] INFO  o.e.m.c.i.e.AbstractTransferListenerAdapter - Downloaded https://repo.spring.io/milestone/org/sonatype/aether/aether-impl/1.7/aether-impl-1.7.jar
2026-02-09 19:49:28,363 [BasicRepositoryConnector-repo.spring.io-1-1] INFO  o.e.m.c.i.e.AbstractTransferListenerAdapter - Downloaded https://repo.spring.io/milestone/org/sonatype/aether/aether-spi/1.7/aether-spi-1.7.jar
2026-02-09 19:49:28,364 [BasicRepositoryConnector-repo.spring.io-1-2] INFO  o.e.m.c.i.e.AbstractTransferListenerAdapter - Downloaded https://repo.spring.io/milestone/org/sonatype/aether/aether-api/1.7/aether-api-1.7.jar
2026-02-09 19:49:28,421 [BasicRepositoryConnector-repo.spring.io-1-4] INFO  o.e.m.c.i.e.AbstractTransferListenerAdapter - Downloaded https://repo.spring.io/milestone/org/sonatype/aether/aether-util/1.7/aether-util-1.7.jar
2026-02-09 19:49:28,446 [BasicRepositoryConnector-repo.spring.io-1-0] INFO  o.e.m.c.i.e.AbstractTransferListenerAdapter - Downloaded https://repo.spring.io/milestone/org/codehaus/plexus/plexus-classworlds/2.2.3/plexus-classworlds-2.2.3.jar
2026-02-09 19:49:28,451 [BasicRepositoryConnector-repo.spring.io-1-3] INFO  o.e.m.c.i.e.AbstractTransferListenerAdapter - Downloaded https://repo.spring.io/milestone/org/codehaus/plexus/plexus-interpolation/1.14/plexus-interpolation-1.14.jar
2026-02-09 19:49:28,452 [BasicRepositoryConnector-repo.spring.io-1-1] INFO  o.e.m.c.i.e.AbstractTransferListenerAdapter - Downloaded https://repo.spring.io/milestone/org/codehaus/plexus/plexus-component-annotations/1.7.1/plexus-component-annotations-1.7.1.jar
2026-02-09 19:49:28,452 [BasicRepositoryConnector-repo.spring.io-1-2] INFO  o.e.m.c.i.e.AbstractTransferListenerAdapter - Downloaded https://repo.spring.io/milestone/org/sonatype/plexus/plexus-sec-dispatcher/1.3/plexus-sec-dispatcher-1.3.jar
2026-02-09 19:49:28,503 [BasicRepositoryConnector-repo.spring.io-1-4] INFO  o.e.m.c.i.e.AbstractTransferListenerAdapter - Downloaded https://repo.spring.io/milestone/org/sonatype/plexus/plexus-cipher/1.4/plexus-cipher-1.4.jar
2026-02-09 19:49:28,534 [BasicRepositoryConnector-repo.spring.io-1-0] INFO  o.e.m.c.i.e.AbstractTransferListenerAdapter - Downloaded https://repo.spring.io/milestone/org/apache/maven/shared/maven-shared-utils/3.2.1/maven-shared-utils-3.2.1.jar
2026-02-09 19:49:28,537 [BasicRepositoryConnector-repo.spring.io-1-2] INFO  o.e.m.c.i.e.AbstractTransferListenerAdapter - Downloaded https://repo.spring.io/milestone/org/codehaus/plexus/plexus-java/0.9.10/plexus-java-0.9.10.jar
2026-02-09 19:49:28,538 [BasicRepositoryConnector-repo.spring.io-1-1] INFO  o.e.m.c.i.e.AbstractTransferListenerAdapter - Downloaded https://repo.spring.io/milestone/org/apache/maven/shared/maven-shared-incremental/1.1/maven-shared-incremental-1.1.jar
2026-02-09 19:49:28,539 [BasicRepositoryConnector-repo.spring.io-1-3] INFO  o.e.m.c.i.e.AbstractTransferListenerAdapter - Downloaded https://repo.spring.io/milestone/commons-io/commons-io/2.5/commons-io-2.5.jar
2026-02-09 19:49:28,585 [BasicRepositoryConnector-repo.spring.io-1-4] INFO  o.e.m.c.i.e.AbstractTransferListenerAdapter - Downloaded https://repo.spring.io/milestone/org/ow2/asm/asm/6.2/asm-6.2.jar
2026-02-09 19:49:28,621 [BasicRepositoryConnector-repo.spring.io-1-0] INFO  o.e.m.c.i.e.AbstractTransferListenerAdapter - Downloaded https://repo.spring.io/milestone/com/thoughtworks/qdox/qdox/2.0-M9/qdox-2.0-M9.jar
2026-02-09 19:49:28,626 [BasicRepositoryConnector-repo.spring.io-1-2] INFO  o.e.m.c.i.e.AbstractTransferListenerAdapter - Downloaded https://repo.spring.io/milestone/org/codehaus/plexus/plexus-compiler-api/2.8.4/plexus-compiler-api-2.8.4.jar
2026-02-09 19:49:28,628 [BasicRepositoryConnector-repo.spring.io-1-3] INFO  o.e.m.c.i.e.AbstractTransferListenerAdapter - Downloaded https://repo.spring.io/milestone/org/codehaus/plexus/plexus-compiler-javac/2.8.4/plexus-compiler-javac-2.8.4.jar
2026-02-09 19:49:28,628 [BasicRepositoryConnector-repo.spring.io-1-1] INFO  o.e.m.c.i.e.AbstractTransferListenerAdapter - Downloaded https://repo.spring.io/milestone/org/codehaus/plexus/plexus-compiler-manager/2.8.4/plexus-compiler-manager-2.8.4.jar
2026-02-09 19:49:28,766 [Worker-15: Importing Maven projects] INFO  o.e.m.c.i.e.AbstractTransferListenerAdapter - Downloading https://repo.maven.apache.org/maven2/org/apache/maven/maven-plugin-api/3.0/maven-plugin-api-3.0.jar
2026-02-09 19:49:28,782 [Worker-15: Importing Maven projects] INFO  o.e.m.c.i.e.AbstractTransferListenerAdapter - Downloaded https://repo.maven.apache.org/maven2/org/apache/maven/maven-plugin-api/3.0/maven-plugin-api-3.0.jar
2026-02-09 19:49:28,854 [BasicRepositoryConnector-repo.maven.apache.org-2-2] INFO  o.e.m.c.i.e.AbstractTransferListenerAdapter - Downloading https://repo.maven.apache.org/maven2/org/sonatype/sisu/sisu-inject-bean/1.4.2/sisu-inject-bean-1.4.2.jar
2026-02-09 19:49:28,866 [BasicRepositoryConnector-repo.maven.apache.org-2-2] INFO  o.e.m.c.i.e.AbstractTransferListenerAdapter - Downloaded https://repo.maven.apache.org/maven2/org/sonatype/sisu/sisu-inject-bean/1.4.2/sisu-inject-bean-1.4.2.jar
2026-02-09 19:49:28,938 [BasicRepositoryConnector-repo.maven.apache.org-2-2] INFO  o.e.m.c.i.e.AbstractTransferListenerAdapter - Downloading https://repo.maven.apache.org/maven2/org/codehaus/plexus/plexus-utils/2.0.4/plexus-utils-2.0.4.jar
2026-02-09 19:49:28,956 [BasicRepositoryConnector-repo.maven.apache.org-2-2] INFO  o.e.m.c.i.e.AbstractTransferListenerAdapter - Downloaded https://repo.maven.apache.org/maven2/org/codehaus/plexus/plexus-utils/2.0.4/plexus-utils-2.0.4.jar
2026-02-09 19:49:28,976 [BasicRepositoryConnector-repo.maven.apache.org-2-1] INFO  o.e.m.c.i.e.AbstractTransferListenerAdapter - Downloading https://repo.maven.apache.org/maven2/org/sonatype/sisu/sisu-inject-plexus/1.4.2/sisu-inject-plexus-1.4.2.jar
2026-02-09 19:49:28,979 [BasicRepositoryConnector-repo.maven.apache.org-2-4] INFO  o.e.m.c.i.e.AbstractTransferListenerAdapter - Downloading https://repo.maven.apache.org/maven2/org/apache/maven/maven-artifact/3.0/maven-artifact-3.0.jar
2026-02-09 19:49:28,981 [BasicRepositoryConnector-repo.maven.apache.org-2-3] INFO  o.e.m.c.i.e.AbstractTransferListenerAdapter - Downloading https://repo.maven.apache.org/maven2/org/sonatype/sisu/sisu-guice/2.1.7/sisu-guice-2.1.7-noaop.jar
2026-02-09 19:49:28,987 [BasicRepositoryConnector-repo.maven.apache.org-2-0] INFO  o.e.m.c.i.e.AbstractTransferListenerAdapter - Downloading https://repo.maven.apache.org/maven2/org/apache/maven/maven-model/3.0/maven-model-3.0.jar
2026-02-09 19:49:28,990 [BasicRepositoryConnector-repo.maven.apache.org-2-4] INFO  o.e.m.c.i.e.AbstractTransferListenerAdapter - Downloaded https://repo.maven.apache.org/maven2/org/apache/maven/maven-artifact/3.0/maven-artifact-3.0.jar
2026-02-09 19:49:29,031 [BasicRepositoryConnector-repo.maven.apache.org-2-2] INFO  o.e.m.c.i.e.AbstractTransferListenerAdapter - Downloading https://repo.maven.apache.org/maven2/org/apache/maven/maven-core/3.0/maven-core-3.0.jar
2026-02-09 19:49:29,052 [BasicRepositoryConnector-repo.maven.apache.org-2-0] INFO  o.e.m.c.i.e.AbstractTransferListenerAdapter - Downloaded https://repo.maven.apache.org/maven2/org/apache/maven/maven-model/3.0/maven-model-3.0.jar
2026-02-09 19:49:29,075 [BasicRepositoryConnector-repo.maven.apache.org-2-4] INFO  o.e.m.c.i.e.AbstractTransferListenerAdapter - Downloading https://repo.maven.apache.org/maven2/org/apache/maven/maven-settings/3.0/maven-settings-3.0.jar
2026-02-09 19:49:29,078 [BasicRepositoryConnector-repo.maven.apache.org-2-2] INFO  o.e.m.c.i.e.AbstractTransferListenerAdapter - Downloaded https://repo.maven.apache.org/maven2/org/apache/maven/maven-core/3.0/maven-core-3.0.jar
2026-02-09 19:49:29,085 [BasicRepositoryConnector-repo.maven.apache.org-2-4] INFO  o.e.m.c.i.e.AbstractTransferListenerAdapter - Downloaded https://repo.maven.apache.org/maven2/org/apache/maven/maven-settings/3.0/maven-settings-3.0.jar
2026-02-09 19:49:29,090 [BasicRepositoryConnector-repo.maven.apache.org-2-1] INFO  o.e.m.c.i.e.AbstractTransferListenerAdapter - Downloaded https://repo.maven.apache.org/maven2/org/sonatype/sisu/sisu-inject-plexus/1.4.2/sisu-inject-plexus-1.4.2.jar
2026-02-09 19:49:29,136 [BasicRepositoryConnector-repo.maven.apache.org-2-0] INFO  o.e.m.c.i.e.AbstractTransferListenerAdapter - Downloading https://repo.maven.apache.org/maven2/org/apache/maven/maven-settings-builder/3.0/maven-settings-builder-3.0.jar
2026-02-09 19:49:29,143 [BasicRepositoryConnector-repo.maven.apache.org-2-0] INFO  o.e.m.c.i.e.AbstractTransferListenerAdapter - Downloaded https://repo.maven.apache.org/maven2/org/apache/maven/maven-settings-builder/3.0/maven-settings-builder-3.0.jar
2026-02-09 19:49:29,147 [BasicRepositoryConnector-repo.maven.apache.org-2-3] INFO  o.e.m.c.i.e.AbstractTransferListenerAdapter - Downloaded https://repo.maven.apache.org/maven2/org/sonatype/sisu/sisu-guice/2.1.7/sisu-guice-2.1.7-noaop.jar
2026-02-09 19:49:29,153 [BasicRepositoryConnector-repo.maven.apache.org-2-2] INFO  o.e.m.c.i.e.AbstractTransferListenerAdapter - Downloading https://repo.maven.apache.org/maven2/org/apache/maven/maven-repository-metadata/3.0/maven-repository-metadata-3.0.jar
2026-02-09 19:49:29,156 [BasicRepositoryConnector-repo.maven.apache.org-2-4] INFO  o.e.m.c.i.e.AbstractTransferListenerAdapter - Downloading https://repo.maven.apache.org/maven2/org/apache/maven/maven-model-builder/3.0/maven-model-builder-3.0.jar
2026-02-09 19:49:29,159 [BasicRepositoryConnector-repo.maven.apache.org-2-2] INFO  o.e.m.c.i.e.AbstractTransferListenerAdapter - Downloaded https://repo.maven.apache.org/maven2/org/apache/maven/maven-repository-metadata/3.0/maven-repository-metadata-3.0.jar
2026-02-09 19:49:29,161 [BasicRepositoryConnector-repo.maven.apache.org-2-1] INFO  o.e.m.c.i.e.AbstractTransferListenerAdapter - Downloading https://repo.maven.apache.org/maven2/org/apache/maven/maven-aether-provider/3.0/maven-aether-provider-3.0.jar
2026-02-09 19:49:29,170 [BasicRepositoryConnector-repo.maven.apache.org-2-1] INFO  o.e.m.c.i.e.AbstractTransferListenerAdapter - Downloaded https://repo.maven.apache.org/maven2/org/apache/maven/maven-aether-provider/3.0/maven-aether-provider-3.0.jar
2026-02-09 19:49:29,173 [BasicRepositoryConnector-repo.maven.apache.org-2-4] INFO  o.e.m.c.i.e.AbstractTransferListenerAdapter - Downloaded https://repo.maven.apache.org/maven2/org/apache/maven/maven-model-builder/3.0/maven-model-builder-3.0.jar
2026-02-09 19:49:29,221 [BasicRepositoryConnector-repo.maven.apache.org-2-3] INFO  o.e.m.c.i.e.AbstractTransferListenerAdapter - Downloading https://repo.maven.apache.org/maven2/org/sonatype/aether/aether-spi/1.7/aether-spi-1.7.jar
2026-02-09 19:49:29,223 [BasicRepositoryConnector-repo.maven.apache.org-2-0] INFO  o.e.m.c.i.e.AbstractTransferListenerAdapter - Downloading https://repo.maven.apache.org/maven2/org/sonatype/aether/aether-impl/1.7/aether-impl-1.7.jar
2026-02-09 19:49:29,227 [BasicRepositoryConnector-repo.maven.apache.org-2-3] INFO  o.e.m.c.i.e.AbstractTransferListenerAdapter - Downloaded https://repo.maven.apache.org/maven2/org/sonatype/aether/aether-spi/1.7/aether-spi-1.7.jar
2026-02-09 19:49:29,232 [BasicRepositoryConnector-repo.maven.apache.org-2-0] INFO  o.e.m.c.i.e.AbstractTransferListenerAdapter - Downloaded https://repo.maven.apache.org/maven2/org/sonatype/aether/aether-impl/1.7/aether-impl-1.7.jar
2026-02-09 19:49:29,234 [BasicRepositoryConnector-repo.maven.apache.org-2-1] INFO  o.e.m.c.i.e.AbstractTransferListenerAdapter - Downloading https://repo.maven.apache.org/maven2/org/sonatype/aether/aether-util/1.7/aether-util-1.7.jar
2026-02-09 19:49:29,237 [BasicRepositoryConnector-repo.maven.apache.org-2-2] INFO  o.e.m.c.i.e.AbstractTransferListenerAdapter - Downloading https://repo.maven.apache.org/maven2/org/sonatype/aether/aether-api/1.7/aether-api-1.7.jar
2026-02-09 19:49:29,244 [BasicRepositoryConnector-repo.maven.apache.org-2-4] INFO  o.e.m.c.i.e.AbstractTransferListenerAdapter - Downloading https://repo.maven.apache.org/maven2/org/codehaus/plexus/plexus-interpolation/1.14/plexus-interpolation-1.14.jar
2026-02-09 19:49:29,246 [BasicRepositoryConnector-repo.maven.apache.org-2-2] INFO  o.e.m.c.i.e.AbstractTransferListenerAdapter - Downloaded https://repo.maven.apache.org/maven2/org/sonatype/aether/aether-api/1.7/aether-api-1.7.jar
2026-02-09 19:49:29,248 [BasicRepositoryConnector-repo.maven.apache.org-2-1] INFO  o.e.m.c.i.e.AbstractTransferListenerAdapter - Downloaded https://repo.maven.apache.org/maven2/org/sonatype/aether/aether-util/1.7/aether-util-1.7.jar
2026-02-09 19:49:29,251 [BasicRepositoryConnector-repo.maven.apache.org-2-4] INFO  o.e.m.c.i.e.AbstractTransferListenerAdapter - Downloaded https://repo.maven.apache.org/maven2/org/codehaus/plexus/plexus-interpolation/1.14/plexus-interpolation-1.14.jar
2026-02-09 19:49:29,314 [BasicRepositoryConnector-repo.maven.apache.org-2-3] INFO  o.e.m.c.i.e.AbstractTransferListenerAdapter - Downloading https://repo.maven.apache.org/maven2/org/codehaus/plexus/plexus-classworlds/2.2.3/plexus-classworlds-2.2.3.jar
2026-02-09 19:49:29,316 [BasicRepositoryConnector-repo.maven.apache.org-2-0] INFO  o.e.m.c.i.e.AbstractTransferListenerAdapter - Downloading https://repo.maven.apache.org/maven2/org/codehaus/plexus/plexus-component-annotations/1.7.1/plexus-component-annotations-1.7.1.jar
2026-02-09 19:49:29,319 [BasicRepositoryConnector-repo.maven.apache.org-2-3] INFO  o.e.m.c.i.e.AbstractTransferListenerAdapter - Downloaded https://repo.maven.apache.org/maven2/org/codehaus/plexus/plexus-classworlds/2.2.3/plexus-classworlds-2.2.3.jar
2026-02-09 19:49:29,320 [BasicRepositoryConnector-repo.maven.apache.org-2-0] INFO  o.e.m.c.i.e.AbstractTransferListenerAdapter - Downloaded https://repo.maven.apache.org/maven2/org/codehaus/plexus/plexus-component-annotations/1.7.1/plexus-component-annotations-1.7.1.jar
2026-02-09 19:49:29,323 [BasicRepositoryConnector-repo.maven.apache.org-2-1] INFO  o.e.m.c.i.e.AbstractTransferListenerAdapter - Downloading https://repo.maven.apache.org/maven2/org/sonatype/plexus/plexus-cipher/1.4/plexus-cipher-1.4.jar
2026-02-09 19:49:29,325 [BasicRepositoryConnector-repo.maven.apache.org-2-4] INFO  o.e.m.c.i.e.AbstractTransferListenerAdapter - Downloading https://repo.maven.apache.org/maven2/org/apache/maven/shared/maven-shared-utils/3.2.1/maven-shared-utils-3.2.1.jar
2026-02-09 19:49:29,327 [BasicRepositoryConnector-repo.maven.apache.org-2-1] INFO  o.e.m.c.i.e.AbstractTransferListenerAdapter - Downloaded https://repo.maven.apache.org/maven2/org/sonatype/plexus/plexus-cipher/1.4/plexus-cipher-1.4.jar
2026-02-09 19:49:29,334 [BasicRepositoryConnector-repo.maven.apache.org-2-2] INFO  o.e.m.c.i.e.AbstractTransferListenerAdapter - Downloading https://repo.maven.apache.org/maven2/org/sonatype/plexus/plexus-sec-dispatcher/1.3/plexus-sec-dispatcher-1.3.jar
2026-02-09 19:49:29,339 [BasicRepositoryConnector-repo.maven.apache.org-2-2] INFO  o.e.m.c.i.e.AbstractTransferListenerAdapter - Downloaded https://repo.maven.apache.org/maven2/org/sonatype/plexus/plexus-sec-dispatcher/1.3/plexus-sec-dispatcher-1.3.jar
2026-02-09 19:49:29,340 [BasicRepositoryConnector-repo.maven.apache.org-2-4] INFO  o.e.m.c.i.e.AbstractTransferListenerAdapter - Downloaded https://repo.maven.apache.org/maven2/org/apache/maven/shared/maven-shared-utils/3.2.1/maven-shared-utils-3.2.1.jar
2026-02-09 19:49:29,393 [BasicRepositoryConnector-repo.maven.apache.org-2-3] INFO  o.e.m.c.i.e.AbstractTransferListenerAdapter - Downloading https://repo.maven.apache.org/maven2/commons-io/commons-io/2.5/commons-io-2.5.jar
2026-02-09 19:49:29,398 [BasicRepositoryConnector-repo.maven.apache.org-2-1] INFO  o.e.m.c.i.e.AbstractTransferListenerAdapter - Downloading https://repo.maven.apache.org/maven2/org/codehaus/plexus/plexus-java/0.9.10/plexus-java-0.9.10.jar
2026-02-09 19:49:29,402 [BasicRepositoryConnector-repo.maven.apache.org-2-0] INFO  o.e.m.c.i.e.AbstractTransferListenerAdapter - Downloading https://repo.maven.apache.org/maven2/org/apache/maven/shared/maven-shared-incremental/1.1/maven-shared-incremental-1.1.jar
2026-02-09 19:49:29,404 [BasicRepositoryConnector-repo.maven.apache.org-2-1] INFO  o.e.m.c.i.e.AbstractTransferListenerAdapter - Downloaded https://repo.maven.apache.org/maven2/org/codehaus/plexus/plexus-java/0.9.10/plexus-java-0.9.10.jar
2026-02-09 19:49:29,406 [BasicRepositoryConnector-repo.maven.apache.org-2-0] INFO  o.e.m.c.i.e.AbstractTransferListenerAdapter - Downloaded https://repo.maven.apache.org/maven2/org/apache/maven/shared/maven-shared-incremental/1.1/maven-shared-incremental-1.1.jar
2026-02-09 19:49:29,410 [BasicRepositoryConnector-repo.maven.apache.org-2-2] INFO  o.e.m.c.i.e.AbstractTransferListenerAdapter - Downloading https://repo.maven.apache.org/maven2/org/ow2/asm/asm/6.2/asm-6.2.jar
2026-02-09 19:49:29,416 [BasicRepositoryConnector-repo.maven.apache.org-2-4] INFO  o.e.m.c.i.e.AbstractTransferListenerAdapter - Downloading https://repo.maven.apache.org/maven2/com/thoughtworks/qdox/qdox/2.0-M9/qdox-2.0-M9.jar
2026-02-09 19:49:29,421 [BasicRepositoryConnector-repo.maven.apache.org-2-2] INFO  o.e.m.c.i.e.AbstractTransferListenerAdapter - Downloaded https://repo.maven.apache.org/maven2/org/ow2/asm/asm/6.2/asm-6.2.jar
2026-02-09 19:49:29,437 [BasicRepositoryConnector-repo.maven.apache.org-2-4] INFO  o.e.m.c.i.e.AbstractTransferListenerAdapter - Downloaded https://repo.maven.apache.org/maven2/com/thoughtworks/qdox/qdox/2.0-M9/qdox-2.0-M9.jar
2026-02-09 19:49:29,454 [BasicRepositoryConnector-repo.maven.apache.org-2-3] INFO  o.e.m.c.i.e.AbstractTransferListenerAdapter - Downloaded https://repo.maven.apache.org/maven2/commons-io/commons-io/2.5/commons-io-2.5.jar
2026-02-09 19:49:29,467 [BasicRepositoryConnector-repo.maven.apache.org-2-1] INFO  o.e.m.c.i.e.AbstractTransferListenerAdapter - Downloading https://repo.maven.apache.org/maven2/org/codehaus/plexus/plexus-compiler-api/2.8.4/plexus-compiler-api-2.8.4.jar
2026-02-09 19:49:29,471 [BasicRepositoryConnector-repo.maven.apache.org-2-1] INFO  o.e.m.c.i.e.AbstractTransferListenerAdapter - Downloaded https://repo.maven.apache.org/maven2/org/codehaus/plexus/plexus-compiler-api/2.8.4/plexus-compiler-api-2.8.4.jar
2026-02-09 19:49:29,472 [BasicRepositoryConnector-repo.maven.apache.org-2-0] INFO  o.e.m.c.i.e.AbstractTransferListenerAdapter - Downloading https://repo.maven.apache.org/maven2/org/codehaus/plexus/plexus-compiler-manager/2.8.4/plexus-compiler-manager-2.8.4.jar
2026-02-09 19:49:29,476 [BasicRepositoryConnector-repo.maven.apache.org-2-0] INFO  o.e.m.c.i.e.AbstractTransferListenerAdapter - Downloaded https://repo.maven.apache.org/maven2/org/codehaus/plexus/plexus-compiler-manager/2.8.4/plexus-compiler-manager-2.8.4.jar
2026-02-09 19:49:29,507 [BasicRepositoryConnector-repo.maven.apache.org-2-2] INFO  o.e.m.c.i.e.AbstractTransferListenerAdapter - Downloading https://repo.maven.apache.org/maven2/org/codehaus/plexus/plexus-compiler-javac/2.8.4/plexus-compiler-javac-2.8.4.jar
2026-02-09 19:49:29,513 [BasicRepositoryConnector-repo.maven.apache.org-2-2] INFO  o.e.m.c.i.e.AbstractTransferListenerAdapter - Downloaded https://repo.maven.apache.org/maven2/org/codehaus/plexus/plexus-compiler-javac/2.8.4/plexus-compiler-javac-2.8.4.jar
2026-02-09 19:49:29,760 [Worker-15: Importing Maven projects] INFO  o.e.m.c.i.l.LifecycleMappingFactory - Using org.eclipse.m2e.jdt.JarLifecycleMapping lifecycle mapping for MavenProject: 15:15:15 @ C:\Users\SANDRA\Desktop\Universidad\2026\Semestre 5\Progra 3\Java+MavenArray\15\pom.xml.
2026-02-09 19:49:29,865 [Worker-15: Importing Maven projects] INFO  o.e.m.c.i.e.AbstractTransferListenerAdapter - Downloaded https://repo.spring.io/snapshot/org/springframework/boot/spring-boot-starter-webflux/2.1.0.RC1/spring-boot-starter-webflux-2.1.0.RC1.pom
2026-02-09 19:49:29,961 [Worker-15: Importing Maven projects] INFO  o.e.m.c.i.e.AbstractTransferListenerAdapter - Downloading https://repo.spring.io/milestone/org/springframework/boot/spring-boot-starter-webflux/2.1.0.RC1/spring-boot-starter-webflux-2.1.0.RC1.pom
2026-02-09 19:49:29,965 [Worker-15: Importing Maven projects] INFO  o.e.m.c.i.e.AbstractTransferListenerAdapter - Downloaded https://repo.spring.io/milestone/org/springframework/boot/spring-boot-starter-webflux/2.1.0.RC1/spring-boot-starter-webflux-2.1.0.RC1.pom
2026-02-09 19:49:30,059 [Worker-15: Importing Maven projects] INFO  o.e.m.c.i.e.AbstractTransferListenerAdapter - Downloaded https://repo.spring.io/snapshot/org/springframework/boot/spring-boot-starters/2.1.0.RC1/spring-boot-starters-2.1.0.RC1.pom
2026-02-09 19:49:30,153 [Worker-15: Importing Maven projects] INFO  o.e.m.c.i.e.AbstractTransferListenerAdapter - Downloading https://repo.spring.io/milestone/org/springframework/boot/spring-boot-starters/2.1.0.RC1/spring-boot-starters-2.1.0.RC1.pom
2026-02-09 19:49:30,158 [Worker-15: Importing Maven projects] INFO  o.e.m.c.i.e.AbstractTransferListenerAdapter - Downloaded https://repo.spring.io/milestone/org/springframework/boot/spring-boot-starters/2.1.0.RC1/spring-boot-starters-2.1.0.RC1.pom
2026-02-09 19:49:30,252 [Worker-15: Importing Maven projects] INFO  o.e.m.c.i.e.AbstractTransferListenerAdapter - Downloaded https://repo.spring.io/snapshot/org/springframework/boot/spring-boot-starter/2.1.0.RC1/spring-boot-starter-2.1.0.RC1.pom
2026-02-09 19:49:30,355 [Worker-15: Importing Maven projects] INFO  o.e.m.c.i.e.AbstractTransferListenerAdapter - Downloading https://repo.spring.io/milestone/org/springframework/boot/spring-boot-starter/2.1.0.RC1/spring-boot-starter-2.1.0.RC1.pom
2026-02-09 19:49:30,360 [Worker-15: Importing Maven projects] INFO  o.e.m.c.i.e.AbstractTransferListenerAdapter - Downloaded https://repo.spring.io/milestone/org/springframework/boot/spring-boot-starter/2.1.0.RC1/spring-boot-starter-2.1.0.RC1.pom
2026-02-09 19:49:30,454 [Worker-15: Importing Maven projects] INFO  o.e.m.c.i.e.AbstractTransferListenerAdapter - Downloaded https://repo.spring.io/snapshot/org/springframework/boot/spring-boot/2.1.0.RC1/spring-boot-2.1.0.RC1.pom
2026-02-09 19:49:30,549 [Worker-15: Importing Maven projects] INFO  o.e.m.c.i.e.AbstractTransferListenerAdapter - Downloading https://repo.spring.io/milestone/org/springframework/boot/spring-boot/2.1.0.RC1/spring-boot-2.1.0.RC1.pom
2026-02-09 19:49:30,630 [Worker-15: Importing Maven projects] INFO  o.e.m.c.i.e.AbstractTransferListenerAdapter - Downloaded https://repo.spring.io/milestone/org/springframework/boot/spring-boot/2.1.0.RC1/spring-boot-2.1.0.RC1.pom
2026-02-09 19:49:30,722 [Worker-15: Importing Maven projects] INFO  o.e.m.c.i.e.AbstractTransferListenerAdapter - Downloaded https://repo.spring.io/snapshot/org/springframework/spring-core/5.1.1.RELEASE/spring-core-5.1.1.RELEASE.pom
2026-02-09 19:49:30,808 [Worker-15: Importing Maven projects] INFO  o.e.m.c.i.e.AbstractTransferListenerAdapter - Downloaded https://repo.spring.io/milestone/org/springframework/spring-core/5.1.1.RELEASE/spring-core-5.1.1.RELEASE.pom
2026-02-09 19:49:30,895 [Worker-15: Importing Maven projects] INFO  o.e.m.c.i.e.AbstractTransferListenerAdapter - Downloading https://repo.maven.apache.org/maven2/org/springframework/spring-core/5.1.1.RELEASE/spring-core-5.1.1.RELEASE.pom
2026-02-09 19:49:30,898 [Worker-15: Importing Maven projects] INFO  o.e.m.c.i.e.AbstractTransferListenerAdapter - Downloaded https://repo.maven.apache.org/maven2/org/springframework/spring-core/5.1.1.RELEASE/spring-core-5.1.1.RELEASE.pom
2026-02-09 19:49:30,990 [Worker-15: Importing Maven projects] INFO  o.e.m.c.i.e.AbstractTransferListenerAdapter - Downloaded https://repo.spring.io/snapshot/org/springframework/spring-jcl/5.1.1.RELEASE/spring-jcl-5.1.1.RELEASE.pom
2026-02-09 19:49:31,070 [Worker-15: Importing Maven projects] INFO  o.e.m.c.i.e.AbstractTransferListenerAdapter - Downloaded https://repo.spring.io/milestone/org/springframework/spring-jcl/5.1.1.RELEASE/spring-jcl-5.1.1.RELEASE.pom
2026-02-09 19:49:31,145 [Worker-15: Importing Maven projects] INFO  o.e.m.c.i.e.AbstractTransferListenerAdapter - Downloading https://repo.maven.apache.org/maven2/org/springframework/spring-jcl/5.1.1.RELEASE/spring-jcl-5.1.1.RELEASE.pom
2026-02-09 19:49:31,149 [Worker-15: Importing Maven projects] INFO  o.e.m.c.i.e.AbstractTransferListenerAdapter - Downloaded https://repo.maven.apache.org/maven2/org/springframework/spring-jcl/5.1.1.RELEASE/spring-jcl-5.1.1.RELEASE.pom
2026-02-09 19:49:31,243 [Worker-15: Importing Maven projects] INFO  o.e.m.c.i.e.AbstractTransferListenerAdapter - Downloaded https://repo.spring.io/snapshot/org/springframework/spring-context/5.1.1.RELEASE/spring-context-5.1.1.RELEASE.pom
2026-02-09 19:49:31,339 [Worker-15: Importing Maven projects] INFO  o.e.m.c.i.e.AbstractTransferListenerAdapter - Downloaded https://repo.spring.io/milestone/org/springframework/spring-context/5.1.1.RELEASE/spring-context-5.1.1.RELEASE.pom
2026-02-09 19:49:31,423 [Worker-15: Importing Maven projects] INFO  o.e.m.c.i.e.AbstractTransferListenerAdapter - Downloading https://repo.maven.apache.org/maven2/org/springframework/spring-context/5.1.1.RELEASE/spring-context-5.1.1.RELEASE.pom
2026-02-09 19:49:31,426 [Worker-15: Importing Maven projects] INFO  o.e.m.c.i.e.AbstractTransferListenerAdapter - Downloaded https://repo.maven.apache.org/maven2/org/springframework/spring-context/5.1.1.RELEASE/spring-context-5.1.1.RELEASE.pom
2026-02-09 19:49:31,521 [Worker-15: Importing Maven projects] INFO  o.e.m.c.i.e.AbstractTransferListenerAdapter - Downloaded https://repo.spring.io/snapshot/org/springframework/spring-aop/5.1.1.RELEASE/spring-aop-5.1.1.RELEASE.pom
2026-02-09 19:49:31,610 [Worker-15: Importing Maven projects] INFO  o.e.m.c.i.e.AbstractTransferListenerAdapter - Downloaded https://repo.spring.io/milestone/org/springframework/spring-aop/5.1.1.RELEASE/spring-aop-5.1.1.RELEASE.pom
2026-02-09 19:49:31,734 [Worker-15: Importing Maven projects] INFO  o.e.m.c.i.e.AbstractTransferListenerAdapter - Downloading https://repo.maven.apache.org/maven2/org/springframework/spring-aop/5.1.1.RELEASE/spring-aop-5.1.1.RELEASE.pom
2026-02-09 19:49:31,738 [Worker-15: Importing Maven projects] INFO  o.e.m.c.i.e.AbstractTransferListenerAdapter - Downloaded https://repo.maven.apache.org/maven2/org/springframework/spring-aop/5.1.1.RELEASE/spring-aop-5.1.1.RELEASE.pom
2026-02-09 19:49:31,832 [Worker-15: Importing Maven projects] INFO  o.e.m.c.i.e.AbstractTransferListenerAdapter - Downloaded https://repo.spring.io/snapshot/org/springframework/spring-beans/5.1.1.RELEASE/spring-beans-5.1.1.RELEASE.pom
2026-02-09 19:49:31,925 [Worker-15: Importing Maven projects] INFO  o.e.m.c.i.e.AbstractTransferListenerAdapter - Downloaded https://repo.spring.io/milestone/org/springframework/spring-beans/5.1.1.RELEASE/spring-beans-5.1.1.RELEASE.pom
2026-02-09 19:49:31,998 [Worker-15: Importing Maven projects] INFO  o.e.m.c.i.e.AbstractTransferListenerAdapter - Downloading https://repo.maven.apache.org/maven2/org/springframework/spring-beans/5.1.1.RELEASE/spring-beans-5.1.1.RELEASE.pom
2026-02-09 19:49:32,002 [Worker-15: Importing Maven projects] INFO  o.e.m.c.i.e.AbstractTransferListenerAdapter - Downloaded https://repo.maven.apache.org/maven2/org/springframework/spring-beans/5.1.1.RELEASE/spring-beans-5.1.1.RELEASE.pom
2026-02-09 19:49:32,105 [Worker-15: Importing Maven projects] INFO  o.e.m.c.i.e.AbstractTransferListenerAdapter - Downloaded https://repo.spring.io/snapshot/org/springframework/spring-expression/5.1.1.RELEASE/spring-expression-5.1.1.RELEASE.pom
2026-02-09 19:49:32,196 [Worker-15: Importing Maven projects] INFO  o.e.m.c.i.e.AbstractTransferListenerAdapter - Downloaded https://repo.spring.io/milestone/org/springframework/spring-expression/5.1.1.RELEASE/spring-expression-5.1.1.RELEASE.pom
2026-02-09 19:49:32,353 [Worker-15: Importing Maven projects] INFO  o.e.m.c.i.e.AbstractTransferListenerAdapter - Downloading https://repo.maven.apache.org/maven2/org/springframework/spring-expression/5.1.1.RELEASE/spring-expression-5.1.1.RELEASE.pom
2026-02-09 19:49:32,356 [Worker-15: Importing Maven projects] INFO  o.e.m.c.i.e.AbstractTransferListenerAdapter - Downloaded https://repo.maven.apache.org/maven2/org/springframework/spring-expression/5.1.1.RELEASE/spring-expression-5.1.1.RELEASE.pom
2026-02-09 19:49:32,444 [Worker-15: Importing Maven projects] INFO  o.e.m.c.i.e.AbstractTransferListenerAdapter - Downloaded https://repo.spring.io/snapshot/org/springframework/boot/spring-boot-autoconfigure/2.1.0.RC1/spring-boot-autoconfigure-2.1.0.RC1.pom
2026-02-09 19:49:32,538 [Worker-15: Importing Maven projects] INFO  o.e.m.c.i.e.AbstractTransferListenerAdapter - Downloading https://repo.spring.io/milestone/org/springframework/boot/spring-boot-autoconfigure/2.1.0.RC1/spring-boot-autoconfigure-2.1.0.RC1.pom
2026-02-09 19:49:32,626 [Worker-15: Importing Maven projects] INFO  o.e.m.c.i.e.AbstractTransferListenerAdapter - Downloaded https://repo.spring.io/milestone/org/springframework/boot/spring-boot-autoconfigure/2.1.0.RC1/spring-boot-autoconfigure-2.1.0.RC1.pom
2026-02-09 19:49:32,718 [Worker-15: Importing Maven projects] INFO  o.e.m.c.i.e.AbstractTransferListenerAdapter - Downloaded https://repo.spring.io/snapshot/org/springframework/boot/spring-boot-starter-logging/2.1.0.RC1/spring-boot-starter-logging-2.1.0.RC1.pom
2026-02-09 19:49:32,823 [Worker-15: Importing Maven projects] INFO  o.e.m.c.i.e.AbstractTransferListenerAdapter - Downloading https://repo.spring.io/milestone/org/springframework/boot/spring-boot-starter-logging/2.1.0.RC1/spring-boot-starter-logging-2.1.0.RC1.pom
2026-02-09 19:49:32,826 [Worker-15: Importing Maven projects] INFO  o.e.m.c.i.e.AbstractTransferListenerAdapter - Downloaded https://repo.spring.io/milestone/org/springframework/boot/spring-boot-starter-logging/2.1.0.RC1/spring-boot-starter-logging-2.1.0.RC1.pom
2026-02-09 19:49:32,921 [Worker-15: Importing Maven projects] INFO  o.e.m.c.i.e.AbstractTransferListenerAdapter - Downloaded https://repo.spring.io/snapshot/ch/qos/logback/logback-classic/1.2.3/logback-classic-1.2.3.pom
2026-02-09 19:49:33,012 [Worker-15: Importing Maven projects] INFO  o.e.m.c.i.e.AbstractTransferListenerAdapter - Downloaded https://repo.spring.io/milestone/ch/qos/logback/logback-classic/1.2.3/logback-classic-1.2.3.pom
2026-02-09 19:49:33,113 [Worker-15: Importing Maven projects] INFO  o.e.m.c.i.e.AbstractTransferListenerAdapter - Downloading https://repo.maven.apache.org/maven2/ch/qos/logback/logback-classic/1.2.3/logback-classic-1.2.3.pom
2026-02-09 19:49:33,118 [Worker-15: Importing Maven projects] INFO  o.e.m.c.i.e.AbstractTransferListenerAdapter - Downloaded https://repo.maven.apache.org/maven2/ch/qos/logback/logback-classic/1.2.3/logback-classic-1.2.3.pom
2026-02-09 19:49:33,212 [Worker-15: Importing Maven projects] INFO  o.e.m.c.i.e.AbstractTransferListenerAdapter - Downloaded https://repo.spring.io/snapshot/ch/qos/logback/logback-parent/1.2.3/logback-parent-1.2.3.pom
2026-02-09 19:49:33,303 [Worker-15: Importing Maven projects] INFO  o.e.m.c.i.e.AbstractTransferListenerAdapter - Downloaded https://repo.spring.io/milestone/ch/qos/logback/logback-parent/1.2.3/logback-parent-1.2.3.pom
2026-02-09 19:49:33,399 [Worker-15: Importing Maven projects] INFO  o.e.m.c.i.e.AbstractTransferListenerAdapter - Downloading https://repo.maven.apache.org/maven2/ch/qos/logback/logback-parent/1.2.3/logback-parent-1.2.3.pom
2026-02-09 19:49:33,403 [Worker-15: Importing Maven projects] INFO  o.e.m.c.i.e.AbstractTransferListenerAdapter - Downloaded https://repo.maven.apache.org/maven2/ch/qos/logback/logback-parent/1.2.3/logback-parent-1.2.3.pom
2026-02-09 19:49:33,493 [Worker-15: Importing Maven projects] INFO  o.e.m.c.i.e.AbstractTransferListenerAdapter - Downloaded https://repo.spring.io/snapshot/ch/qos/logback/logback-core/1.2.3/logback-core-1.2.3.pom
2026-02-09 19:49:33,584 [Worker-15: Importing Maven projects] INFO  o.e.m.c.i.e.AbstractTransferListenerAdapter - Downloaded https://repo.spring.io/milestone/ch/qos/logback/logback-core/1.2.3/logback-core-1.2.3.pom
2026-02-09 19:49:33,684 [Worker-15: Importing Maven projects] INFO  o.e.m.c.i.e.AbstractTransferListenerAdapter - Downloading https://repo.maven.apache.org/maven2/ch/qos/logback/logback-core/1.2.3/logback-core-1.2.3.pom
2026-02-09 19:49:33,688 [Worker-15: Importing Maven projects] INFO  o.e.m.c.i.e.AbstractTransferListenerAdapter - Downloaded https://repo.maven.apache.org/maven2/ch/qos/logback/logback-core/1.2.3/logback-core-1.2.3.pom
2026-02-09 19:49:33,773 [Worker-15: Importing Maven projects] INFO  o.e.m.c.i.e.AbstractTransferListenerAdapter - Downloaded https://repo.spring.io/snapshot/org/slf4j/slf4j-api/1.7.25/slf4j-api-1.7.25.pom
2026-02-09 19:49:33,865 [Worker-15: Importing Maven projects] INFO  o.e.m.c.i.e.AbstractTransferListenerAdapter - Downloaded https://repo.spring.io/milestone/org/slf4j/slf4j-api/1.7.25/slf4j-api-1.7.25.pom
2026-02-09 19:49:33,942 [Worker-15: Importing Maven projects] INFO  o.e.m.c.i.e.AbstractTransferListenerAdapter - Downloading https://repo.maven.apache.org/maven2/org/slf4j/slf4j-api/1.7.25/slf4j-api-1.7.25.pom
2026-02-09 19:49:33,945 [Worker-15: Importing Maven projects] INFO  o.e.m.c.i.e.AbstractTransferListenerAdapter - Downloaded https://repo.maven.apache.org/maven2/org/slf4j/slf4j-api/1.7.25/slf4j-api-1.7.25.pom
2026-02-09 19:49:34,040 [Worker-15: Importing Maven projects] INFO  o.e.m.c.i.e.AbstractTransferListenerAdapter - Downloaded https://repo.spring.io/snapshot/org/slf4j/slf4j-parent/1.7.25/slf4j-parent-1.7.25.pom
2026-02-09 19:49:34,141 [Worker-15: Importing Maven projects] INFO  o.e.m.c.i.e.AbstractTransferListenerAdapter - Downloaded https://repo.spring.io/milestone/org/slf4j/slf4j-parent/1.7.25/slf4j-parent-1.7.25.pom
2026-02-09 19:49:34,242 [Worker-15: Importing Maven projects] INFO  o.e.m.c.i.e.AbstractTransferListenerAdapter - Downloading https://repo.maven.apache.org/maven2/org/slf4j/slf4j-parent/1.7.25/slf4j-parent-1.7.25.pom
2026-02-09 19:49:34,245 [Worker-15: Importing Maven projects] INFO  o.e.m.c.i.e.AbstractTransferListenerAdapter - Downloaded https://repo.maven.apache.org/maven2/org/slf4j/slf4j-parent/1.7.25/slf4j-parent-1.7.25.pom
2026-02-09 19:49:34,328 [Worker-15: Importing Maven projects] INFO  o.e.m.c.i.e.AbstractTransferListenerAdapter - Downloaded https://repo.spring.io/snapshot/org/apache/logging/log4j/log4j-to-slf4j/2.11.1/log4j-to-slf4j-2.11.1.pom
2026-02-09 19:49:34,427 [Worker-15: Importing Maven projects] INFO  o.e.m.c.i.e.AbstractTransferListenerAdapter - Downloaded https://repo.spring.io/milestone/org/apache/logging/log4j/log4j-to-slf4j/2.11.1/log4j-to-slf4j-2.11.1.pom
2026-02-09 19:49:34,510 [Worker-15: Importing Maven projects] INFO  o.e.m.c.i.e.AbstractTransferListenerAdapter - Downloading https://repo.maven.apache.org/maven2/org/apache/logging/log4j/log4j-to-slf4j/2.11.1/log4j-to-slf4j-2.11.1.pom
2026-02-09 19:49:34,513 [Worker-15: Importing Maven projects] INFO  o.e.m.c.i.e.AbstractTransferListenerAdapter - Downloaded https://repo.maven.apache.org/maven2/org/apache/logging/log4j/log4j-to-slf4j/2.11.1/log4j-to-slf4j-2.11.1.pom
2026-02-09 19:49:34,604 [Worker-15: Importing Maven projects] INFO  o.e.m.c.i.e.AbstractTransferListenerAdapter - Downloaded https://repo.spring.io/snapshot/org/apache/logging/log4j/log4j/2.11.1/log4j-2.11.1.pom
2026-02-09 19:49:34,701 [Worker-15: Importing Maven projects] INFO  o.e.m.c.i.e.AbstractTransferListenerAdapter - Downloaded https://repo.spring.io/milestone/org/apache/logging/log4j/log4j/2.11.1/log4j-2.11.1.pom
2026-02-09 19:49:34,906 [Worker-15: Importing Maven projects] INFO  o.e.m.c.i.e.AbstractTransferListenerAdapter - Downloading https://repo.maven.apache.org/maven2/org/apache/logging/log4j/log4j/2.11.1/log4j-2.11.1.pom
2026-02-09 19:49:34,912 [Worker-15: Importing Maven projects] INFO  o.e.m.c.i.e.AbstractTransferListenerAdapter - Downloaded https://repo.maven.apache.org/maven2/org/apache/logging/log4j/log4j/2.11.1/log4j-2.11.1.pom
2026-02-09 19:49:35,001 [Worker-15: Importing Maven projects] INFO  o.e.m.c.i.e.AbstractTransferListenerAdapter - Downloaded https://repo.spring.io/snapshot/org/apache/logging/log4j/log4j-api/2.11.1/log4j-api-2.11.1.pom
2026-02-09 19:49:35,096 [Worker-15: Importing Maven projects] INFO  o.e.m.c.i.e.AbstractTransferListenerAdapter - Downloaded https://repo.spring.io/milestone/org/apache/logging/log4j/log4j-api/2.11.1/log4j-api-2.11.1.pom
2026-02-09 19:49:35,180 [Worker-15: Importing Maven projects] INFO  o.e.m.c.i.e.AbstractTransferListenerAdapter - Downloading https://repo.maven.apache.org/maven2/org/apache/logging/log4j/log4j-api/2.11.1/log4j-api-2.11.1.pom
2026-02-09 19:49:35,185 [Worker-15: Importing Maven projects] INFO  o.e.m.c.i.e.AbstractTransferListenerAdapter - Downloaded https://repo.maven.apache.org/maven2/org/apache/logging/log4j/log4j-api/2.11.1/log4j-api-2.11.1.pom
2026-02-09 19:49:35,279 [Worker-15: Importing Maven projects] INFO  o.e.m.c.i.e.AbstractTransferListenerAdapter - Downloaded https://repo.spring.io/snapshot/org/slf4j/jul-to-slf4j/1.7.25/jul-to-slf4j-1.7.25.pom
2026-02-09 19:49:35,367 [Worker-15: Importing Maven projects] INFO  o.e.m.c.i.e.AbstractTransferListenerAdapter - Downloaded https://repo.spring.io/milestone/org/slf4j/jul-to-slf4j/1.7.25/jul-to-slf4j-1.7.25.pom
2026-02-09 19:49:35,444 [Worker-15: Importing Maven projects] INFO  o.e.m.c.i.e.AbstractTransferListenerAdapter - Downloading https://repo.maven.apache.org/maven2/org/slf4j/jul-to-slf4j/1.7.25/jul-to-slf4j-1.7.25.pom
2026-02-09 19:49:35,447 [Worker-15: Importing Maven projects] INFO  o.e.m.c.i.e.AbstractTransferListenerAdapter - Downloaded https://repo.maven.apache.org/maven2/org/slf4j/jul-to-slf4j/1.7.25/jul-to-slf4j-1.7.25.pom
2026-02-09 19:49:35,538 [Worker-15: Importing Maven projects] INFO  o.e.m.c.i.e.AbstractTransferListenerAdapter - Downloaded https://repo.spring.io/snapshot/javax/annotation/javax.annotation-api/1.3.2/javax.annotation-api-1.3.2.pom
2026-02-09 19:49:35,626 [Worker-15: Importing Maven projects] INFO  o.e.m.c.i.e.AbstractTransferListenerAdapter - Downloaded https://repo.spring.io/milestone/javax/annotation/javax.annotation-api/1.3.2/javax.annotation-api-1.3.2.pom
2026-02-09 19:49:35,713 [Worker-15: Importing Maven projects] INFO  o.e.m.c.i.e.AbstractTransferListenerAdapter - Downloading https://repo.maven.apache.org/maven2/javax/annotation/javax.annotation-api/1.3.2/javax.annotation-api-1.3.2.pom
2026-02-09 19:49:35,717 [Worker-15: Importing Maven projects] INFO  o.e.m.c.i.e.AbstractTransferListenerAdapter - Downloaded https://repo.maven.apache.org/maven2/javax/annotation/javax.annotation-api/1.3.2/javax.annotation-api-1.3.2.pom
2026-02-09 19:49:35,809 [Worker-15: Importing Maven projects] INFO  o.e.m.c.i.e.AbstractTransferListenerAdapter - Downloaded https://repo.spring.io/snapshot/net/java/jvnet-parent/3/jvnet-parent-3.pom
2026-02-09 19:49:35,901 [Worker-15: Importing Maven projects] INFO  o.e.m.c.i.e.AbstractTransferListenerAdapter - Downloaded https://repo.spring.io/milestone/net/java/jvnet-parent/3/jvnet-parent-3.pom
2026-02-09 19:49:35,994 [Worker-15: Importing Maven projects] INFO  o.e.m.c.i.e.AbstractTransferListenerAdapter - Downloading https://repo.maven.apache.org/maven2/net/java/jvnet-parent/3/jvnet-parent-3.pom
2026-02-09 19:49:36,014 [Worker-15: Importing Maven projects] INFO  o.e.m.c.i.e.AbstractTransferListenerAdapter - Downloaded https://repo.maven.apache.org/maven2/net/java/jvnet-parent/3/jvnet-parent-3.pom
2026-02-09 19:49:36,103 [Worker-15: Importing Maven projects] INFO  o.e.m.c.i.e.AbstractTransferListenerAdapter - Downloaded https://repo.spring.io/snapshot/org/yaml/snakeyaml/1.23/snakeyaml-1.23.pom
2026-02-09 19:49:36,209 [Worker-15: Importing Maven projects] INFO  o.e.m.c.i.e.AbstractTransferListenerAdapter - Downloaded https://repo.spring.io/milestone/org/yaml/snakeyaml/1.23/snakeyaml-1.23.pom
2026-02-09 19:49:36,291 [Worker-15: Importing Maven projects] INFO  o.e.m.c.i.e.AbstractTransferListenerAdapter - Downloading https://repo.maven.apache.org/maven2/org/yaml/snakeyaml/1.23/snakeyaml-1.23.pom
2026-02-09 19:49:36,310 [Worker-15: Importing Maven projects] INFO  o.e.m.c.i.e.AbstractTransferListenerAdapter - Downloaded https://repo.maven.apache.org/maven2/org/yaml/snakeyaml/1.23/snakeyaml-1.23.pom
2026-02-09 19:49:36,399 [Worker-15: Importing Maven projects] INFO  o.e.m.c.i.e.AbstractTransferListenerAdapter - Downloaded https://repo.spring.io/snapshot/org/springframework/boot/spring-boot-starter-json/2.1.0.RC1/spring-boot-starter-json-2.1.0.RC1.pom
2026-02-09 19:49:36,501 [Worker-15: Importing Maven projects] INFO  o.e.m.c.i.e.AbstractTransferListenerAdapter - Downloading https://repo.spring.io/milestone/org/springframework/boot/spring-boot-starter-json/2.1.0.RC1/spring-boot-starter-json-2.1.0.RC1.pom
2026-02-09 19:49:36,506 [Worker-15: Importing Maven projects] INFO  o.e.m.c.i.e.AbstractTransferListenerAdapter - Downloaded https://repo.spring.io/milestone/org/springframework/boot/spring-boot-starter-json/2.1.0.RC1/spring-boot-starter-json-2.1.0.RC1.pom
2026-02-09 19:49:36,601 [Worker-15: Importing Maven projects] INFO  o.e.m.c.i.e.AbstractTransferListenerAdapter - Downloaded https://repo.spring.io/snapshot/org/springframework/spring-web/5.1.1.RELEASE/spring-web-5.1.1.RELEASE.pom
2026-02-09 19:49:36,693 [Worker-15: Importing Maven projects] INFO  o.e.m.c.i.e.AbstractTransferListenerAdapter - Downloaded https://repo.spring.io/milestone/org/springframework/spring-web/5.1.1.RELEASE/spring-web-5.1.1.RELEASE.pom
2026-02-09 19:49:36,794 [Worker-15: Importing Maven projects] INFO  o.e.m.c.i.e.AbstractTransferListenerAdapter - Downloading https://repo.maven.apache.org/maven2/org/springframework/spring-web/5.1.1.RELEASE/spring-web-5.1.1.RELEASE.pom
2026-02-09 19:49:36,798 [Worker-15: Importing Maven projects] INFO  o.e.m.c.i.e.AbstractTransferListenerAdapter - Downloaded https://repo.maven.apache.org/maven2/org/springframework/spring-web/5.1.1.RELEASE/spring-web-5.1.1.RELEASE.pom
2026-02-09 19:49:36,888 [Worker-15: Importing Maven projects] INFO  o.e.m.c.i.e.AbstractTransferListenerAdapter - Downloaded https://repo.spring.io/snapshot/com/fasterxml/jackson/core/jackson-databind/2.9.7/jackson-databind-2.9.7.pom
2026-02-09 19:49:36,982 [Worker-15: Importing Maven projects] INFO  o.e.m.c.i.e.AbstractTransferListenerAdapter - Downloaded https://repo.spring.io/milestone/com/fasterxml/jackson/core/jackson-databind/2.9.7/jackson-databind-2.9.7.pom
2026-02-09 19:49:37,082 [Worker-15: Importing Maven projects] INFO  o.e.m.c.i.e.AbstractTransferListenerAdapter - Downloading https://repo.maven.apache.org/maven2/com/fasterxml/jackson/core/jackson-databind/2.9.7/jackson-databind-2.9.7.pom
2026-02-09 19:49:37,086 [Worker-15: Importing Maven projects] INFO  o.e.m.c.i.e.AbstractTransferListenerAdapter - Downloaded https://repo.maven.apache.org/maven2/com/fasterxml/jackson/core/jackson-databind/2.9.7/jackson-databind-2.9.7.pom
2026-02-09 19:49:37,174 [Worker-15: Importing Maven projects] INFO  o.e.m.c.i.e.AbstractTransferListenerAdapter - Downloaded https://repo.spring.io/snapshot/com/fasterxml/jackson/jackson-base/2.9.7/jackson-base-2.9.7.pom
2026-02-09 19:49:37,266 [Worker-15: Importing Maven projects] INFO  o.e.m.c.i.e.AbstractTransferListenerAdapter - Downloaded https://repo.spring.io/milestone/com/fasterxml/jackson/jackson-base/2.9.7/jackson-base-2.9.7.pom
2026-02-09 19:49:37,335 [Worker-15: Importing Maven projects] INFO  o.e.m.c.i.e.AbstractTransferListenerAdapter - Downloading https://repo.maven.apache.org/maven2/com/fasterxml/jackson/jackson-base/2.9.7/jackson-base-2.9.7.pom
2026-02-09 19:49:37,339 [Worker-15: Importing Maven projects] INFO  o.e.m.c.i.e.AbstractTransferListenerAdapter - Downloaded https://repo.maven.apache.org/maven2/com/fasterxml/jackson/jackson-base/2.9.7/jackson-base-2.9.7.pom
2026-02-09 19:49:37,435 [Worker-15: Importing Maven projects] INFO  o.e.m.c.i.e.AbstractTransferListenerAdapter - Downloaded https://repo.spring.io/snapshot/com/fasterxml/jackson/core/jackson-annotations/2.9.0/jackson-annotations-2.9.0.pom
2026-02-09 19:49:37,525 [Worker-15: Importing Maven projects] INFO  o.e.m.c.i.e.AbstractTransferListenerAdapter - Downloaded https://repo.spring.io/milestone/com/fasterxml/jackson/core/jackson-annotations/2.9.0/jackson-annotations-2.9.0.pom
2026-02-09 19:49:37,613 [Worker-15: Importing Maven projects] INFO  o.e.m.c.i.e.AbstractTransferListenerAdapter - Downloading https://repo.maven.apache.org/maven2/com/fasterxml/jackson/core/jackson-annotations/2.9.0/jackson-annotations-2.9.0.pom
2026-02-09 19:49:37,617 [Worker-15: Importing Maven projects] INFO  o.e.m.c.i.e.AbstractTransferListenerAdapter - Downloaded https://repo.maven.apache.org/maven2/com/fasterxml/jackson/core/jackson-annotations/2.9.0/jackson-annotations-2.9.0.pom
2026-02-09 19:49:37,712 [Worker-15: Importing Maven projects] INFO  o.e.m.c.i.e.AbstractTransferListenerAdapter - Downloaded https://repo.spring.io/snapshot/com/fasterxml/jackson/jackson-parent/2.9.0/jackson-parent-2.9.0.pom
2026-02-09 19:49:37,804 [Worker-15: Importing Maven projects] INFO  o.e.m.c.i.e.AbstractTransferListenerAdapter - Downloaded https://repo.spring.io/milestone/com/fasterxml/jackson/jackson-parent/2.9.0/jackson-parent-2.9.0.pom
2026-02-09 19:49:37,888 [Worker-15: Importing Maven projects] INFO  o.e.m.c.i.e.AbstractTransferListenerAdapter - Downloading https://repo.maven.apache.org/maven2/com/fasterxml/jackson/jackson-parent/2.9.0/jackson-parent-2.9.0.pom
2026-02-09 19:49:37,892 [Worker-15: Importing Maven projects] INFO  o.e.m.c.i.e.AbstractTransferListenerAdapter - Downloaded https://repo.maven.apache.org/maven2/com/fasterxml/jackson/jackson-parent/2.9.0/jackson-parent-2.9.0.pom
2026-02-09 19:49:37,985 [Worker-15: Importing Maven projects] INFO  o.e.m.c.i.e.AbstractTransferListenerAdapter - Downloaded https://repo.spring.io/snapshot/com/fasterxml/oss-parent/28/oss-parent-28.pom
2026-02-09 19:49:38,072 [Worker-15: Importing Maven projects] INFO  o.e.m.c.i.e.AbstractTransferListenerAdapter - Downloaded https://repo.spring.io/milestone/com/fasterxml/oss-parent/28/oss-parent-28.pom
2026-02-09 19:49:38,165 [Worker-15: Importing Maven projects] INFO  o.e.m.c.i.e.AbstractTransferListenerAdapter - Downloading https://repo.maven.apache.org/maven2/com/fasterxml/oss-parent/28/oss-parent-28.pom
2026-02-09 19:49:38,170 [Worker-15: Importing Maven projects] INFO  o.e.m.c.i.e.AbstractTransferListenerAdapter - Downloaded https://repo.maven.apache.org/maven2/com/fasterxml/oss-parent/28/oss-parent-28.pom
2026-02-09 19:49:38,257 [Worker-15: Importing Maven projects] INFO  o.e.m.c.i.e.AbstractTransferListenerAdapter - Downloaded https://repo.spring.io/snapshot/com/fasterxml/jackson/core/jackson-core/2.9.7/jackson-core-2.9.7.pom
2026-02-09 19:49:38,362 [Worker-15: Importing Maven projects] INFO  o.e.m.c.i.e.AbstractTransferListenerAdapter - Downloaded https://repo.spring.io/milestone/com/fasterxml/jackson/core/jackson-core/2.9.7/jackson-core-2.9.7.pom
2026-02-09 19:49:38,442 [Worker-15: Importing Maven projects] INFO  o.e.m.c.i.e.AbstractTransferListenerAdapter - Downloading https://repo.maven.apache.org/maven2/com/fasterxml/jackson/core/jackson-core/2.9.7/jackson-core-2.9.7.pom
2026-02-09 19:49:38,447 [Worker-15: Importing Maven projects] INFO  o.e.m.c.i.e.AbstractTransferListenerAdapter - Downloaded https://repo.maven.apache.org/maven2/com/fasterxml/jackson/core/jackson-core/2.9.7/jackson-core-2.9.7.pom
2026-02-09 19:49:38,534 [Worker-15: Importing Maven projects] INFO  o.e.m.c.i.e.AbstractTransferListenerAdapter - Downloaded https://repo.spring.io/snapshot/com/fasterxml/jackson/datatype/jackson-datatype-jdk8/2.9.7/jackson-datatype-jdk8-2.9.7.pom
2026-02-09 19:49:38,626 [Worker-15: Importing Maven projects] INFO  o.e.m.c.i.e.AbstractTransferListenerAdapter - Downloaded https://repo.spring.io/milestone/com/fasterxml/jackson/datatype/jackson-datatype-jdk8/2.9.7/jackson-datatype-jdk8-2.9.7.pom
2026-02-09 19:49:38,707 [Worker-15: Importing Maven projects] INFO  o.e.m.c.i.e.AbstractTransferListenerAdapter - Downloading https://repo.maven.apache.org/maven2/com/fasterxml/jackson/datatype/jackson-datatype-jdk8/2.9.7/jackson-datatype-jdk8-2.9.7.pom
2026-02-09 19:49:38,711 [Worker-15: Importing Maven projects] INFO  o.e.m.c.i.e.AbstractTransferListenerAdapter - Downloaded https://repo.maven.apache.org/maven2/com/fasterxml/jackson/datatype/jackson-datatype-jdk8/2.9.7/jackson-datatype-jdk8-2.9.7.pom
2026-02-09 19:49:38,806 [Worker-15: Importing Maven projects] INFO  o.e.m.c.i.e.AbstractTransferListenerAdapter - Downloaded https://repo.spring.io/snapshot/com/fasterxml/jackson/module/jackson-modules-java8/2.9.7/jackson-modules-java8-2.9.7.pom
2026-02-09 19:49:38,901 [Worker-15: Importing Maven projects] INFO  o.e.m.c.i.e.AbstractTransferListenerAdapter - Downloaded https://repo.spring.io/milestone/com/fasterxml/jackson/module/jackson-modules-java8/2.9.7/jackson-modules-java8-2.9.7.pom
2026-02-09 19:49:38,987 [Worker-15: Importing Maven projects] INFO  o.e.m.c.i.e.AbstractTransferListenerAdapter - Downloading https://repo.maven.apache.org/maven2/com/fasterxml/jackson/module/jackson-modules-java8/2.9.7/jackson-modules-java8-2.9.7.pom
2026-02-09 19:49:38,991 [Worker-15: Importing Maven projects] INFO  o.e.m.c.i.e.AbstractTransferListenerAdapter - Downloaded https://repo.maven.apache.org/maven2/com/fasterxml/jackson/module/jackson-modules-java8/2.9.7/jackson-modules-java8-2.9.7.pom
2026-02-09 19:49:39,084 [Worker-15: Importing Maven projects] INFO  o.e.m.c.i.e.AbstractTransferListenerAdapter - Downloaded https://repo.spring.io/snapshot/com/fasterxml/jackson/datatype/jackson-datatype-jsr310/2.9.7/jackson-datatype-jsr310-2.9.7.pom
2026-02-09 19:49:39,180 [Worker-15: Importing Maven projects] INFO  o.e.m.c.i.e.AbstractTransferListenerAdapter - Downloaded https://repo.spring.io/milestone/com/fasterxml/jackson/datatype/jackson-datatype-jsr310/2.9.7/jackson-datatype-jsr310-2.9.7.pom
2026-02-09 19:49:39,262 [Worker-15: Importing Maven projects] INFO  o.e.m.c.i.e.AbstractTransferListenerAdapter - Downloading https://repo.maven.apache.org/maven2/com/fasterxml/jackson/datatype/jackson-datatype-jsr310/2.9.7/jackson-datatype-jsr310-2.9.7.pom
2026-02-09 19:49:39,267 [Worker-15: Importing Maven projects] INFO  o.e.m.c.i.e.AbstractTransferListenerAdapter - Downloaded https://repo.maven.apache.org/maven2/com/fasterxml/jackson/datatype/jackson-datatype-jsr310/2.9.7/jackson-datatype-jsr310-2.9.7.pom
2026-02-09 19:49:39,357 [Worker-15: Importing Maven projects] INFO  o.e.m.c.i.e.AbstractTransferListenerAdapter - Downloaded https://repo.spring.io/snapshot/com/fasterxml/jackson/module/jackson-module-parameter-names/2.9.7/jackson-module-parameter-names-2.9.7.pom
2026-02-09 19:49:39,450 [Worker-15: Importing Maven projects] INFO  o.e.m.c.i.e.AbstractTransferListenerAdapter - Downloaded https://repo.spring.io/milestone/com/fasterxml/jackson/module/jackson-module-parameter-names/2.9.7/jackson-module-parameter-names-2.9.7.pom
2026-02-09 19:49:39,527 [Worker-15: Importing Maven projects] INFO  o.e.m.c.i.e.AbstractTransferListenerAdapter - Downloading https://repo.maven.apache.org/maven2/com/fasterxml/jackson/module/jackson-module-parameter-names/2.9.7/jackson-module-parameter-names-2.9.7.pom
2026-02-09 19:49:39,530 [Worker-15: Importing Maven projects] INFO  o.e.m.c.i.e.AbstractTransferListenerAdapter - Downloaded https://repo.maven.apache.org/maven2/com/fasterxml/jackson/module/jackson-module-parameter-names/2.9.7/jackson-module-parameter-names-2.9.7.pom
2026-02-09 19:49:39,623 [Worker-15: Importing Maven projects] INFO  o.e.m.c.i.e.AbstractTransferListenerAdapter - Downloaded https://repo.spring.io/snapshot/org/springframework/boot/spring-boot-starter-reactor-netty/2.1.0.RC1/spring-boot-starter-reactor-netty-2.1.0.RC1.pom
2026-02-09 19:49:39,715 [Worker-15: Importing Maven projects] INFO  o.e.m.c.i.e.AbstractTransferListenerAdapter - Downloading https://repo.spring.io/milestone/org/springframework/boot/spring-boot-starter-reactor-netty/2.1.0.RC1/spring-boot-starter-reactor-netty-2.1.0.RC1.pom
2026-02-09 19:49:39,720 [Worker-15: Importing Maven projects] INFO  o.e.m.c.i.e.AbstractTransferListenerAdapter - Downloaded https://repo.spring.io/milestone/org/springframework/boot/spring-boot-starter-reactor-netty/2.1.0.RC1/spring-boot-starter-reactor-netty-2.1.0.RC1.pom
2026-02-09 19:49:39,812 [Worker-15: Importing Maven projects] INFO  o.e.m.c.i.e.AbstractTransferListenerAdapter - Downloaded https://repo.spring.io/snapshot/io/projectreactor/netty/reactor-netty/0.8.1.RELEASE/reactor-netty-0.8.1.RELEASE.pom
2026-02-09 19:49:39,905 [Worker-15: Importing Maven projects] INFO  o.e.m.c.i.e.AbstractTransferListenerAdapter - Downloaded https://repo.spring.io/milestone/io/projectreactor/netty/reactor-netty/0.8.1.RELEASE/reactor-netty-0.8.1.RELEASE.pom
2026-02-09 19:49:40,111 [Worker-15: Importing Maven projects] INFO  o.e.m.c.i.e.AbstractTransferListenerAdapter - Downloading https://repo.maven.apache.org/maven2/io/projectreactor/netty/reactor-netty/0.8.1.RELEASE/reactor-netty-0.8.1.RELEASE.pom
2026-02-09 19:49:40,115 [Worker-15: Importing Maven projects] INFO  o.e.m.c.i.e.AbstractTransferListenerAdapter - Downloaded https://repo.maven.apache.org/maven2/io/projectreactor/netty/reactor-netty/0.8.1.RELEASE/reactor-netty-0.8.1.RELEASE.pom
2026-02-09 19:49:40,204 [Worker-15: Importing Maven projects] INFO  o.e.m.c.i.e.AbstractTransferListenerAdapter - Downloaded https://repo.spring.io/snapshot/io/netty/netty-codec-http/4.1.29.Final/netty-codec-http-4.1.29.Final.pom
2026-02-09 19:49:40,298 [Worker-15: Importing Maven projects] INFO  o.e.m.c.i.e.AbstractTransferListenerAdapter - Downloaded https://repo.spring.io/milestone/io/netty/netty-codec-http/4.1.29.Final/netty-codec-http-4.1.29.Final.pom
2026-02-09 19:49:40,417 [Worker-15: Importing Maven projects] INFO  o.e.m.c.i.e.AbstractTransferListenerAdapter - Downloading https://repo.maven.apache.org/maven2/io/netty/netty-codec-http/4.1.29.Final/netty-codec-http-4.1.29.Final.pom
2026-02-09 19:49:40,420 [Worker-15: Importing Maven projects] INFO  o.e.m.c.i.e.AbstractTransferListenerAdapter - Downloaded https://repo.maven.apache.org/maven2/io/netty/netty-codec-http/4.1.29.Final/netty-codec-http-4.1.29.Final.pom
2026-02-09 19:49:40,508 [Worker-15: Importing Maven projects] INFO  o.e.m.c.i.e.AbstractTransferListenerAdapter - Downloaded https://repo.spring.io/snapshot/io/netty/netty-parent/4.1.29.Final/netty-parent-4.1.29.Final.pom
2026-02-09 19:49:40,598 [Worker-15: Importing Maven projects] INFO  o.e.m.c.i.e.AbstractTransferListenerAdapter - Downloaded https://repo.spring.io/milestone/io/netty/netty-parent/4.1.29.Final/netty-parent-4.1.29.Final.pom
2026-02-09 19:49:40,732 [Worker-15: Importing Maven projects] INFO  o.e.m.c.i.e.AbstractTransferListenerAdapter - Downloading https://repo.maven.apache.org/maven2/io/netty/netty-parent/4.1.29.Final/netty-parent-4.1.29.Final.pom
2026-02-09 19:49:40,738 [Worker-15: Importing Maven projects] INFO  o.e.m.c.i.e.AbstractTransferListenerAdapter - Downloaded https://repo.maven.apache.org/maven2/io/netty/netty-parent/4.1.29.Final/netty-parent-4.1.29.Final.pom
2026-02-09 19:49:40,839 [Worker-15: Importing Maven projects] INFO  o.e.m.c.i.e.AbstractTransferListenerAdapter - Downloaded https://repo.spring.io/snapshot/io/netty/netty-codec/4.1.29.Final/netty-codec-4.1.29.Final.pom
2026-02-09 19:49:40,931 [Worker-15: Importing Maven projects] INFO  o.e.m.c.i.e.AbstractTransferListenerAdapter - Downloaded https://repo.spring.io/milestone/io/netty/netty-codec/4.1.29.Final/netty-codec-4.1.29.Final.pom
2026-02-09 19:49:41,015 [Worker-15: Importing Maven projects] INFO  o.e.m.c.i.e.AbstractTransferListenerAdapter - Downloading https://repo.maven.apache.org/maven2/io/netty/netty-codec/4.1.29.Final/netty-codec-4.1.29.Final.pom
2026-02-09 19:49:41,019 [Worker-15: Importing Maven projects] INFO  o.e.m.c.i.e.AbstractTransferListenerAdapter - Downloaded https://repo.maven.apache.org/maven2/io/netty/netty-codec/4.1.29.Final/netty-codec-4.1.29.Final.pom
2026-02-09 19:49:41,117 [Worker-15: Importing Maven projects] INFO  o.e.m.c.i.e.AbstractTransferListenerAdapter - Downloaded https://repo.spring.io/snapshot/io/netty/netty-transport/4.1.29.Final/netty-transport-4.1.29.Final.pom
2026-02-09 19:49:41,210 [Worker-15: Importing Maven projects] INFO  o.e.m.c.i.e.AbstractTransferListenerAdapter - Downloaded https://repo.spring.io/milestone/io/netty/netty-transport/4.1.29.Final/netty-transport-4.1.29.Final.pom
2026-02-09 19:49:41,306 [Worker-15: Importing Maven projects] INFO  o.e.m.c.i.e.AbstractTransferListenerAdapter - Downloading https://repo.maven.apache.org/maven2/io/netty/netty-transport/4.1.29.Final/netty-transport-4.1.29.Final.pom
2026-02-09 19:49:41,310 [Worker-15: Importing Maven projects] INFO  o.e.m.c.i.e.AbstractTransferListenerAdapter - Downloaded https://repo.maven.apache.org/maven2/io/netty/netty-transport/4.1.29.Final/netty-transport-4.1.29.Final.pom
2026-02-09 19:49:41,406 [Worker-15: Importing Maven projects] INFO  o.e.m.c.i.e.AbstractTransferListenerAdapter - Downloaded https://repo.spring.io/snapshot/io/netty/netty-buffer/4.1.29.Final/netty-buffer-4.1.29.Final.pom
2026-02-09 19:49:41,493 [Worker-15: Importing Maven projects] INFO  o.e.m.c.i.e.AbstractTransferListenerAdapter - Downloaded https://repo.spring.io/milestone/io/netty/netty-buffer/4.1.29.Final/netty-buffer-4.1.29.Final.pom
2026-02-09 19:49:41,573 [Worker-15: Importing Maven projects] INFO  o.e.m.c.i.e.AbstractTransferListenerAdapter - Downloading https://repo.maven.apache.org/maven2/io/netty/netty-buffer/4.1.29.Final/netty-buffer-4.1.29.Final.pom
2026-02-09 19:49:41,578 [Worker-15: Importing Maven projects] INFO  o.e.m.c.i.e.AbstractTransferListenerAdapter - Downloaded https://repo.maven.apache.org/maven2/io/netty/netty-buffer/4.1.29.Final/netty-buffer-4.1.29.Final.pom
2026-02-09 19:49:41,666 [Worker-15: Importing Maven projects] INFO  o.e.m.c.i.e.AbstractTransferListenerAdapter - Downloaded https://repo.spring.io/snapshot/io/netty/netty-common/4.1.29.Final/netty-common-4.1.29.Final.pom
2026-02-09 19:49:41,757 [Worker-15: Importing Maven projects] INFO  o.e.m.c.i.e.AbstractTransferListenerAdapter - Downloaded https://repo.spring.io/milestone/io/netty/netty-common/4.1.29.Final/netty-common-4.1.29.Final.pom
2026-02-09 19:49:41,877 [Worker-15: Importing Maven projects] INFO  o.e.m.c.i.e.AbstractTransferListenerAdapter - Downloading https://repo.maven.apache.org/maven2/io/netty/netty-common/4.1.29.Final/netty-common-4.1.29.Final.pom
2026-02-09 19:49:41,881 [Worker-15: Importing Maven projects] INFO  o.e.m.c.i.e.AbstractTransferListenerAdapter - Downloaded https://repo.maven.apache.org/maven2/io/netty/netty-common/4.1.29.Final/netty-common-4.1.29.Final.pom
2026-02-09 19:49:41,973 [Worker-15: Importing Maven projects] INFO  o.e.m.c.i.e.AbstractTransferListenerAdapter - Downloaded https://repo.spring.io/snapshot/io/netty/netty-resolver/4.1.29.Final/netty-resolver-4.1.29.Final.pom
2026-02-09 19:49:42,062 [Worker-15: Importing Maven projects] INFO  o.e.m.c.i.e.AbstractTransferListenerAdapter - Downloaded https://repo.spring.io/milestone/io/netty/netty-resolver/4.1.29.Final/netty-resolver-4.1.29.Final.pom
2026-02-09 19:49:42,177 [Worker-15: Importing Maven projects] INFO  o.e.m.c.i.e.AbstractTransferListenerAdapter - Downloading https://repo.maven.apache.org/maven2/io/netty/netty-resolver/4.1.29.Final/netty-resolver-4.1.29.Final.pom
2026-02-09 19:49:42,181 [Worker-15: Importing Maven projects] INFO  o.e.m.c.i.e.AbstractTransferListenerAdapter - Downloaded https://repo.maven.apache.org/maven2/io/netty/netty-resolver/4.1.29.Final/netty-resolver-4.1.29.Final.pom
2026-02-09 19:49:42,274 [Worker-15: Importing Maven projects] INFO  o.e.m.c.i.e.AbstractTransferListenerAdapter - Downloaded https://repo.spring.io/snapshot/io/netty/netty-codec-http2/4.1.29.Final/netty-codec-http2-4.1.29.Final.pom
2026-02-09 19:49:42,365 [Worker-15: Importing Maven projects] INFO  o.e.m.c.i.e.AbstractTransferListenerAdapter - Downloaded https://repo.spring.io/milestone/io/netty/netty-codec-http2/4.1.29.Final/netty-codec-http2-4.1.29.Final.pom
2026-02-09 19:49:42,485 [Worker-15: Importing Maven projects] INFO  o.e.m.c.i.e.AbstractTransferListenerAdapter - Downloading https://repo.maven.apache.org/maven2/io/netty/netty-codec-http2/4.1.29.Final/netty-codec-http2-4.1.29.Final.pom
2026-02-09 19:49:42,490 [Worker-15: Importing Maven projects] INFO  o.e.m.c.i.e.AbstractTransferListenerAdapter - Downloaded https://repo.maven.apache.org/maven2/io/netty/netty-codec-http2/4.1.29.Final/netty-codec-http2-4.1.29.Final.pom
2026-02-09 19:49:42,598 [Worker-15: Importing Maven projects] INFO  o.e.m.c.i.e.AbstractTransferListenerAdapter - Downloaded https://repo.spring.io/snapshot/io/netty/netty-handler/4.1.29.Final/netty-handler-4.1.29.Final.pom
2026-02-09 19:49:42,687 [Worker-15: Importing Maven projects] INFO  o.e.m.c.i.e.AbstractTransferListenerAdapter - Downloaded https://repo.spring.io/milestone/io/netty/netty-handler/4.1.29.Final/netty-handler-4.1.29.Final.pom
2026-02-09 19:49:42,770 [Worker-15: Importing Maven projects] INFO  o.e.m.c.i.e.AbstractTransferListenerAdapter - Downloading https://repo.maven.apache.org/maven2/io/netty/netty-handler/4.1.29.Final/netty-handler-4.1.29.Final.pom
2026-02-09 19:49:42,773 [Worker-15: Importing Maven projects] INFO  o.e.m.c.i.e.AbstractTransferListenerAdapter - Downloaded https://repo.maven.apache.org/maven2/io/netty/netty-handler/4.1.29.Final/netty-handler-4.1.29.Final.pom
2026-02-09 19:49:42,864 [Worker-15: Importing Maven projects] INFO  o.e.m.c.i.e.AbstractTransferListenerAdapter - Downloaded https://repo.spring.io/snapshot/io/netty/netty-handler-proxy/4.1.29.Final/netty-handler-proxy-4.1.29.Final.pom
2026-02-09 19:49:42,957 [Worker-15: Importing Maven projects] INFO  o.e.m.c.i.e.AbstractTransferListenerAdapter - Downloaded https://repo.spring.io/milestone/io/netty/netty-handler-proxy/4.1.29.Final/netty-handler-proxy-4.1.29.Final.pom
2026-02-09 19:49:43,078 [Worker-15: Importing Maven projects] INFO  o.e.m.c.i.e.AbstractTransferListenerAdapter - Downloading https://repo.maven.apache.org/maven2/io/netty/netty-handler-proxy/4.1.29.Final/netty-handler-proxy-4.1.29.Final.pom
2026-02-09 19:49:43,081 [Worker-15: Importing Maven projects] INFO  o.e.m.c.i.e.AbstractTransferListenerAdapter - Downloaded https://repo.maven.apache.org/maven2/io/netty/netty-handler-proxy/4.1.29.Final/netty-handler-proxy-4.1.29.Final.pom
2026-02-09 19:49:43,173 [Worker-15: Importing Maven projects] INFO  o.e.m.c.i.e.AbstractTransferListenerAdapter - Downloaded https://repo.spring.io/snapshot/io/netty/netty-codec-socks/4.1.29.Final/netty-codec-socks-4.1.29.Final.pom
2026-02-09 19:49:43,262 [Worker-15: Importing Maven projects] INFO  o.e.m.c.i.e.AbstractTransferListenerAdapter - Downloaded https://repo.spring.io/milestone/io/netty/netty-codec-socks/4.1.29.Final/netty-codec-socks-4.1.29.Final.pom
2026-02-09 19:49:43,416 [Worker-15: Importing Maven projects] INFO  o.e.m.c.i.e.AbstractTransferListenerAdapter - Downloading https://repo.maven.apache.org/maven2/io/netty/netty-codec-socks/4.1.29.Final/netty-codec-socks-4.1.29.Final.pom
2026-02-09 19:49:43,421 [Worker-15: Importing Maven projects] INFO  o.e.m.c.i.e.AbstractTransferListenerAdapter - Downloaded https://repo.maven.apache.org/maven2/io/netty/netty-codec-socks/4.1.29.Final/netty-codec-socks-4.1.29.Final.pom
2026-02-09 19:49:43,620 [Worker-15: Importing Maven projects] INFO  o.e.m.c.i.e.AbstractTransferListenerAdapter - Downloaded https://repo.spring.io/snapshot/io/netty/netty-transport-native-epoll/4.1.29.Final/netty-transport-native-epoll-4.1.29.Final.pom
2026-02-09 19:49:43,709 [Worker-15: Importing Maven projects] INFO  o.e.m.c.i.e.AbstractTransferListenerAdapter - Downloaded https://repo.spring.io/milestone/io/netty/netty-transport-native-epoll/4.1.29.Final/netty-transport-native-epoll-4.1.29.Final.pom
2026-02-09 19:49:43,837 [Worker-15: Importing Maven projects] INFO  o.e.m.c.i.e.AbstractTransferListenerAdapter - Downloading https://repo.maven.apache.org/maven2/io/netty/netty-transport-native-epoll/4.1.29.Final/netty-transport-native-epoll-4.1.29.Final.pom
2026-02-09 19:49:43,841 [Worker-15: Importing Maven projects] INFO  o.e.m.c.i.e.AbstractTransferListenerAdapter - Downloaded https://repo.maven.apache.org/maven2/io/netty/netty-transport-native-epoll/4.1.29.Final/netty-transport-native-epoll-4.1.29.Final.pom
2026-02-09 19:49:43,938 [Worker-15: Importing Maven projects] INFO  o.e.m.c.i.e.AbstractTransferListenerAdapter - Downloaded https://repo.spring.io/snapshot/io/netty/netty-transport-native-unix-common/4.1.29.Final/netty-transport-native-unix-common-4.1.29.Final.pom
2026-02-09 19:49:44,030 [Worker-15: Importing Maven projects] INFO  o.e.m.c.i.e.AbstractTransferListenerAdapter - Downloaded https://repo.spring.io/milestone/io/netty/netty-transport-native-unix-common/4.1.29.Final/netty-transport-native-unix-common-4.1.29.Final.pom
2026-02-09 19:49:44,159 [Worker-15: Importing Maven projects] INFO  o.e.m.c.i.e.AbstractTransferListenerAdapter - Downloading https://repo.maven.apache.org/maven2/io/netty/netty-transport-native-unix-common/4.1.29.Final/netty-transport-native-unix-common-4.1.29.Final.pom
2026-02-09 19:49:44,165 [Worker-15: Importing Maven projects] INFO  o.e.m.c.i.e.AbstractTransferListenerAdapter - Downloaded https://repo.maven.apache.org/maven2/io/netty/netty-transport-native-unix-common/4.1.29.Final/netty-transport-native-unix-common-4.1.29.Final.pom
2026-02-09 19:49:44,261 [Worker-15: Importing Maven projects] INFO  o.e.m.c.i.e.AbstractTransferListenerAdapter - Downloaded https://repo.spring.io/snapshot/io/projectreactor/reactor-core/3.2.1.RELEASE/reactor-core-3.2.1.RELEASE.pom
2026-02-09 19:49:44,355 [Worker-15: Importing Maven projects] INFO  o.e.m.c.i.e.AbstractTransferListenerAdapter - Downloaded https://repo.spring.io/milestone/io/projectreactor/reactor-core/3.2.1.RELEASE/reactor-core-3.2.1.RELEASE.pom
2026-02-09 19:49:44,494 [Worker-15: Importing Maven projects] INFO  o.e.m.c.i.e.AbstractTransferListenerAdapter - Downloading https://repo.maven.apache.org/maven2/io/projectreactor/reactor-core/3.2.1.RELEASE/reactor-core-3.2.1.RELEASE.pom
2026-02-09 19:49:44,498 [Worker-15: Importing Maven projects] INFO  o.e.m.c.i.e.AbstractTransferListenerAdapter - Downloaded https://repo.maven.apache.org/maven2/io/projectreactor/reactor-core/3.2.1.RELEASE/reactor-core-3.2.1.RELEASE.pom
2026-02-09 19:49:44,706 [Worker-15: Importing Maven projects] INFO  o.e.m.c.i.e.AbstractTransferListenerAdapter - Downloaded https://repo.spring.io/snapshot/org/reactivestreams/reactive-streams/1.0.2/reactive-streams-1.0.2.pom
2026-02-09 19:49:44,803 [Worker-15: Importing Maven projects] INFO  o.e.m.c.i.e.AbstractTransferListenerAdapter - Downloaded https://repo.spring.io/milestone/org/reactivestreams/reactive-streams/1.0.2/reactive-streams-1.0.2.pom
2026-02-09 19:49:44,881 [Worker-15: Importing Maven projects] INFO  o.e.m.c.i.e.AbstractTransferListenerAdapter - Downloading https://repo.maven.apache.org/maven2/org/reactivestreams/reactive-streams/1.0.2/reactive-streams-1.0.2.pom
2026-02-09 19:49:44,886 [Worker-15: Importing Maven projects] INFO  o.e.m.c.i.e.AbstractTransferListenerAdapter - Downloaded https://repo.maven.apache.org/maven2/org/reactivestreams/reactive-streams/1.0.2/reactive-streams-1.0.2.pom
2026-02-09 19:49:44,984 [Worker-15: Importing Maven projects] INFO  o.e.m.c.i.e.AbstractTransferListenerAdapter - Downloaded https://repo.spring.io/snapshot/org/hibernate/validator/hibernate-validator/6.0.13.Final/hibernate-validator-6.0.13.Final.pom
2026-02-09 19:49:45,073 [Worker-15: Importing Maven projects] INFO  o.e.m.c.i.e.AbstractTransferListenerAdapter - Downloaded https://repo.spring.io/milestone/org/hibernate/validator/hibernate-validator/6.0.13.Final/hibernate-validator-6.0.13.Final.pom
2026-02-09 19:49:45,162 [Worker-15: Importing Maven projects] INFO  o.e.m.c.i.e.AbstractTransferListenerAdapter - Downloading https://repo.maven.apache.org/maven2/org/hibernate/validator/hibernate-validator/6.0.13.Final/hibernate-validator-6.0.13.Final.pom
2026-02-09 19:49:45,167 [Worker-15: Importing Maven projects] INFO  o.e.m.c.i.e.AbstractTransferListenerAdapter - Downloaded https://repo.maven.apache.org/maven2/org/hibernate/validator/hibernate-validator/6.0.13.Final/hibernate-validator-6.0.13.Final.pom
2026-02-09 19:49:45,259 [Worker-15: Importing Maven projects] INFO  o.e.m.c.i.e.AbstractTransferListenerAdapter - Downloaded https://repo.spring.io/snapshot/org/hibernate/validator/hibernate-validator-parent/6.0.13.Final/hibernate-validator-parent-6.0.13.Final.pom
2026-02-09 19:49:45,360 [Worker-15: Importing Maven projects] INFO  o.e.m.c.i.e.AbstractTransferListenerAdapter - Downloaded https://repo.spring.io/milestone/org/hibernate/validator/hibernate-validator-parent/6.0.13.Final/hibernate-validator-parent-6.0.13.Final.pom
2026-02-09 19:49:45,438 [Worker-15: Importing Maven projects] INFO  o.e.m.c.i.e.AbstractTransferListenerAdapter - Downloading https://repo.maven.apache.org/maven2/org/hibernate/validator/hibernate-validator-parent/6.0.13.Final/hibernate-validator-parent-6.0.13.Final.pom
2026-02-09 19:49:45,443 [Worker-15: Importing Maven projects] INFO  o.e.m.c.i.e.AbstractTransferListenerAdapter - Downloaded https://repo.maven.apache.org/maven2/org/hibernate/validator/hibernate-validator-parent/6.0.13.Final/hibernate-validator-parent-6.0.13.Final.pom
2026-02-09 19:49:45,536 [Worker-15: Importing Maven projects] INFO  o.e.m.c.i.e.AbstractTransferListenerAdapter - Downloaded https://repo.spring.io/snapshot/org/jboss/arquillian/arquillian-bom/1.1.11.Final/arquillian-bom-1.1.11.Final.pom
2026-02-09 19:49:45,627 [Worker-15: Importing Maven projects] INFO  o.e.m.c.i.e.AbstractTransferListenerAdapter - Downloaded https://repo.spring.io/milestone/org/jboss/arquillian/arquillian-bom/1.1.11.Final/arquillian-bom-1.1.11.Final.pom
2026-02-09 19:49:45,725 [Worker-15: Importing Maven projects] INFO  o.e.m.c.i.e.AbstractTransferListenerAdapter - Downloading https://repo.maven.apache.org/maven2/org/jboss/arquillian/arquillian-bom/1.1.11.Final/arquillian-bom-1.1.11.Final.pom
2026-02-09 19:49:45,728 [Worker-15: Importing Maven projects] INFO  o.e.m.c.i.e.AbstractTransferListenerAdapter - Downloaded https://repo.maven.apache.org/maven2/org/jboss/arquillian/arquillian-bom/1.1.11.Final/arquillian-bom-1.1.11.Final.pom
2026-02-09 19:49:45,824 [Worker-15: Importing Maven projects] INFO  o.e.m.c.i.e.AbstractTransferListenerAdapter - Downloaded https://repo.spring.io/snapshot/org/jboss/shrinkwrap/shrinkwrap-bom/1.2.3/shrinkwrap-bom-1.2.3.pom
2026-02-09 19:49:45,918 [Worker-15: Importing Maven projects] INFO  o.e.m.c.i.e.AbstractTransferListenerAdapter - Downloaded https://repo.spring.io/milestone/org/jboss/shrinkwrap/shrinkwrap-bom/1.2.3/shrinkwrap-bom-1.2.3.pom
2026-02-09 19:49:46,009 [Worker-15: Importing Maven projects] INFO  o.e.m.c.i.e.AbstractTransferListenerAdapter - Downloading https://repo.maven.apache.org/maven2/org/jboss/shrinkwrap/shrinkwrap-bom/1.2.3/shrinkwrap-bom-1.2.3.pom
2026-02-09 19:49:46,013 [Worker-15: Importing Maven projects] INFO  o.e.m.c.i.e.AbstractTransferListenerAdapter - Downloaded https://repo.maven.apache.org/maven2/org/jboss/shrinkwrap/shrinkwrap-bom/1.2.3/shrinkwrap-bom-1.2.3.pom
2026-02-09 19:49:46,105 [Worker-15: Importing Maven projects] INFO  o.e.m.c.i.e.AbstractTransferListenerAdapter - Downloaded https://repo.spring.io/snapshot/org/jboss/shrinkwrap/resolver/shrinkwrap-resolver-bom/2.2.0/shrinkwrap-resolver-bom-2.2.0.pom
2026-02-09 19:49:46,199 [Worker-15: Importing Maven projects] INFO  o.e.m.c.i.e.AbstractTransferListenerAdapter - Downloaded https://repo.spring.io/milestone/org/jboss/shrinkwrap/resolver/shrinkwrap-resolver-bom/2.2.0/shrinkwrap-resolver-bom-2.2.0.pom
2026-02-09 19:49:46,284 [Worker-15: Importing Maven projects] INFO  o.e.m.c.i.e.AbstractTransferListenerAdapter - Downloading https://repo.maven.apache.org/maven2/org/jboss/shrinkwrap/resolver/shrinkwrap-resolver-bom/2.2.0/shrinkwrap-resolver-bom-2.2.0.pom
2026-02-09 19:49:46,288 [Worker-15: Importing Maven projects] INFO  o.e.m.c.i.e.AbstractTransferListenerAdapter - Downloaded https://repo.maven.apache.org/maven2/org/jboss/shrinkwrap/resolver/shrinkwrap-resolver-bom/2.2.0/shrinkwrap-resolver-bom-2.2.0.pom
2026-02-09 19:49:46,377 [Worker-15: Importing Maven projects] INFO  o.e.m.c.i.e.AbstractTransferListenerAdapter - Downloaded https://repo.spring.io/snapshot/org/jboss/shrinkwrap/descriptors/shrinkwrap-descriptors-bom/2.0.0-alpha-8/shrinkwrap-descriptors-bom-2.0.0-alpha-8.pom
2026-02-09 19:49:46,470 [Worker-15: Importing Maven projects] INFO  o.e.m.c.i.e.AbstractTransferListenerAdapter - Downloaded https://repo.spring.io/milestone/org/jboss/shrinkwrap/descriptors/shrinkwrap-descriptors-bom/2.0.0-alpha-8/shrinkwrap-descriptors-bom-2.0.0-alpha-8.pom
2026-02-09 19:49:46,552 [Worker-15: Importing Maven projects] INFO  o.e.m.c.i.e.AbstractTransferListenerAdapter - Downloading https://repo.maven.apache.org/maven2/org/jboss/shrinkwrap/descriptors/shrinkwrap-descriptors-bom/2.0.0-alpha-8/shrinkwrap-descriptors-bom-2.0.0-alpha-8.pom
2026-02-09 19:49:46,556 [Worker-15: Importing Maven projects] INFO  o.e.m.c.i.e.AbstractTransferListenerAdapter - Downloaded https://repo.maven.apache.org/maven2/org/jboss/shrinkwrap/descriptors/shrinkwrap-descriptors-bom/2.0.0-alpha-8/shrinkwrap-descriptors-bom-2.0.0-alpha-8.pom
2026-02-09 19:49:46,643 [Worker-15: Importing Maven projects] INFO  o.e.m.c.i.e.AbstractTransferListenerAdapter - Downloaded https://repo.spring.io/snapshot/javax/validation/validation-api/2.0.1.Final/validation-api-2.0.1.Final.pom
2026-02-09 19:49:46,731 [Worker-15: Importing Maven projects] INFO  o.e.m.c.i.e.AbstractTransferListenerAdapter - Downloaded https://repo.spring.io/milestone/javax/validation/validation-api/2.0.1.Final/validation-api-2.0.1.Final.pom
2026-02-09 19:49:46,828 [Worker-15: Importing Maven projects] INFO  o.e.m.c.i.e.AbstractTransferListenerAdapter - Downloading https://repo.maven.apache.org/maven2/javax/validation/validation-api/2.0.1.Final/validation-api-2.0.1.Final.pom
2026-02-09 19:49:46,833 [Worker-15: Importing Maven projects] INFO  o.e.m.c.i.e.AbstractTransferListenerAdapter - Downloaded https://repo.maven.apache.org/maven2/javax/validation/validation-api/2.0.1.Final/validation-api-2.0.1.Final.pom
2026-02-09 19:49:46,927 [Worker-15: Importing Maven projects] INFO  o.e.m.c.i.e.AbstractTransferListenerAdapter - Downloaded https://repo.spring.io/snapshot/org/jboss/logging/jboss-logging/3.3.2.Final/jboss-logging-3.3.2.Final.pom
2026-02-09 19:49:47,023 [Worker-15: Importing Maven projects] INFO  o.e.m.c.i.e.AbstractTransferListenerAdapter - Downloaded https://repo.spring.io/milestone/org/jboss/logging/jboss-logging/3.3.2.Final/jboss-logging-3.3.2.Final.pom
2026-02-09 19:49:47,115 [Worker-15: Importing Maven projects] INFO  o.e.m.c.i.e.AbstractTransferListenerAdapter - Downloading https://repo.maven.apache.org/maven2/org/jboss/logging/jboss-logging/3.3.2.Final/jboss-logging-3.3.2.Final.pom
2026-02-09 19:49:47,120 [Worker-15: Importing Maven projects] INFO  o.e.m.c.i.e.AbstractTransferListenerAdapter - Downloaded https://repo.maven.apache.org/maven2/org/jboss/logging/jboss-logging/3.3.2.Final/jboss-logging-3.3.2.Final.pom
2026-02-09 19:49:47,212 [Worker-15: Importing Maven projects] INFO  o.e.m.c.i.e.AbstractTransferListenerAdapter - Downloaded https://repo.spring.io/snapshot/org/jboss/jboss-parent/15/jboss-parent-15.pom
2026-02-09 19:49:47,302 [Worker-15: Importing Maven projects] INFO  o.e.m.c.i.e.AbstractTransferListenerAdapter - Downloaded https://repo.spring.io/milestone/org/jboss/jboss-parent/15/jboss-parent-15.pom
2026-02-09 19:49:47,381 [Worker-15: Importing Maven projects] INFO  o.e.m.c.i.e.AbstractTransferListenerAdapter - Downloading https://repo.maven.apache.org/maven2/org/jboss/jboss-parent/15/jboss-parent-15.pom
2026-02-09 19:49:47,385 [Worker-15: Importing Maven projects] INFO  o.e.m.c.i.e.AbstractTransferListenerAdapter - Downloaded https://repo.maven.apache.org/maven2/org/jboss/jboss-parent/15/jboss-parent-15.pom
2026-02-09 19:49:47,478 [Worker-15: Importing Maven projects] INFO  o.e.m.c.i.e.AbstractTransferListenerAdapter - Downloaded https://repo.spring.io/snapshot/com/fasterxml/classmate/1.4.0/classmate-1.4.0.pom
2026-02-09 19:49:47,569 [Worker-15: Importing Maven projects] INFO  o.e.m.c.i.e.AbstractTransferListenerAdapter - Downloaded https://repo.spring.io/milestone/com/fasterxml/classmate/1.4.0/classmate-1.4.0.pom
2026-02-09 19:49:47,661 [Worker-15: Importing Maven projects] INFO  o.e.m.c.i.e.AbstractTransferListenerAdapter - Downloading https://repo.maven.apache.org/maven2/com/fasterxml/classmate/1.4.0/classmate-1.4.0.pom
2026-02-09 19:49:47,664 [Worker-15: Importing Maven projects] INFO  o.e.m.c.i.e.AbstractTransferListenerAdapter - Downloaded https://repo.maven.apache.org/maven2/com/fasterxml/classmate/1.4.0/classmate-1.4.0.pom
2026-02-09 19:49:47,753 [Worker-15: Importing Maven projects] INFO  o.e.m.c.i.e.AbstractTransferListenerAdapter - Downloaded https://repo.spring.io/snapshot/com/fasterxml/oss-parent/24/oss-parent-24.pom
2026-02-09 19:49:47,839 [Worker-15: Importing Maven projects] INFO  o.e.m.c.i.e.AbstractTransferListenerAdapter - Downloaded https://repo.spring.io/milestone/com/fasterxml/oss-parent/24/oss-parent-24.pom
2026-02-09 19:49:47,923 [Worker-15: Importing Maven projects] INFO  o.e.m.c.i.e.AbstractTransferListenerAdapter - Downloading https://repo.maven.apache.org/maven2/com/fasterxml/oss-parent/24/oss-parent-24.pom
2026-02-09 19:49:47,942 [Worker-15: Importing Maven projects] INFO  o.e.m.c.i.e.AbstractTransferListenerAdapter - Downloaded https://repo.maven.apache.org/maven2/com/fasterxml/oss-parent/24/oss-parent-24.pom
2026-02-09 19:49:48,034 [Worker-15: Importing Maven projects] INFO  o.e.m.c.i.e.AbstractTransferListenerAdapter - Downloaded https://repo.spring.io/snapshot/org/springframework/spring-webflux/5.1.1.RELEASE/spring-webflux-5.1.1.RELEASE.pom
2026-02-09 19:49:48,127 [Worker-15: Importing Maven projects] INFO  o.e.m.c.i.e.AbstractTransferListenerAdapter - Downloaded https://repo.spring.io/milestone/org/springframework/spring-webflux/5.1.1.RELEASE/spring-webflux-5.1.1.RELEASE.pom
2026-02-09 19:49:48,252 [Worker-15: Importing Maven projects] INFO  o.e.m.c.i.e.AbstractTransferListenerAdapter - Downloading https://repo.maven.apache.org/maven2/org/springframework/spring-webflux/5.1.1.RELEASE/spring-webflux-5.1.1.RELEASE.pom
2026-02-09 19:49:48,256 [Worker-15: Importing Maven projects] INFO  o.e.m.c.i.e.AbstractTransferListenerAdapter - Downloaded https://repo.maven.apache.org/maven2/org/springframework/spring-webflux/5.1.1.RELEASE/spring-webflux-5.1.1.RELEASE.pom
2026-02-09 19:49:48,350 [Worker-15: Importing Maven projects] INFO  o.e.m.c.i.e.AbstractTransferListenerAdapter - Downloaded https://repo.spring.io/snapshot/org/synchronoss/cloud/nio-multipart-parser/1.1.0/nio-multipart-parser-1.1.0.pom
2026-02-09 19:49:48,446 [Worker-15: Importing Maven projects] INFO  o.e.m.c.i.e.AbstractTransferListenerAdapter - Downloaded https://repo.spring.io/milestone/org/synchronoss/cloud/nio-multipart-parser/1.1.0/nio-multipart-parser-1.1.0.pom
2026-02-09 19:49:48,728 [Worker-15: Importing Maven projects] INFO  o.e.m.c.i.e.AbstractTransferListenerAdapter - Downloading https://repo.maven.apache.org/maven2/org/synchronoss/cloud/nio-multipart-parser/1.1.0/nio-multipart-parser-1.1.0.pom
2026-02-09 19:49:48,733 [Worker-15: Importing Maven projects] INFO  o.e.m.c.i.e.AbstractTransferListenerAdapter - Downloaded https://repo.maven.apache.org/maven2/org/synchronoss/cloud/nio-multipart-parser/1.1.0/nio-multipart-parser-1.1.0.pom
2026-02-09 19:49:48,847 [Worker-15: Importing Maven projects] INFO  o.e.m.c.i.e.AbstractTransferListenerAdapter - Downloaded https://repo.spring.io/snapshot/org/synchronoss/cloud/nio-multipart/1.1.0/nio-multipart-1.1.0.pom
2026-02-09 19:49:48,973 [Worker-15: Importing Maven projects] INFO  o.e.m.c.i.e.AbstractTransferListenerAdapter - Downloaded https://repo.spring.io/milestone/org/synchronoss/cloud/nio-multipart/1.1.0/nio-multipart-1.1.0.pom
2026-02-09 19:49:49,097 [Worker-15: Importing Maven projects] INFO  o.e.m.c.i.e.AbstractTransferListenerAdapter - Downloading https://repo.maven.apache.org/maven2/org/synchronoss/cloud/nio-multipart/1.1.0/nio-multipart-1.1.0.pom
2026-02-09 19:49:49,101 [Worker-15: Importing Maven projects] INFO  o.e.m.c.i.e.AbstractTransferListenerAdapter - Downloaded https://repo.maven.apache.org/maven2/org/synchronoss/cloud/nio-multipart/1.1.0/nio-multipart-1.1.0.pom
2026-02-09 19:49:49,220 [Worker-15: Importing Maven projects] INFO  o.e.m.c.i.e.AbstractTransferListenerAdapter - Downloaded https://repo.spring.io/snapshot/org/synchronoss/cloud/nio-stream-storage/1.1.3/nio-stream-storage-1.1.3.pom
2026-02-09 19:49:49,344 [Worker-15: Importing Maven projects] INFO  o.e.m.c.i.e.AbstractTransferListenerAdapter - Downloaded https://repo.spring.io/milestone/org/synchronoss/cloud/nio-stream-storage/1.1.3/nio-stream-storage-1.1.3.pom
2026-02-09 19:49:49,471 [Worker-15: Importing Maven projects] INFO  o.e.m.c.i.e.AbstractTransferListenerAdapter - Downloading https://repo.maven.apache.org/maven2/org/synchronoss/cloud/nio-stream-storage/1.1.3/nio-stream-storage-1.1.3.pom
2026-02-09 19:49:49,476 [Worker-15: Importing Maven projects] INFO  o.e.m.c.i.e.AbstractTransferListenerAdapter - Downloaded https://repo.maven.apache.org/maven2/org/synchronoss/cloud/nio-stream-storage/1.1.3/nio-stream-storage-1.1.3.pom
2026-02-09 19:49:49,596 [Worker-15: Importing Maven projects] INFO  o.e.m.c.i.e.AbstractTransferListenerAdapter - Downloading https://repo.spring.io/snapshot/org/springframework/fu/spring-fu-jafu/0.0.3.BUILD-SNAPSHOT/maven-metadata.xml
2026-02-09 19:49:49,600 [Worker-15: Importing Maven projects] INFO  o.e.m.c.i.e.AbstractTransferListenerAdapter - Downloaded https://repo.spring.io/snapshot/org/springframework/fu/spring-fu-jafu/0.0.3.BUILD-SNAPSHOT/maven-metadata.xml
2026-02-09 19:49:49,742 [Worker-15: Importing Maven projects] INFO  o.e.m.c.i.e.AbstractTransferListenerAdapter - Downloading https://repo.spring.io/snapshot/org/springframework/fu/spring-fu-jafu/0.0.3.BUILD-SNAPSHOT/spring-fu-jafu-0.0.3.BUILD-20181220.093735-57.pom
2026-02-09 19:49:49,747 [Worker-15: Importing Maven projects] INFO  o.e.m.c.i.e.AbstractTransferListenerAdapter - Downloaded https://repo.spring.io/snapshot/org/springframework/fu/spring-fu-jafu/0.0.3.BUILD-SNAPSHOT/spring-fu-jafu-0.0.3.BUILD-20181220.093735-57.pom
2026-02-09 19:49:49,846 [Worker-15: Importing Maven projects] INFO  o.e.m.c.i.e.AbstractTransferListenerAdapter - Downloaded https://repo.spring.io/snapshot/org/springframework/boot/spring-boot-dependencies/2.1.1.RELEASE/spring-boot-dependencies-2.1.1.RELEASE.pom
2026-02-09 19:49:49,974 [Worker-15: Importing Maven projects] INFO  o.e.m.c.i.e.AbstractTransferListenerAdapter - Downloaded https://repo.spring.io/milestone/org/springframework/boot/spring-boot-dependencies/2.1.1.RELEASE/spring-boot-dependencies-2.1.1.RELEASE.pom
2026-02-09 19:49:50,099 [Worker-15: Importing Maven projects] INFO  o.e.m.c.i.e.AbstractTransferListenerAdapter - Downloading https://repo.maven.apache.org/maven2/org/springframework/boot/spring-boot-dependencies/2.1.1.RELEASE/spring-boot-dependencies-2.1.1.RELEASE.pom
2026-02-09 19:49:50,105 [Worker-15: Importing Maven projects] INFO  o.e.m.c.i.e.AbstractTransferListenerAdapter - Downloaded https://repo.maven.apache.org/maven2/org/springframework/boot/spring-boot-dependencies/2.1.1.RELEASE/spring-boot-dependencies-2.1.1.RELEASE.pom
2026-02-09 19:49:50,222 [Worker-15: Importing Maven projects] INFO  o.e.m.c.i.e.AbstractTransferListenerAdapter - Downloaded https://repo.spring.io/snapshot/io/netty/netty-bom/4.1.31.Final/netty-bom-4.1.31.Final.pom
2026-02-09 19:49:50,346 [Worker-15: Importing Maven projects] INFO  o.e.m.c.i.e.AbstractTransferListenerAdapter - Downloaded https://repo.spring.io/milestone/io/netty/netty-bom/4.1.31.Final/netty-bom-4.1.31.Final.pom
2026-02-09 19:49:50,424 [Worker-15: Importing Maven projects] INFO  o.e.m.c.i.e.AbstractTransferListenerAdapter - Downloading https://repo.maven.apache.org/maven2/io/netty/netty-bom/4.1.31.Final/netty-bom-4.1.31.Final.pom
2026-02-09 19:49:50,428 [Worker-15: Importing Maven projects] INFO  o.e.m.c.i.e.AbstractTransferListenerAdapter - Downloaded https://repo.maven.apache.org/maven2/io/netty/netty-bom/4.1.31.Final/netty-bom-4.1.31.Final.pom
2026-02-09 19:49:50,535 [Worker-15: Importing Maven projects] INFO  o.e.m.c.i.e.AbstractTransferListenerAdapter - Downloaded https://repo.spring.io/snapshot/io/projectreactor/reactor-bom/Californium-SR3/reactor-bom-Californium-SR3.pom
2026-02-09 19:49:50,658 [Worker-15: Importing Maven projects] INFO  o.e.m.c.i.e.AbstractTransferListenerAdapter - Downloaded https://repo.spring.io/milestone/io/projectreactor/reactor-bom/Californium-SR3/reactor-bom-Californium-SR3.pom
2026-02-09 19:49:50,785 [Worker-15: Importing Maven projects] INFO  o.e.m.c.i.e.AbstractTransferListenerAdapter - Downloading https://repo.maven.apache.org/maven2/io/projectreactor/reactor-bom/Californium-SR3/reactor-bom-Californium-SR3.pom
2026-02-09 19:49:50,789 [Worker-15: Importing Maven projects] INFO  o.e.m.c.i.e.AbstractTransferListenerAdapter - Downloaded https://repo.maven.apache.org/maven2/io/projectreactor/reactor-bom/Californium-SR3/reactor-bom-Californium-SR3.pom
2026-02-09 19:49:50,925 [Worker-15: Importing Maven projects] INFO  o.e.m.c.i.e.AbstractTransferListenerAdapter - Downloaded https://repo.spring.io/snapshot/org/junit/junit-bom/5.3.2/junit-bom-5.3.2.pom
2026-02-09 19:49:51,066 [Worker-15: Importing Maven projects] INFO  o.e.m.c.i.e.AbstractTransferListenerAdapter - Downloaded https://repo.spring.io/milestone/org/junit/junit-bom/5.3.2/junit-bom-5.3.2.pom
2026-02-09 19:49:51,200 [Worker-15: Importing Maven projects] INFO  o.e.m.c.i.e.AbstractTransferListenerAdapter - Downloading https://repo.maven.apache.org/maven2/org/junit/junit-bom/5.3.2/junit-bom-5.3.2.pom
2026-02-09 19:49:51,205 [Worker-15: Importing Maven projects] INFO  o.e.m.c.i.e.AbstractTransferListenerAdapter - Downloaded https://repo.maven.apache.org/maven2/org/junit/junit-bom/5.3.2/junit-bom-5.3.2.pom
2026-02-09 19:49:51,332 [Worker-15: Importing Maven projects] INFO  o.e.m.c.i.e.AbstractTransferListenerAdapter - Downloaded https://repo.spring.io/snapshot/org/springframework/spring-framework-bom/5.1.3.RELEASE/spring-framework-bom-5.1.3.RELEASE.pom
2026-02-09 19:49:51,455 [Worker-15: Importing Maven projects] INFO  o.e.m.c.i.e.AbstractTransferListenerAdapter - Downloaded https://repo.spring.io/milestone/org/springframework/spring-framework-bom/5.1.3.RELEASE/spring-framework-bom-5.1.3.RELEASE.pom
2026-02-09 19:49:51,606 [Worker-15: Importing Maven projects] INFO  o.e.m.c.i.e.AbstractTransferListenerAdapter - Downloading https://repo.maven.apache.org/maven2/org/springframework/spring-framework-bom/5.1.3.RELEASE/spring-framework-bom-5.1.3.RELEASE.pom
2026-02-09 19:49:51,611 [Worker-15: Importing Maven projects] INFO  o.e.m.c.i.e.AbstractTransferListenerAdapter - Downloaded https://repo.maven.apache.org/maven2/org/springframework/spring-framework-bom/5.1.3.RELEASE/spring-framework-bom-5.1.3.RELEASE.pom
2026-02-09 19:49:51,738 [Worker-15: Importing Maven projects] INFO  o.e.m.c.i.e.AbstractTransferListenerAdapter - Downloaded https://repo.spring.io/snapshot/org/springframework/data/spring-data-releasetrain/Lovelace-SR3/spring-data-releasetrain-Lovelace-SR3.pom
2026-02-09 19:49:51,860 [Worker-15: Importing Maven projects] INFO  o.e.m.c.i.e.AbstractTransferListenerAdapter - Downloaded https://repo.spring.io/milestone/org/springframework/data/spring-data-releasetrain/Lovelace-SR3/spring-data-releasetrain-Lovelace-SR3.pom
2026-02-09 19:49:52,010 [Worker-15: Importing Maven projects] INFO  o.e.m.c.i.e.AbstractTransferListenerAdapter - Downloading https://repo.maven.apache.org/maven2/org/springframework/data/spring-data-releasetrain/Lovelace-SR3/spring-data-releasetrain-Lovelace-SR3.pom
2026-02-09 19:49:52,016 [Worker-15: Importing Maven projects] INFO  o.e.m.c.i.e.AbstractTransferListenerAdapter - Downloaded https://repo.maven.apache.org/maven2/org/springframework/data/spring-data-releasetrain/Lovelace-SR3/spring-data-releasetrain-Lovelace-SR3.pom
2026-02-09 19:49:52,128 [Worker-15: Importing Maven projects] INFO  o.e.m.c.i.e.AbstractTransferListenerAdapter - Downloaded https://repo.spring.io/snapshot/org/springframework/data/build/spring-data-build/2.1.3.RELEASE/spring-data-build-2.1.3.RELEASE.pom
2026-02-09 19:49:52,266 [Worker-15: Importing Maven projects] INFO  o.e.m.c.i.e.AbstractTransferListenerAdapter - Downloaded https://repo.spring.io/milestone/org/springframework/data/build/spring-data-build/2.1.3.RELEASE/spring-data-build-2.1.3.RELEASE.pom
2026-02-09 19:49:52,416 [Worker-15: Importing Maven projects] INFO  o.e.m.c.i.e.AbstractTransferListenerAdapter - Downloading https://repo.maven.apache.org/maven2/org/springframework/data/build/spring-data-build/2.1.3.RELEASE/spring-data-build-2.1.3.RELEASE.pom
2026-02-09 19:49:52,421 [Worker-15: Importing Maven projects] INFO  o.e.m.c.i.e.AbstractTransferListenerAdapter - Downloaded https://repo.maven.apache.org/maven2/org/springframework/data/build/spring-data-build/2.1.3.RELEASE/spring-data-build-2.1.3.RELEASE.pom
2026-02-09 19:49:52,544 [Worker-15: Importing Maven projects] INFO  o.e.m.c.i.e.AbstractTransferListenerAdapter - Downloaded https://repo.spring.io/snapshot/org/springframework/integration/spring-integration-bom/5.1.1.RELEASE/spring-integration-bom-5.1.1.RELEASE.pom
2026-02-09 19:49:52,683 [Worker-15: Importing Maven projects] INFO  o.e.m.c.i.e.AbstractTransferListenerAdapter - Downloaded https://repo.spring.io/milestone/org/springframework/integration/spring-integration-bom/5.1.1.RELEASE/spring-integration-bom-5.1.1.RELEASE.pom
2026-02-09 19:49:52,821 [Worker-15: Importing Maven projects] INFO  o.e.m.c.i.e.AbstractTransferListenerAdapter - Downloading https://repo.maven.apache.org/maven2/org/springframework/integration/spring-integration-bom/5.1.1.RELEASE/spring-integration-bom-5.1.1.RELEASE.pom
2026-02-09 19:49:52,825 [Worker-15: Importing Maven projects] INFO  o.e.m.c.i.e.AbstractTransferListenerAdapter - Downloaded https://repo.maven.apache.org/maven2/org/springframework/integration/spring-integration-bom/5.1.1.RELEASE/spring-integration-bom-5.1.1.RELEASE.pom
2026-02-09 19:49:52,946 [Worker-15: Importing Maven projects] INFO  o.e.m.c.i.e.AbstractTransferListenerAdapter - Downloaded https://repo.spring.io/snapshot/org/springframework/security/spring-security-bom/5.1.2.RELEASE/spring-security-bom-5.1.2.RELEASE.pom
2026-02-09 19:49:53,068 [Worker-15: Importing Maven projects] INFO  o.e.m.c.i.e.AbstractTransferListenerAdapter - Downloaded https://repo.spring.io/milestone/org/springframework/security/spring-security-bom/5.1.2.RELEASE/spring-security-bom-5.1.2.RELEASE.pom
2026-02-09 19:49:53,206 [Worker-15: Importing Maven projects] INFO  o.e.m.c.i.e.AbstractTransferListenerAdapter - Downloading https://repo.maven.apache.org/maven2/org/springframework/security/spring-security-bom/5.1.2.RELEASE/spring-security-bom-5.1.2.RELEASE.pom
2026-02-09 19:49:53,210 [Worker-15: Importing Maven projects] INFO  o.e.m.c.i.e.AbstractTransferListenerAdapter - Downloaded https://repo.maven.apache.org/maven2/org/springframework/security/spring-security-bom/5.1.2.RELEASE/spring-security-bom-5.1.2.RELEASE.pom
2026-02-09 19:49:53,323 [Worker-15: Importing Maven projects] INFO  o.e.m.c.i.e.AbstractTransferListenerAdapter - Downloaded https://repo.spring.io/snapshot/org/springframework/session/spring-session-bom/Bean-SR1/spring-session-bom-Bean-SR1.pom
2026-02-09 19:49:53,447 [Worker-15: Importing Maven projects] INFO  o.e.m.c.i.e.AbstractTransferListenerAdapter - Downloaded https://repo.spring.io/milestone/org/springframework/session/spring-session-bom/Bean-SR1/spring-session-bom-Bean-SR1.pom
2026-02-09 19:49:53,585 [Worker-15: Importing Maven projects] INFO  o.e.m.c.i.e.AbstractTransferListenerAdapter - Downloading https://repo.maven.apache.org/maven2/org/springframework/session/spring-session-bom/Bean-SR1/spring-session-bom-Bean-SR1.pom
2026-02-09 19:49:53,594 [Worker-15: Importing Maven projects] INFO  o.e.m.c.i.e.AbstractTransferListenerAdapter - Downloaded https://repo.maven.apache.org/maven2/org/springframework/session/spring-session-bom/Bean-SR1/spring-session-bom-Bean-SR1.pom
2026-02-09 19:49:53,708 [Worker-15: Importing Maven projects] INFO  o.e.m.c.i.e.AbstractTransferListenerAdapter - Downloading https://repo.spring.io/snapshot/org/springframework/fu/spring-fu-autoconfigure-adapter/0.0.3.BUILD-SNAPSHOT/maven-metadata.xml
2026-02-09 19:49:53,713 [Worker-15: Importing Maven projects] INFO  o.e.m.c.i.e.AbstractTransferListenerAdapter - Downloaded https://repo.spring.io/snapshot/org/springframework/fu/spring-fu-autoconfigure-adapter/0.0.3.BUILD-SNAPSHOT/maven-metadata.xml
2026-02-09 19:49:53,879 [Worker-15: Importing Maven projects] INFO  o.e.m.c.i.e.AbstractTransferListenerAdapter - Downloading https://repo.spring.io/snapshot/org/springframework/fu/spring-fu-autoconfigure-adapter/0.0.3.BUILD-SNAPSHOT/spring-fu-autoconfigure-adapter-0.0.3.BUILD-20181220.093727-57.pom
2026-02-09 19:49:53,884 [Worker-15: Importing Maven projects] INFO  o.e.m.c.i.e.AbstractTransferListenerAdapter - Downloaded https://repo.spring.io/snapshot/org/springframework/fu/spring-fu-autoconfigure-adapter/0.0.3.BUILD-SNAPSHOT/spring-fu-autoconfigure-adapter-0.0.3.BUILD-20181220.093727-57.pom
2026-02-09 19:49:53,981 [Worker-15: Importing Maven projects] INFO  o.e.m.c.i.e.AbstractTransferListenerAdapter - Downloaded https://repo.spring.io/snapshot/am/ik/yavi/yavi/0.0.18/yavi-0.0.18.pom
2026-02-09 19:49:54,072 [Worker-15: Importing Maven projects] INFO  o.e.m.c.i.e.AbstractTransferListenerAdapter - Downloaded https://repo.spring.io/milestone/am/ik/yavi/yavi/0.0.18/yavi-0.0.18.pom
2026-02-09 19:49:54,205 [Worker-15: Importing Maven projects] INFO  o.e.m.c.i.e.AbstractTransferListenerAdapter - Downloading https://repo.maven.apache.org/maven2/am/ik/yavi/yavi/0.0.18/yavi-0.0.18.pom
2026-02-09 19:49:54,211 [Worker-15: Importing Maven projects] INFO  o.e.m.c.i.e.AbstractTransferListenerAdapter - Downloaded https://repo.maven.apache.org/maven2/am/ik/yavi/yavi/0.0.18/yavi-0.0.18.pom
2026-02-09 19:49:54,308 [Worker-15: Importing Maven projects] INFO  o.e.m.c.i.e.AbstractTransferListenerAdapter - Downloaded https://repo.spring.io/snapshot/org/springframework/boot/spring-boot-starter-test/2.1.0.RC1/spring-boot-starter-test-2.1.0.RC1.pom
2026-02-09 19:49:54,406 [Worker-15: Importing Maven projects] INFO  o.e.m.c.i.e.AbstractTransferListenerAdapter - Downloading https://repo.spring.io/milestone/org/springframework/boot/spring-boot-starter-test/2.1.0.RC1/spring-boot-starter-test-2.1.0.RC1.pom
2026-02-09 19:49:54,410 [Worker-15: Importing Maven projects] INFO  o.e.m.c.i.e.AbstractTransferListenerAdapter - Downloaded https://repo.spring.io/milestone/org/springframework/boot/spring-boot-starter-test/2.1.0.RC1/spring-boot-starter-test-2.1.0.RC1.pom
2026-02-09 19:49:54,506 [Worker-15: Importing Maven projects] INFO  o.e.m.c.i.e.AbstractTransferListenerAdapter - Downloaded https://repo.spring.io/snapshot/org/springframework/boot/spring-boot-test/2.1.0.RC1/spring-boot-test-2.1.0.RC1.pom
2026-02-09 19:49:54,604 [Worker-15: Importing Maven projects] INFO  o.e.m.c.i.e.AbstractTransferListenerAdapter - Downloading https://repo.spring.io/milestone/org/springframework/boot/spring-boot-test/2.1.0.RC1/spring-boot-test-2.1.0.RC1.pom
2026-02-09 19:49:54,608 [Worker-15: Importing Maven projects] INFO  o.e.m.c.i.e.AbstractTransferListenerAdapter - Downloaded https://repo.spring.io/milestone/org/springframework/boot/spring-boot-test/2.1.0.RC1/spring-boot-test-2.1.0.RC1.pom
2026-02-09 19:49:54,705 [Worker-15: Importing Maven projects] INFO  o.e.m.c.i.e.AbstractTransferListenerAdapter - Downloaded https://repo.spring.io/snapshot/org/springframework/boot/spring-boot-test-autoconfigure/2.1.0.RC1/spring-boot-test-autoconfigure-2.1.0.RC1.pom
2026-02-09 19:49:55,088 [Worker-15: Importing Maven projects] INFO  o.e.m.c.i.e.AbstractTransferListenerAdapter - Downloading https://repo.spring.io/milestone/org/springframework/boot/spring-boot-test-autoconfigure/2.1.0.RC1/spring-boot-test-autoconfigure-2.1.0.RC1.pom
2026-02-09 19:49:55,727 [Worker-15: Importing Maven projects] INFO  o.e.m.c.i.e.AbstractTransferListenerAdapter - Downloaded https://repo.spring.io/milestone/org/springframework/boot/spring-boot-test-autoconfigure/2.1.0.RC1/spring-boot-test-autoconfigure-2.1.0.RC1.pom
2026-02-09 19:49:55,824 [Worker-15: Importing Maven projects] INFO  o.e.m.c.i.e.AbstractTransferListenerAdapter - Downloaded https://repo.spring.io/snapshot/com/jayway/jsonpath/json-path/2.4.0/json-path-2.4.0.pom
2026-02-09 19:49:55,912 [Worker-15: Importing Maven projects] INFO  o.e.m.c.i.e.AbstractTransferListenerAdapter - Downloaded https://repo.spring.io/milestone/com/jayway/jsonpath/json-path/2.4.0/json-path-2.4.0.pom
2026-02-09 19:49:55,998 [Worker-15: Importing Maven projects] INFO  o.e.m.c.i.e.AbstractTransferListenerAdapter - Downloading https://repo.maven.apache.org/maven2/com/jayway/jsonpath/json-path/2.4.0/json-path-2.4.0.pom
2026-02-09 19:49:56,002 [Worker-15: Importing Maven projects] INFO  o.e.m.c.i.e.AbstractTransferListenerAdapter - Downloaded https://repo.maven.apache.org/maven2/com/jayway/jsonpath/json-path/2.4.0/json-path-2.4.0.pom
2026-02-09 19:49:56,100 [Worker-15: Importing Maven projects] INFO  o.e.m.c.i.e.AbstractTransferListenerAdapter - Downloaded https://repo.spring.io/snapshot/net/minidev/json-smart/2.3/json-smart-2.3.pom
2026-02-09 19:49:56,191 [Worker-15: Importing Maven projects] INFO  o.e.m.c.i.e.AbstractTransferListenerAdapter - Downloaded https://repo.spring.io/milestone/net/minidev/json-smart/2.3/json-smart-2.3.pom
2026-02-09 19:49:56,272 [Worker-15: Importing Maven projects] INFO  o.e.m.c.i.e.AbstractTransferListenerAdapter - Downloading https://repo.maven.apache.org/maven2/net/minidev/json-smart/2.3/json-smart-2.3.pom
2026-02-09 19:49:56,277 [Worker-15: Importing Maven projects] INFO  o.e.m.c.i.e.AbstractTransferListenerAdapter - Downloaded https://repo.maven.apache.org/maven2/net/minidev/json-smart/2.3/json-smart-2.3.pom
2026-02-09 19:49:56,370 [Worker-15: Importing Maven projects] INFO  o.e.m.c.i.e.AbstractTransferListenerAdapter - Downloaded https://repo.spring.io/snapshot/net/minidev/minidev-parent/2.3/minidev-parent-2.3.pom
2026-02-09 19:49:56,461 [Worker-15: Importing Maven projects] INFO  o.e.m.c.i.e.AbstractTransferListenerAdapter - Downloaded https://repo.spring.io/milestone/net/minidev/minidev-parent/2.3/minidev-parent-2.3.pom
2026-02-09 19:49:56,545 [Worker-15: Importing Maven projects] INFO  o.e.m.c.i.e.AbstractTransferListenerAdapter - Downloading https://repo.maven.apache.org/maven2/net/minidev/minidev-parent/2.3/minidev-parent-2.3.pom
2026-02-09 19:49:56,551 [Worker-15: Importing Maven projects] INFO  o.e.m.c.i.e.AbstractTransferListenerAdapter - Downloaded https://repo.maven.apache.org/maven2/net/minidev/minidev-parent/2.3/minidev-parent-2.3.pom
2026-02-09 19:49:56,653 [Worker-15: Importing Maven projects] INFO  o.e.m.c.i.e.AbstractTransferListenerAdapter - Downloaded https://repo.spring.io/snapshot/net/minidev/accessors-smart/1.2/accessors-smart-1.2.pom
2026-02-09 19:49:56,746 [Worker-15: Importing Maven projects] INFO  o.e.m.c.i.e.AbstractTransferListenerAdapter - Downloaded https://repo.spring.io/milestone/net/minidev/accessors-smart/1.2/accessors-smart-1.2.pom
2026-02-09 19:49:56,824 [Worker-15: Importing Maven projects] INFO  o.e.m.c.i.e.AbstractTransferListenerAdapter - Downloading https://repo.maven.apache.org/maven2/net/minidev/accessors-smart/1.2/accessors-smart-1.2.pom
2026-02-09 19:49:56,829 [Worker-15: Importing Maven projects] INFO  o.e.m.c.i.e.AbstractTransferListenerAdapter - Downloaded https://repo.maven.apache.org/maven2/net/minidev/accessors-smart/1.2/accessors-smart-1.2.pom
2026-02-09 19:49:56,925 [Worker-15: Importing Maven projects] INFO  o.e.m.c.i.e.AbstractTransferListenerAdapter - Downloaded https://repo.spring.io/snapshot/org/ow2/asm/asm/5.0.4/asm-5.0.4.pom
2026-02-09 19:49:57,013 [Worker-15: Importing Maven projects] INFO  o.e.m.c.i.e.AbstractTransferListenerAdapter - Downloaded https://repo.spring.io/milestone/org/ow2/asm/asm/5.0.4/asm-5.0.4.pom
2026-02-09 19:49:57,091 [Worker-15: Importing Maven projects] INFO  o.e.m.c.i.e.AbstractTransferListenerAdapter - Downloading https://repo.maven.apache.org/maven2/org/ow2/asm/asm/5.0.4/asm-5.0.4.pom
2026-02-09 19:49:57,097 [Worker-15: Importing Maven projects] INFO  o.e.m.c.i.e.AbstractTransferListenerAdapter - Downloaded https://repo.maven.apache.org/maven2/org/ow2/asm/asm/5.0.4/asm-5.0.4.pom
2026-02-09 19:49:57,189 [Worker-15: Importing Maven projects] INFO  o.e.m.c.i.e.AbstractTransferListenerAdapter - Downloaded https://repo.spring.io/snapshot/org/ow2/asm/asm-parent/5.0.4/asm-parent-5.0.4.pom
2026-02-09 19:49:57,292 [Worker-15: Importing Maven projects] INFO  o.e.m.c.i.e.AbstractTransferListenerAdapter - Downloaded https://repo.spring.io/milestone/org/ow2/asm/asm-parent/5.0.4/asm-parent-5.0.4.pom
2026-02-09 19:49:57,377 [Worker-15: Importing Maven projects] INFO  o.e.m.c.i.e.AbstractTransferListenerAdapter - Downloading https://repo.maven.apache.org/maven2/org/ow2/asm/asm-parent/5.0.4/asm-parent-5.0.4.pom
2026-02-09 19:49:57,381 [Worker-15: Importing Maven projects] INFO  o.e.m.c.i.e.AbstractTransferListenerAdapter - Downloaded https://repo.maven.apache.org/maven2/org/ow2/asm/asm-parent/5.0.4/asm-parent-5.0.4.pom
2026-02-09 19:49:57,474 [Worker-15: Importing Maven projects] INFO  o.e.m.c.i.e.AbstractTransferListenerAdapter - Downloaded https://repo.spring.io/snapshot/org/ow2/ow2/1.3/ow2-1.3.pom
2026-02-09 19:49:57,565 [Worker-15: Importing Maven projects] INFO  o.e.m.c.i.e.AbstractTransferListenerAdapter - Downloaded https://repo.spring.io/milestone/org/ow2/ow2/1.3/ow2-1.3.pom
2026-02-09 19:49:57,648 [Worker-15: Importing Maven projects] INFO  o.e.m.c.i.e.AbstractTransferListenerAdapter - Downloading https://repo.maven.apache.org/maven2/org/ow2/ow2/1.3/ow2-1.3.pom
2026-02-09 19:49:57,654 [Worker-15: Importing Maven projects] INFO  o.e.m.c.i.e.AbstractTransferListenerAdapter - Downloaded https://repo.maven.apache.org/maven2/org/ow2/ow2/1.3/ow2-1.3.pom
2026-02-09 19:49:57,743 [Worker-15: Importing Maven projects] INFO  o.e.m.c.i.e.AbstractTransferListenerAdapter - Downloaded https://repo.spring.io/snapshot/junit/junit/4.12/junit-4.12.pom
2026-02-09 19:49:57,831 [Worker-15: Importing Maven projects] INFO  o.e.m.c.i.e.AbstractTransferListenerAdapter - Downloaded https://repo.spring.io/milestone/junit/junit/4.12/junit-4.12.pom
2026-02-09 19:49:57,906 [Worker-15: Importing Maven projects] INFO  o.e.m.c.i.e.AbstractTransferListenerAdapter - Downloading https://repo.maven.apache.org/maven2/junit/junit/4.12/junit-4.12.pom
2026-02-09 19:49:57,920 [Worker-15: Importing Maven projects] INFO  o.e.m.c.i.e.AbstractTransferListenerAdapter - Downloaded https://repo.maven.apache.org/maven2/junit/junit/4.12/junit-4.12.pom
2026-02-09 19:49:58,010 [Worker-15: Importing Maven projects] INFO  o.e.m.c.i.e.AbstractTransferListenerAdapter - Downloaded https://repo.spring.io/snapshot/org/hamcrest/hamcrest-core/1.3/hamcrest-core-1.3.pom
2026-02-09 19:49:58,099 [Worker-15: Importing Maven projects] INFO  o.e.m.c.i.e.AbstractTransferListenerAdapter - Downloaded https://repo.spring.io/milestone/org/hamcrest/hamcrest-core/1.3/hamcrest-core-1.3.pom
2026-02-09 19:49:58,182 [Worker-15: Importing Maven projects] INFO  o.e.m.c.i.e.AbstractTransferListenerAdapter - Downloading https://repo.maven.apache.org/maven2/org/hamcrest/hamcrest-core/1.3/hamcrest-core-1.3.pom
2026-02-09 19:49:58,186 [Worker-15: Importing Maven projects] INFO  o.e.m.c.i.e.AbstractTransferListenerAdapter - Downloaded https://repo.maven.apache.org/maven2/org/hamcrest/hamcrest-core/1.3/hamcrest-core-1.3.pom
2026-02-09 19:49:58,273 [Worker-15: Importing Maven projects] INFO  o.e.m.c.i.e.AbstractTransferListenerAdapter - Downloaded https://repo.spring.io/snapshot/org/hamcrest/hamcrest-parent/1.3/hamcrest-parent-1.3.pom
2026-02-09 19:49:58,365 [Worker-15: Importing Maven projects] INFO  o.e.m.c.i.e.AbstractTransferListenerAdapter - Downloaded https://repo.spring.io/milestone/org/hamcrest/hamcrest-parent/1.3/hamcrest-parent-1.3.pom
2026-02-09 19:49:58,444 [Worker-15: Importing Maven projects] INFO  o.e.m.c.i.e.AbstractTransferListenerAdapter - Downloading https://repo.maven.apache.org/maven2/org/hamcrest/hamcrest-parent/1.3/hamcrest-parent-1.3.pom
2026-02-09 19:49:58,458 [Worker-15: Importing Maven projects] INFO  o.e.m.c.i.e.AbstractTransferListenerAdapter - Downloaded https://repo.maven.apache.org/maven2/org/hamcrest/hamcrest-parent/1.3/hamcrest-parent-1.3.pom
2026-02-09 19:49:58,545 [Worker-15: Importing Maven projects] INFO  o.e.m.c.i.e.AbstractTransferListenerAdapter - Downloaded https://repo.spring.io/snapshot/org/assertj/assertj-core/3.11.1/assertj-core-3.11.1.pom
2026-02-09 19:49:58,635 [Worker-15: Importing Maven projects] INFO  o.e.m.c.i.e.AbstractTransferListenerAdapter - Downloaded https://repo.spring.io/milestone/org/assertj/assertj-core/3.11.1/assertj-core-3.11.1.pom
2026-02-09 19:49:58,712 [Worker-15: Importing Maven projects] INFO  o.e.m.c.i.e.AbstractTransferListenerAdapter - Downloading https://repo.maven.apache.org/maven2/org/assertj/assertj-core/3.11.1/assertj-core-3.11.1.pom
2026-02-09 19:49:58,716 [Worker-15: Importing Maven projects] INFO  o.e.m.c.i.e.AbstractTransferListenerAdapter - Downloaded https://repo.maven.apache.org/maven2/org/assertj/assertj-core/3.11.1/assertj-core-3.11.1.pom
2026-02-09 19:49:58,810 [Worker-15: Importing Maven projects] INFO  o.e.m.c.i.e.AbstractTransferListenerAdapter - Downloaded https://repo.spring.io/snapshot/org/assertj/assertj-parent-pom/2.2.1/assertj-parent-pom-2.2.1.pom
2026-02-09 19:49:58,901 [Worker-15: Importing Maven projects] INFO  o.e.m.c.i.e.AbstractTransferListenerAdapter - Downloaded https://repo.spring.io/milestone/org/assertj/assertj-parent-pom/2.2.1/assertj-parent-pom-2.2.1.pom
2026-02-09 19:49:58,971 [Worker-15: Importing Maven projects] INFO  o.e.m.c.i.e.AbstractTransferListenerAdapter - Downloading https://repo.maven.apache.org/maven2/org/assertj/assertj-parent-pom/2.2.1/assertj-parent-pom-2.2.1.pom
2026-02-09 19:49:58,974 [Worker-15: Importing Maven projects] INFO  o.e.m.c.i.e.AbstractTransferListenerAdapter - Downloaded https://repo.maven.apache.org/maven2/org/assertj/assertj-parent-pom/2.2.1/assertj-parent-pom-2.2.1.pom
2026-02-09 19:49:59,070 [Worker-15: Importing Maven projects] INFO  o.e.m.c.i.e.AbstractTransferListenerAdapter - Downloaded https://repo.spring.io/snapshot/org/junit/junit-bom/5.2.0/junit-bom-5.2.0.pom
2026-02-09 19:49:59,161 [Worker-15: Importing Maven projects] INFO  o.e.m.c.i.e.AbstractTransferListenerAdapter - Downloaded https://repo.spring.io/milestone/org/junit/junit-bom/5.2.0/junit-bom-5.2.0.pom
2026-02-09 19:49:59,241 [Worker-15: Importing Maven projects] INFO  o.e.m.c.i.e.AbstractTransferListenerAdapter - Downloading https://repo.maven.apache.org/maven2/org/junit/junit-bom/5.2.0/junit-bom-5.2.0.pom
2026-02-09 19:49:59,245 [Worker-15: Importing Maven projects] INFO  o.e.m.c.i.e.AbstractTransferListenerAdapter - Downloaded https://repo.maven.apache.org/maven2/org/junit/junit-bom/5.2.0/junit-bom-5.2.0.pom
2026-02-09 19:49:59,337 [Worker-15: Importing Maven projects] INFO  o.e.m.c.i.e.AbstractTransferListenerAdapter - Downloaded https://repo.spring.io/snapshot/org/mockito/mockito-core/2.23.0/mockito-core-2.23.0.pom
2026-02-09 19:49:59,423 [Worker-15: Importing Maven projects] INFO  o.e.m.c.i.e.AbstractTransferListenerAdapter - Downloaded https://repo.spring.io/milestone/org/mockito/mockito-core/2.23.0/mockito-core-2.23.0.pom
2026-02-09 19:49:59,514 [Worker-15: Importing Maven projects] INFO  o.e.m.c.i.e.AbstractTransferListenerAdapter - Downloading https://repo.maven.apache.org/maven2/org/mockito/mockito-core/2.23.0/mockito-core-2.23.0.pom
2026-02-09 19:49:59,531 [Worker-15: Importing Maven projects] INFO  o.e.m.c.i.e.AbstractTransferListenerAdapter - Downloaded https://repo.maven.apache.org/maven2/org/mockito/mockito-core/2.23.0/mockito-core-2.23.0.pom
2026-02-09 19:49:59,621 [Worker-15: Importing Maven projects] INFO  o.e.m.c.i.e.AbstractTransferListenerAdapter - Downloaded https://repo.spring.io/snapshot/net/bytebuddy/byte-buddy/1.9.1/byte-buddy-1.9.1.pom
2026-02-09 19:49:59,711 [Worker-15: Importing Maven projects] INFO  o.e.m.c.i.e.AbstractTransferListenerAdapter - Downloaded https://repo.spring.io/milestone/net/bytebuddy/byte-buddy/1.9.1/byte-buddy-1.9.1.pom
2026-02-09 19:49:59,839 [Worker-15: Importing Maven projects] INFO  o.e.m.c.i.e.AbstractTransferListenerAdapter - Downloading https://repo.maven.apache.org/maven2/net/bytebuddy/byte-buddy/1.9.1/byte-buddy-1.9.1.pom
2026-02-09 19:49:59,844 [Worker-15: Importing Maven projects] INFO  o.e.m.c.i.e.AbstractTransferListenerAdapter - Downloaded https://repo.maven.apache.org/maven2/net/bytebuddy/byte-buddy/1.9.1/byte-buddy-1.9.1.pom
2026-02-09 19:49:59,939 [Worker-15: Importing Maven projects] INFO  o.e.m.c.i.e.AbstractTransferListenerAdapter - Downloaded https://repo.spring.io/snapshot/net/bytebuddy/byte-buddy-parent/1.9.1/byte-buddy-parent-1.9.1.pom
2026-02-09 19:50:00,028 [Worker-15: Importing Maven projects] INFO  o.e.m.c.i.e.AbstractTransferListenerAdapter - Downloaded https://repo.spring.io/milestone/net/bytebuddy/byte-buddy-parent/1.9.1/byte-buddy-parent-1.9.1.pom
2026-02-09 19:50:00,154 [Worker-15: Importing Maven projects] INFO  o.e.m.c.i.e.AbstractTransferListenerAdapter - Downloading https://repo.maven.apache.org/maven2/net/bytebuddy/byte-buddy-parent/1.9.1/byte-buddy-parent-1.9.1.pom
2026-02-09 19:50:00,159 [Worker-15: Importing Maven projects] INFO  o.e.m.c.i.e.AbstractTransferListenerAdapter - Downloaded https://repo.maven.apache.org/maven2/net/bytebuddy/byte-buddy-parent/1.9.1/byte-buddy-parent-1.9.1.pom
2026-02-09 19:50:00,246 [Worker-15: Importing Maven projects] INFO  o.e.m.c.i.e.AbstractTransferListenerAdapter - Downloaded https://repo.spring.io/snapshot/net/bytebuddy/byte-buddy-agent/1.9.1/byte-buddy-agent-1.9.1.pom
2026-02-09 19:50:00,334 [Worker-15: Importing Maven projects] INFO  o.e.m.c.i.e.AbstractTransferListenerAdapter - Downloaded https://repo.spring.io/milestone/net/bytebuddy/byte-buddy-agent/1.9.1/byte-buddy-agent-1.9.1.pom
2026-02-09 19:50:00,477 [Worker-15: Importing Maven projects] INFO  o.e.m.c.i.e.AbstractTransferListenerAdapter - Downloading https://repo.maven.apache.org/maven2/net/bytebuddy/byte-buddy-agent/1.9.1/byte-buddy-agent-1.9.1.pom
2026-02-09 19:50:00,480 [Worker-15: Importing Maven projects] INFO  o.e.m.c.i.e.AbstractTransferListenerAdapter - Downloaded https://repo.maven.apache.org/maven2/net/bytebuddy/byte-buddy-agent/1.9.1/byte-buddy-agent-1.9.1.pom
2026-02-09 19:50:00,573 [Worker-15: Importing Maven projects] INFO  o.e.m.c.i.e.AbstractTransferListenerAdapter - Downloaded https://repo.spring.io/snapshot/org/objenesis/objenesis/2.6/objenesis-2.6.pom
2026-02-09 19:50:00,666 [Worker-15: Importing Maven projects] INFO  o.e.m.c.i.e.AbstractTransferListenerAdapter - Downloaded https://repo.spring.io/milestone/org/objenesis/objenesis/2.6/objenesis-2.6.pom
2026-02-09 19:50:00,747 [Worker-15: Importing Maven projects] INFO  o.e.m.c.i.e.AbstractTransferListenerAdapter - Downloading https://repo.maven.apache.org/maven2/org/objenesis/objenesis/2.6/objenesis-2.6.pom
2026-02-09 19:50:00,752 [Worker-15: Importing Maven projects] INFO  o.e.m.c.i.e.AbstractTransferListenerAdapter - Downloaded https://repo.maven.apache.org/maven2/org/objenesis/objenesis/2.6/objenesis-2.6.pom
2026-02-09 19:50:00,842 [Worker-15: Importing Maven projects] INFO  o.e.m.c.i.e.AbstractTransferListenerAdapter - Downloaded https://repo.spring.io/snapshot/org/objenesis/objenesis-parent/2.6/objenesis-parent-2.6.pom
2026-02-09 19:50:00,939 [Worker-15: Importing Maven projects] INFO  o.e.m.c.i.e.AbstractTransferListenerAdapter - Downloaded https://repo.spring.io/milestone/org/objenesis/objenesis-parent/2.6/objenesis-parent-2.6.pom
2026-02-09 19:50:01,016 [Worker-15: Importing Maven projects] INFO  o.e.m.c.i.e.AbstractTransferListenerAdapter - Downloading https://repo.maven.apache.org/maven2/org/objenesis/objenesis-parent/2.6/objenesis-parent-2.6.pom
2026-02-09 19:50:01,022 [Worker-15: Importing Maven projects] INFO  o.e.m.c.i.e.AbstractTransferListenerAdapter - Downloaded https://repo.maven.apache.org/maven2/org/objenesis/objenesis-parent/2.6/objenesis-parent-2.6.pom
2026-02-09 19:50:01,114 [Worker-15: Importing Maven projects] INFO  o.e.m.c.i.e.AbstractTransferListenerAdapter - Downloaded https://repo.spring.io/snapshot/org/hamcrest/hamcrest-library/1.3/hamcrest-library-1.3.pom
2026-02-09 19:50:01,203 [Worker-15: Importing Maven projects] INFO  o.e.m.c.i.e.AbstractTransferListenerAdapter - Downloaded https://repo.spring.io/milestone/org/hamcrest/hamcrest-library/1.3/hamcrest-library-1.3.pom
2026-02-09 19:50:01,285 [Worker-15: Importing Maven projects] INFO  o.e.m.c.i.e.AbstractTransferListenerAdapter - Downloading https://repo.maven.apache.org/maven2/org/hamcrest/hamcrest-library/1.3/hamcrest-library-1.3.pom
2026-02-09 19:50:01,288 [Worker-15: Importing Maven projects] INFO  o.e.m.c.i.e.AbstractTransferListenerAdapter - Downloaded https://repo.maven.apache.org/maven2/org/hamcrest/hamcrest-library/1.3/hamcrest-library-1.3.pom
2026-02-09 19:50:01,383 [Worker-15: Importing Maven projects] INFO  o.e.m.c.i.e.AbstractTransferListenerAdapter - Downloaded https://repo.spring.io/snapshot/org/skyscreamer/jsonassert/1.5.0/jsonassert-1.5.0.pom
2026-02-09 19:50:01,475 [Worker-15: Importing Maven projects] INFO  o.e.m.c.i.e.AbstractTransferListenerAdapter - Downloaded https://repo.spring.io/milestone/org/skyscreamer/jsonassert/1.5.0/jsonassert-1.5.0.pom
2026-02-09 19:50:01,558 [Worker-15: Importing Maven projects] INFO  o.e.m.c.i.e.AbstractTransferListenerAdapter - Downloading https://repo.maven.apache.org/maven2/org/skyscreamer/jsonassert/1.5.0/jsonassert-1.5.0.pom
2026-02-09 19:50:01,562 [Worker-15: Importing Maven projects] INFO  o.e.m.c.i.e.AbstractTransferListenerAdapter - Downloaded https://repo.maven.apache.org/maven2/org/skyscreamer/jsonassert/1.5.0/jsonassert-1.5.0.pom
2026-02-09 19:50:01,655 [Worker-15: Importing Maven projects] INFO  o.e.m.c.i.e.AbstractTransferListenerAdapter - Downloaded https://repo.spring.io/snapshot/com/vaadin/external/google/android-json/0.0.20131108.vaadin1/android-json-0.0.20131108.vaadin1.pom
2026-02-09 19:50:01,747 [Worker-15: Importing Maven projects] INFO  o.e.m.c.i.e.AbstractTransferListenerAdapter - Downloaded https://repo.spring.io/milestone/com/vaadin/external/google/android-json/0.0.20131108.vaadin1/android-json-0.0.20131108.vaadin1.pom
2026-02-09 19:50:01,831 [Worker-15: Importing Maven projects] INFO  o.e.m.c.i.e.AbstractTransferListenerAdapter - Downloading https://repo.maven.apache.org/maven2/com/vaadin/external/google/android-json/0.0.20131108.vaadin1/android-json-0.0.20131108.vaadin1.pom
2026-02-09 19:50:01,836 [Worker-15: Importing Maven projects] INFO  o.e.m.c.i.e.AbstractTransferListenerAdapter - Downloaded https://repo.maven.apache.org/maven2/com/vaadin/external/google/android-json/0.0.20131108.vaadin1/android-json-0.0.20131108.vaadin1.pom
2026-02-09 19:50:01,930 [Worker-15: Importing Maven projects] INFO  o.e.m.c.i.e.AbstractTransferListenerAdapter - Downloaded https://repo.spring.io/snapshot/org/springframework/spring-test/5.1.1.RELEASE/spring-test-5.1.1.RELEASE.pom
2026-02-09 19:50:02,023 [Worker-15: Importing Maven projects] INFO  o.e.m.c.i.e.AbstractTransferListenerAdapter - Downloaded https://repo.spring.io/milestone/org/springframework/spring-test/5.1.1.RELEASE/spring-test-5.1.1.RELEASE.pom
2026-02-09 19:50:02,141 [Worker-15: Importing Maven projects] INFO  o.e.m.c.i.e.AbstractTransferListenerAdapter - Downloading https://repo.maven.apache.org/maven2/org/springframework/spring-test/5.1.1.RELEASE/spring-test-5.1.1.RELEASE.pom
2026-02-09 19:50:02,145 [Worker-15: Importing Maven projects] INFO  o.e.m.c.i.e.AbstractTransferListenerAdapter - Downloaded https://repo.maven.apache.org/maven2/org/springframework/spring-test/5.1.1.RELEASE/spring-test-5.1.1.RELEASE.pom
2026-02-09 19:50:02,237 [Worker-15: Importing Maven projects] INFO  o.e.m.c.i.e.AbstractTransferListenerAdapter - Downloaded https://repo.spring.io/snapshot/org/xmlunit/xmlunit-core/2.6.2/xmlunit-core-2.6.2.pom
2026-02-09 19:50:02,327 [Worker-15: Importing Maven projects] INFO  o.e.m.c.i.e.AbstractTransferListenerAdapter - Downloaded https://repo.spring.io/milestone/org/xmlunit/xmlunit-core/2.6.2/xmlunit-core-2.6.2.pom
2026-02-09 19:50:02,408 [Worker-15: Importing Maven projects] INFO  o.e.m.c.i.e.AbstractTransferListenerAdapter - Downloading https://repo.maven.apache.org/maven2/org/xmlunit/xmlunit-core/2.6.2/xmlunit-core-2.6.2.pom
2026-02-09 19:50:02,414 [Worker-15: Importing Maven projects] INFO  o.e.m.c.i.e.AbstractTransferListenerAdapter - Downloaded https://repo.maven.apache.org/maven2/org/xmlunit/xmlunit-core/2.6.2/xmlunit-core-2.6.2.pom
2026-02-09 19:50:02,503 [Worker-15: Importing Maven projects] INFO  o.e.m.c.i.e.AbstractTransferListenerAdapter - Downloaded https://repo.spring.io/snapshot/org/xmlunit/xmlunit-parent/2.6.2/xmlunit-parent-2.6.2.pom
2026-02-09 19:50:02,595 [Worker-15: Importing Maven projects] INFO  o.e.m.c.i.e.AbstractTransferListenerAdapter - Downloaded https://repo.spring.io/milestone/org/xmlunit/xmlunit-parent/2.6.2/xmlunit-parent-2.6.2.pom
2026-02-09 19:50:02,679 [Worker-15: Importing Maven projects] INFO  o.e.m.c.i.e.AbstractTransferListenerAdapter - Downloading https://repo.maven.apache.org/maven2/org/xmlunit/xmlunit-parent/2.6.2/xmlunit-parent-2.6.2.pom
2026-02-09 19:50:02,682 [Worker-15: Importing Maven projects] INFO  o.e.m.c.i.e.AbstractTransferListenerAdapter - Downloaded https://repo.maven.apache.org/maven2/org/xmlunit/xmlunit-parent/2.6.2/xmlunit-parent-2.6.2.pom
2026-02-09 19:50:02,778 [Worker-15: Importing Maven projects] INFO  o.e.m.c.i.e.AbstractTransferListenerAdapter - Downloaded https://repo.spring.io/snapshot/javax/xml/bind/jaxb-api/2.3.1/jaxb-api-2.3.1.pom
2026-02-09 19:50:02,872 [Worker-15: Importing Maven projects] INFO  o.e.m.c.i.e.AbstractTransferListenerAdapter - Downloaded https://repo.spring.io/milestone/javax/xml/bind/jaxb-api/2.3.1/jaxb-api-2.3.1.pom
2026-02-09 19:50:02,945 [Worker-15: Importing Maven projects] INFO  o.e.m.c.i.e.AbstractTransferListenerAdapter - Downloading https://repo.maven.apache.org/maven2/javax/xml/bind/jaxb-api/2.3.1/jaxb-api-2.3.1.pom
2026-02-09 19:50:02,950 [Worker-15: Importing Maven projects] INFO  o.e.m.c.i.e.AbstractTransferListenerAdapter - Downloaded https://repo.maven.apache.org/maven2/javax/xml/bind/jaxb-api/2.3.1/jaxb-api-2.3.1.pom
2026-02-09 19:50:03,037 [Worker-15: Importing Maven projects] INFO  o.e.m.c.i.e.AbstractTransferListenerAdapter - Downloaded https://repo.spring.io/snapshot/javax/xml/bind/jaxb-api-parent/2.3.1/jaxb-api-parent-2.3.1.pom
2026-02-09 19:50:03,138 [Worker-15: Importing Maven projects] INFO  o.e.m.c.i.e.AbstractTransferListenerAdapter - Downloaded https://repo.spring.io/milestone/javax/xml/bind/jaxb-api-parent/2.3.1/jaxb-api-parent-2.3.1.pom
2026-02-09 19:50:03,216 [Worker-15: Importing Maven projects] INFO  o.e.m.c.i.e.AbstractTransferListenerAdapter - Downloading https://repo.maven.apache.org/maven2/javax/xml/bind/jaxb-api-parent/2.3.1/jaxb-api-parent-2.3.1.pom
2026-02-09 19:50:03,219 [Worker-15: Importing Maven projects] INFO  o.e.m.c.i.e.AbstractTransferListenerAdapter - Downloaded https://repo.maven.apache.org/maven2/javax/xml/bind/jaxb-api-parent/2.3.1/jaxb-api-parent-2.3.1.pom
2026-02-09 19:50:03,313 [Worker-15: Importing Maven projects] INFO  o.e.m.c.i.e.AbstractTransferListenerAdapter - Downloaded https://repo.spring.io/snapshot/net/java/jvnet-parent/5/jvnet-parent-5.pom
2026-02-09 19:50:03,403 [Worker-15: Importing Maven projects] INFO  o.e.m.c.i.e.AbstractTransferListenerAdapter - Downloaded https://repo.spring.io/milestone/net/java/jvnet-parent/5/jvnet-parent-5.pom
2026-02-09 19:50:03,477 [Worker-15: Importing Maven projects] INFO  o.e.m.c.i.e.AbstractTransferListenerAdapter - Downloading https://repo.maven.apache.org/maven2/net/java/jvnet-parent/5/jvnet-parent-5.pom
2026-02-09 19:50:03,483 [Worker-15: Importing Maven projects] INFO  o.e.m.c.i.e.AbstractTransferListenerAdapter - Downloaded https://repo.maven.apache.org/maven2/net/java/jvnet-parent/5/jvnet-parent-5.pom
2026-02-09 19:50:03,580 [Worker-15: Importing Maven projects] INFO  o.e.m.c.i.e.AbstractTransferListenerAdapter - Downloaded https://repo.spring.io/snapshot/javax/activation/javax.activation-api/1.2.0/javax.activation-api-1.2.0.pom
2026-02-09 19:50:03,677 [Worker-15: Importing Maven projects] INFO  o.e.m.c.i.e.AbstractTransferListenerAdapter - Downloaded https://repo.spring.io/milestone/javax/activation/javax.activation-api/1.2.0/javax.activation-api-1.2.0.pom
2026-02-09 19:50:03,750 [Worker-15: Importing Maven projects] INFO  o.e.m.c.i.e.AbstractTransferListenerAdapter - Downloading https://repo.maven.apache.org/maven2/javax/activation/javax.activation-api/1.2.0/javax.activation-api-1.2.0.pom
2026-02-09 19:50:03,755 [Worker-15: Importing Maven projects] INFO  o.e.m.c.i.e.AbstractTransferListenerAdapter - Downloaded https://repo.maven.apache.org/maven2/javax/activation/javax.activation-api/1.2.0/javax.activation-api-1.2.0.pom
2026-02-09 19:50:03,845 [Worker-15: Importing Maven projects] INFO  o.e.m.c.i.e.AbstractTransferListenerAdapter - Downloaded https://repo.spring.io/snapshot/com/sun/activation/all/1.2.0/all-1.2.0.pom
2026-02-09 19:50:03,938 [Worker-15: Importing Maven projects] INFO  o.e.m.c.i.e.AbstractTransferListenerAdapter - Downloaded https://repo.spring.io/milestone/com/sun/activation/all/1.2.0/all-1.2.0.pom
2026-02-09 19:50:04,022 [Worker-15: Importing Maven projects] INFO  o.e.m.c.i.e.AbstractTransferListenerAdapter - Downloading https://repo.maven.apache.org/maven2/com/sun/activation/all/1.2.0/all-1.2.0.pom
2026-02-09 19:50:04,037 [Worker-15: Importing Maven projects] INFO  o.e.m.c.i.e.AbstractTransferListenerAdapter - Downloaded https://repo.maven.apache.org/maven2/com/sun/activation/all/1.2.0/all-1.2.0.pom
2026-02-09 19:50:04,130 [Worker-15: Importing Maven projects] INFO  o.e.m.c.i.e.AbstractTransferListenerAdapter - Downloaded https://repo.spring.io/snapshot/net/java/jvnet-parent/1/jvnet-parent-1.pom
2026-02-09 19:50:04,227 [Worker-15: Importing Maven projects] INFO  o.e.m.c.i.e.AbstractTransferListenerAdapter - Downloaded https://repo.spring.io/milestone/net/java/jvnet-parent/1/jvnet-parent-1.pom
2026-02-09 19:50:04,303 [Worker-15: Importing Maven projects] INFO  o.e.m.c.i.e.AbstractTransferListenerAdapter - Downloading https://repo.maven.apache.org/maven2/net/java/jvnet-parent/1/jvnet-parent-1.pom
2026-02-09 19:50:04,307 [Worker-15: Importing Maven projects] INFO  o.e.m.c.i.e.AbstractTransferListenerAdapter - Downloaded https://repo.maven.apache.org/maven2/net/java/jvnet-parent/1/jvnet-parent-1.pom
2026-02-09 19:50:04,434 [Worker-15: Importing Maven projects] INFO  o.e.m.c.i.e.AbstractTransferListenerAdapter - Downloaded https://repo.spring.io/snapshot/org/springframework/boot/spring-boot-starter-webflux/2.1.0.RC1/spring-boot-starter-webflux-2.1.0.RC1.jar
2026-02-09 19:50:04,527 [BasicRepositoryConnector-repo.spring.io-3-0] INFO  o.e.m.c.i.e.AbstractTransferListenerAdapter - Downloaded https://repo.spring.io/snapshot/org/springframework/boot/spring-boot-starter/2.1.0.RC1/spring-boot-starter-2.1.0.RC1.jar
2026-02-09 19:50:04,528 [BasicRepositoryConnector-repo.spring.io-3-4] INFO  o.e.m.c.i.e.AbstractTransferListenerAdapter - Downloaded https://repo.spring.io/snapshot/ch/qos/logback/logback-core/1.2.3/logback-core-1.2.3.jar
2026-02-09 19:50:04,531 [BasicRepositoryConnector-repo.spring.io-3-1] INFO  o.e.m.c.i.e.AbstractTransferListenerAdapter - Downloaded https://repo.spring.io/snapshot/org/springframework/boot/spring-boot-autoconfigure/2.1.0.RC1/spring-boot-autoconfigure-2.1.0.RC1.jar
2026-02-09 19:50:04,531 [BasicRepositoryConnector-repo.spring.io-3-3] INFO  o.e.m.c.i.e.AbstractTransferListenerAdapter - Downloaded https://repo.spring.io/snapshot/ch/qos/logback/logback-classic/1.2.3/logback-classic-1.2.3.jar
2026-02-09 19:50:04,534 [BasicRepositoryConnector-repo.spring.io-3-2] INFO  o.e.m.c.i.e.AbstractTransferListenerAdapter - Downloaded https://repo.spring.io/snapshot/org/springframework/boot/spring-boot-starter-logging/2.1.0.RC1/spring-boot-starter-logging-2.1.0.RC1.jar
2026-02-09 19:50:04,605 [BasicRepositoryConnector-repo.spring.io-3-0] INFO  o.e.m.c.i.e.AbstractTransferListenerAdapter - Downloaded https://repo.spring.io/snapshot/org/apache/logging/log4j/log4j-to-slf4j/2.11.1/log4j-to-slf4j-2.11.1.jar
2026-02-09 19:50:04,614 [BasicRepositoryConnector-repo.spring.io-3-4] INFO  o.e.m.c.i.e.AbstractTransferListenerAdapter - Downloaded https://repo.spring.io/snapshot/org/apache/logging/log4j/log4j-api/2.11.1/log4j-api-2.11.1.jar
2026-02-09 19:50:04,620 [BasicRepositoryConnector-repo.spring.io-3-1] INFO  o.e.m.c.i.e.AbstractTransferListenerAdapter - Downloaded https://repo.spring.io/snapshot/org/slf4j/jul-to-slf4j/1.7.25/jul-to-slf4j-1.7.25.jar
2026-02-09 19:50:04,620 [BasicRepositoryConnector-repo.spring.io-3-3] INFO  o.e.m.c.i.e.AbstractTransferListenerAdapter - Downloaded https://repo.spring.io/snapshot/javax/annotation/javax.annotation-api/1.3.2/javax.annotation-api-1.3.2.jar
2026-02-09 19:50:04,621 [BasicRepositoryConnector-repo.spring.io-3-2] INFO  o.e.m.c.i.e.AbstractTransferListenerAdapter - Downloaded https://repo.spring.io/snapshot/org/yaml/snakeyaml/1.23/snakeyaml-1.23.jar
2026-02-09 19:50:04,683 [BasicRepositoryConnector-repo.spring.io-3-0] INFO  o.e.m.c.i.e.AbstractTransferListenerAdapter - Downloaded https://repo.spring.io/snapshot/org/springframework/boot/spring-boot-starter-json/2.1.0.RC1/spring-boot-starter-json-2.1.0.RC1.jar
2026-02-09 19:50:04,691 [BasicRepositoryConnector-repo.spring.io-3-4] INFO  o.e.m.c.i.e.AbstractTransferListenerAdapter - Downloaded https://repo.spring.io/snapshot/com/fasterxml/jackson/core/jackson-databind/2.9.7/jackson-databind-2.9.7.jar
2026-02-09 19:50:04,698 [BasicRepositoryConnector-repo.spring.io-3-1] INFO  o.e.m.c.i.e.AbstractTransferListenerAdapter - Downloaded https://repo.spring.io/snapshot/com/fasterxml/jackson/core/jackson-annotations/2.9.0/jackson-annotations-2.9.0.jar
2026-02-09 19:50:04,705 [BasicRepositoryConnector-repo.spring.io-3-3] INFO  o.e.m.c.i.e.AbstractTransferListenerAdapter - Downloaded https://repo.spring.io/snapshot/com/fasterxml/jackson/core/jackson-core/2.9.7/jackson-core-2.9.7.jar
2026-02-09 19:50:04,705 [BasicRepositoryConnector-repo.spring.io-3-2] INFO  o.e.m.c.i.e.AbstractTransferListenerAdapter - Downloaded https://repo.spring.io/snapshot/com/fasterxml/jackson/datatype/jackson-datatype-jdk8/2.9.7/jackson-datatype-jdk8-2.9.7.jar
2026-02-09 19:50:04,766 [BasicRepositoryConnector-repo.spring.io-3-4] INFO  o.e.m.c.i.e.AbstractTransferListenerAdapter - Downloaded https://repo.spring.io/snapshot/com/fasterxml/jackson/module/jackson-module-parameter-names/2.9.7/jackson-module-parameter-names-2.9.7.jar
2026-02-09 19:50:04,766 [BasicRepositoryConnector-repo.spring.io-3-0] INFO  o.e.m.c.i.e.AbstractTransferListenerAdapter - Downloaded https://repo.spring.io/snapshot/com/fasterxml/jackson/datatype/jackson-datatype-jsr310/2.9.7/jackson-datatype-jsr310-2.9.7.jar
2026-02-09 19:50:04,788 [BasicRepositoryConnector-repo.spring.io-3-2] INFO  o.e.m.c.i.e.AbstractTransferListenerAdapter - Downloaded https://repo.spring.io/snapshot/io/netty/netty-codec-http/4.1.29.Final/netty-codec-http-4.1.29.Final.jar
2026-02-09 19:50:04,789 [BasicRepositoryConnector-repo.spring.io-3-1] INFO  o.e.m.c.i.e.AbstractTransferListenerAdapter - Downloaded https://repo.spring.io/snapshot/org/springframework/boot/spring-boot-starter-reactor-netty/2.1.0.RC1/spring-boot-starter-reactor-netty-2.1.0.RC1.jar
2026-02-09 19:50:04,796 [BasicRepositoryConnector-repo.spring.io-3-3] INFO  o.e.m.c.i.e.AbstractTransferListenerAdapter - Downloaded https://repo.spring.io/snapshot/io/projectreactor/netty/reactor-netty/0.8.1.RELEASE/reactor-netty-0.8.1.RELEASE.jar
2026-02-09 19:50:04,848 [BasicRepositoryConnector-repo.spring.io-3-0] INFO  o.e.m.c.i.e.AbstractTransferListenerAdapter - Downloaded https://repo.spring.io/snapshot/io/netty/netty-codec-http2/4.1.29.Final/netty-codec-http2-4.1.29.Final.jar
2026-02-09 19:50:04,848 [BasicRepositoryConnector-repo.spring.io-3-4] INFO  o.e.m.c.i.e.AbstractTransferListenerAdapter - Downloaded https://repo.spring.io/snapshot/io/netty/netty-codec/4.1.29.Final/netty-codec-4.1.29.Final.jar
2026-02-09 19:50:04,869 [BasicRepositoryConnector-repo.spring.io-3-2] INFO  o.e.m.c.i.e.AbstractTransferListenerAdapter - Downloaded https://repo.spring.io/snapshot/io/netty/netty-handler/4.1.29.Final/netty-handler-4.1.29.Final.jar
2026-02-09 19:50:04,872 [BasicRepositoryConnector-repo.spring.io-3-1] INFO  o.e.m.c.i.e.AbstractTransferListenerAdapter - Downloaded https://repo.spring.io/snapshot/io/netty/netty-buffer/4.1.29.Final/netty-buffer-4.1.29.Final.jar
2026-02-09 19:50:04,894 [BasicRepositoryConnector-repo.spring.io-3-3] INFO  o.e.m.c.i.e.AbstractTransferListenerAdapter - Downloaded https://repo.spring.io/snapshot/io/netty/netty-transport/4.1.29.Final/netty-transport-4.1.29.Final.jar
2026-02-09 19:50:04,930 [BasicRepositoryConnector-repo.spring.io-3-0] INFO  o.e.m.c.i.e.AbstractTransferListenerAdapter - Downloaded https://repo.spring.io/snapshot/io/netty/netty-resolver/4.1.29.Final/netty-resolver-4.1.29.Final.jar
2026-02-09 19:50:04,930 [BasicRepositoryConnector-repo.spring.io-3-4] INFO  o.e.m.c.i.e.AbstractTransferListenerAdapter - Downloaded https://repo.spring.io/snapshot/io/netty/netty-handler-proxy/4.1.29.Final/netty-handler-proxy-4.1.29.Final.jar
2026-02-09 19:50:04,951 [BasicRepositoryConnector-repo.spring.io-3-2] INFO  o.e.m.c.i.e.AbstractTransferListenerAdapter - Downloaded https://repo.spring.io/snapshot/io/netty/netty-codec-socks/4.1.29.Final/netty-codec-socks-4.1.29.Final.jar
2026-02-09 19:50:04,952 [BasicRepositoryConnector-repo.spring.io-3-1] INFO  o.e.m.c.i.e.AbstractTransferListenerAdapter - Downloaded https://repo.spring.io/snapshot/io/netty/netty-transport-native-epoll/4.1.29.Final/netty-transport-native-epoll-4.1.29.Final-linux-x86_64.jar
2026-02-09 19:50:04,978 [BasicRepositoryConnector-repo.spring.io-3-3] INFO  o.e.m.c.i.e.AbstractTransferListenerAdapter - Downloaded https://repo.spring.io/snapshot/io/netty/netty-common/4.1.29.Final/netty-common-4.1.29.Final.jar
2026-02-09 19:50:05,004 [BasicRepositoryConnector-repo.spring.io-3-0] INFO  o.e.m.c.i.e.AbstractTransferListenerAdapter - Downloaded https://repo.spring.io/snapshot/io/netty/netty-transport-native-unix-common/4.1.29.Final/netty-transport-native-unix-common-4.1.29.Final.jar
2026-02-09 19:50:05,005 [BasicRepositoryConnector-repo.spring.io-3-4] INFO  o.e.m.c.i.e.AbstractTransferListenerAdapter - Downloaded https://repo.spring.io/snapshot/org/hibernate/validator/hibernate-validator/6.0.13.Final/hibernate-validator-6.0.13.Final.jar
2026-02-09 19:50:05,034 [BasicRepositoryConnector-repo.spring.io-3-1] INFO  o.e.m.c.i.e.AbstractTransferListenerAdapter - Downloaded https://repo.spring.io/snapshot/org/jboss/logging/jboss-logging/3.3.2.Final/jboss-logging-3.3.2.Final.jar
2026-02-09 19:50:05,036 [BasicRepositoryConnector-repo.spring.io-3-2] INFO  o.e.m.c.i.e.AbstractTransferListenerAdapter - Downloaded https://repo.spring.io/snapshot/javax/validation/validation-api/2.0.1.Final/validation-api-2.0.1.Final.jar
2026-02-09 19:50:05,075 [BasicRepositoryConnector-repo.spring.io-3-3] INFO  o.e.m.c.i.e.AbstractTransferListenerAdapter - Downloaded https://repo.spring.io/snapshot/com/fasterxml/classmate/1.4.0/classmate-1.4.0.jar
2026-02-09 19:50:05,086 [BasicRepositoryConnector-repo.spring.io-3-4] INFO  o.e.m.c.i.e.AbstractTransferListenerAdapter - Downloaded https://repo.spring.io/snapshot/org/springframework/spring-beans/5.1.1.RELEASE/spring-beans-5.1.1.RELEASE.jar
2026-02-09 19:50:05,086 [BasicRepositoryConnector-repo.spring.io-3-0] INFO  o.e.m.c.i.e.AbstractTransferListenerAdapter - Downloaded https://repo.spring.io/snapshot/org/springframework/spring-web/5.1.1.RELEASE/spring-web-5.1.1.RELEASE.jar
2026-02-09 19:50:05,116 [BasicRepositoryConnector-repo.spring.io-3-1] INFO  o.e.m.c.i.e.AbstractTransferListenerAdapter - Downloaded https://repo.spring.io/snapshot/org/springframework/spring-webflux/5.1.1.RELEASE/spring-webflux-5.1.1.RELEASE.jar
2026-02-09 19:50:05,127 [BasicRepositoryConnector-repo.spring.io-3-2] INFO  o.e.m.c.i.e.AbstractTransferListenerAdapter - Downloaded https://repo.spring.io/snapshot/io/projectreactor/reactor-core/3.2.1.RELEASE/reactor-core-3.2.1.RELEASE.jar
2026-02-09 19:50:05,155 [BasicRepositoryConnector-repo.spring.io-3-4] INFO  o.e.m.c.i.e.AbstractTransferListenerAdapter - Downloaded https://repo.spring.io/snapshot/org/synchronoss/cloud/nio-multipart-parser/1.1.0/nio-multipart-parser-1.1.0.jar
2026-02-09 19:50:05,155 [BasicRepositoryConnector-repo.spring.io-3-0] INFO  o.e.m.c.i.e.AbstractTransferListenerAdapter - Downloaded https://repo.spring.io/snapshot/org/slf4j/slf4j-api/1.7.25/slf4j-api-1.7.25.jar
2026-02-09 19:50:05,172 [BasicRepositoryConnector-repo.spring.io-3-3] INFO  o.e.m.c.i.e.AbstractTransferListenerAdapter - Downloaded https://repo.spring.io/snapshot/org/reactivestreams/reactive-streams/1.0.2/reactive-streams-1.0.2.jar
2026-02-09 19:50:05,204 [BasicRepositoryConnector-repo.spring.io-3-1] INFO  o.e.m.c.i.e.AbstractTransferListenerAdapter - Downloaded https://repo.spring.io/snapshot/org/synchronoss/cloud/nio-stream-storage/1.1.3/nio-stream-storage-1.1.3.jar
2026-02-09 19:50:05,212 [BasicRepositoryConnector-repo.spring.io-3-2] INFO  o.e.m.c.i.e.AbstractTransferListenerAdapter - Downloading https://repo.spring.io/snapshot/org/springframework/fu/spring-fu-jafu/0.0.3.BUILD-SNAPSHOT/spring-fu-jafu-0.0.3.BUILD-20181220.093735-57.jar
2026-02-09 19:50:05,232 [BasicRepositoryConnector-repo.spring.io-3-4] INFO  o.e.m.c.i.e.AbstractTransferListenerAdapter - Downloaded https://repo.spring.io/snapshot/org/springframework/boot/spring-boot/2.1.0.RC1/spring-boot-2.1.0.RC1.jar
2026-02-09 19:50:05,232 [BasicRepositoryConnector-repo.spring.io-3-0] INFO  o.e.m.c.i.e.AbstractTransferListenerAdapter - Downloaded https://repo.spring.io/snapshot/org/springframework/spring-context/5.1.1.RELEASE/spring-context-5.1.1.RELEASE.jar
2026-02-09 19:50:05,261 [BasicRepositoryConnector-repo.spring.io-3-3] INFO  o.e.m.c.i.e.AbstractTransferListenerAdapter - Downloaded https://repo.spring.io/snapshot/org/springframework/spring-aop/5.1.1.RELEASE/spring-aop-5.1.1.RELEASE.jar
2026-02-09 19:50:05,286 [BasicRepositoryConnector-repo.spring.io-3-1] INFO  o.e.m.c.i.e.AbstractTransferListenerAdapter - Downloaded https://repo.spring.io/snapshot/org/springframework/spring-expression/5.1.1.RELEASE/spring-expression-5.1.1.RELEASE.jar
2026-02-09 19:50:05,290 [BasicRepositoryConnector-repo.spring.io-3-2] INFO  o.e.m.c.i.e.AbstractTransferListenerAdapter - Downloaded https://repo.spring.io/snapshot/org/springframework/fu/spring-fu-jafu/0.0.3.BUILD-SNAPSHOT/spring-fu-jafu-0.0.3.BUILD-20181220.093735-57.jar
2026-02-09 19:50:05,308 [BasicRepositoryConnector-repo.spring.io-3-0] INFO  o.e.m.c.i.e.AbstractTransferListenerAdapter - Downloaded https://repo.spring.io/snapshot/am/ik/yavi/yavi/0.0.18/yavi-0.0.18.jar
2026-02-09 19:50:05,367 [BasicRepositoryConnector-repo.spring.io-3-3] INFO  o.e.m.c.i.e.AbstractTransferListenerAdapter - Downloaded https://repo.spring.io/snapshot/org/springframework/boot/spring-boot-starter-test/2.1.0.RC1/spring-boot-starter-test-2.1.0.RC1.jar
2026-02-09 19:50:05,367 [BasicRepositoryConnector-repo.spring.io-3-1] INFO  o.e.m.c.i.e.AbstractTransferListenerAdapter - Downloaded https://repo.spring.io/snapshot/org/springframework/boot/spring-boot-test/2.1.0.RC1/spring-boot-test-2.1.0.RC1.jar
2026-02-09 19:50:05,368 [BasicRepositoryConnector-repo.spring.io-3-2] INFO  o.e.m.c.i.e.AbstractTransferListenerAdapter - Downloaded https://repo.spring.io/snapshot/org/springframework/boot/spring-boot-test-autoconfigure/2.1.0.RC1/spring-boot-test-autoconfigure-2.1.0.RC1.jar
2026-02-09 19:50:05,370 [BasicRepositoryConnector-repo.spring.io-3-4] INFO  o.e.m.c.i.e.AbstractTransferListenerAdapter - Downloading https://repo.spring.io/snapshot/org/springframework/fu/spring-fu-autoconfigure-adapter/0.0.3.BUILD-SNAPSHOT/spring-fu-autoconfigure-adapter-0.0.3.BUILD-20181220.093727-57.jar
2026-02-09 19:50:05,385 [BasicRepositoryConnector-repo.spring.io-3-0] INFO  o.e.m.c.i.e.AbstractTransferListenerAdapter - Downloaded https://repo.spring.io/snapshot/com/jayway/jsonpath/json-path/2.4.0/json-path-2.4.0.jar
2026-02-09 19:50:05,454 [BasicRepositoryConnector-repo.spring.io-3-1] INFO  o.e.m.c.i.e.AbstractTransferListenerAdapter - Downloaded https://repo.spring.io/snapshot/net/minidev/accessors-smart/1.2/accessors-smart-1.2.jar
2026-02-09 19:50:05,455 [BasicRepositoryConnector-repo.spring.io-3-3] INFO  o.e.m.c.i.e.AbstractTransferListenerAdapter - Downloaded https://repo.spring.io/snapshot/net/minidev/json-smart/2.3/json-smart-2.3.jar
2026-02-09 19:50:05,455 [BasicRepositoryConnector-repo.spring.io-3-2] INFO  o.e.m.c.i.e.AbstractTransferListenerAdapter - Downloaded https://repo.spring.io/snapshot/org/ow2/asm/asm/5.0.4/asm-5.0.4.jar
2026-02-09 19:50:05,459 [BasicRepositoryConnector-repo.spring.io-3-0] INFO  o.e.m.c.i.e.AbstractTransferListenerAdapter - Downloaded https://repo.spring.io/snapshot/junit/junit/4.12/junit-4.12.jar
2026-02-09 19:50:05,535 [BasicRepositoryConnector-repo.spring.io-3-0] INFO  o.e.m.c.i.e.AbstractTransferListenerAdapter - Downloaded https://repo.spring.io/snapshot/net/bytebuddy/byte-buddy-agent/1.9.1/byte-buddy-agent-1.9.1.jar
2026-02-09 19:50:05,540 [BasicRepositoryConnector-repo.spring.io-3-3] INFO  o.e.m.c.i.e.AbstractTransferListenerAdapter - Downloaded https://repo.spring.io/snapshot/org/mockito/mockito-core/2.23.0/mockito-core-2.23.0.jar
2026-02-09 19:50:05,542 [BasicRepositoryConnector-repo.spring.io-3-1] INFO  o.e.m.c.i.e.AbstractTransferListenerAdapter - Downloaded https://repo.spring.io/snapshot/org/assertj/assertj-core/3.11.1/assertj-core-3.11.1.jar
2026-02-09 19:50:05,550 [BasicRepositoryConnector-repo.spring.io-3-2] INFO  o.e.m.c.i.e.AbstractTransferListenerAdapter - Downloaded https://repo.spring.io/snapshot/net/bytebuddy/byte-buddy/1.9.1/byte-buddy-1.9.1.jar
2026-02-09 19:50:05,604 [BasicRepositoryConnector-repo.spring.io-3-0] INFO  o.e.m.c.i.e.AbstractTransferListenerAdapter - Downloaded https://repo.spring.io/snapshot/org/objenesis/objenesis/2.6/objenesis-2.6.jar
2026-02-09 19:50:05,617 [BasicRepositoryConnector-repo.spring.io-3-3] INFO  o.e.m.c.i.e.AbstractTransferListenerAdapter - Downloaded https://repo.spring.io/snapshot/org/hamcrest/hamcrest-core/1.3/hamcrest-core-1.3.jar
2026-02-09 19:50:05,619 [BasicRepositoryConnector-repo.spring.io-3-1] INFO  o.e.m.c.i.e.AbstractTransferListenerAdapter - Downloaded https://repo.spring.io/snapshot/org/hamcrest/hamcrest-library/1.3/hamcrest-library-1.3.jar
2026-02-09 19:50:05,634 [BasicRepositoryConnector-repo.spring.io-3-2] INFO  o.e.m.c.i.e.AbstractTransferListenerAdapter - Downloaded https://repo.spring.io/snapshot/org/skyscreamer/jsonassert/1.5.0/jsonassert-1.5.0.jar
2026-02-09 19:50:05,685 [BasicRepositoryConnector-repo.spring.io-3-0] INFO  o.e.m.c.i.e.AbstractTransferListenerAdapter - Downloaded https://repo.spring.io/snapshot/com/vaadin/external/google/android-json/0.0.20131108.vaadin1/android-json-0.0.20131108.vaadin1.jar
2026-02-09 19:50:05,693 [BasicRepositoryConnector-repo.spring.io-3-3] INFO  o.e.m.c.i.e.AbstractTransferListenerAdapter - Downloaded https://repo.spring.io/snapshot/org/springframework/spring-core/5.1.1.RELEASE/spring-core-5.1.1.RELEASE.jar
2026-02-09 19:50:05,695 [BasicRepositoryConnector-repo.spring.io-3-1] INFO  o.e.m.c.i.e.AbstractTransferListenerAdapter - Downloaded https://repo.spring.io/snapshot/org/springframework/spring-jcl/5.1.1.RELEASE/spring-jcl-5.1.1.RELEASE.jar
2026-02-09 19:50:05,725 [BasicRepositoryConnector-repo.spring.io-3-2] INFO  o.e.m.c.i.e.AbstractTransferListenerAdapter - Downloaded https://repo.spring.io/snapshot/org/springframework/spring-test/5.1.1.RELEASE/spring-test-5.1.1.RELEASE.jar
2026-02-09 19:50:05,767 [BasicRepositoryConnector-repo.spring.io-3-0] INFO  o.e.m.c.i.e.AbstractTransferListenerAdapter - Downloaded https://repo.spring.io/snapshot/org/xmlunit/xmlunit-core/2.6.2/xmlunit-core-2.6.2.jar
2026-02-09 19:50:05,781 [BasicRepositoryConnector-repo.spring.io-3-3] INFO  o.e.m.c.i.e.AbstractTransferListenerAdapter - Downloaded https://repo.spring.io/snapshot/javax/xml/bind/jaxb-api/2.3.1/jaxb-api-2.3.1.jar
2026-02-09 19:50:05,782 [BasicRepositoryConnector-repo.spring.io-3-1] INFO  o.e.m.c.i.e.AbstractTransferListenerAdapter - Downloaded https://repo.spring.io/snapshot/javax/activation/javax.activation-api/1.2.0/javax.activation-api-1.2.0.jar
2026-02-09 19:50:05,820 [BasicRepositoryConnector-repo.spring.io-3-4] INFO  o.e.m.c.i.e.AbstractTransferListenerAdapter - Downloaded https://repo.spring.io/snapshot/org/springframework/fu/spring-fu-autoconfigure-adapter/0.0.3.BUILD-SNAPSHOT/spring-fu-autoconfigure-adapter-0.0.3.BUILD-20181220.093727-57.jar
2026-02-09 19:50:06,134 [Worker-15: Importing Maven projects] INFO  o.e.m.c.i.e.AbstractTransferListenerAdapter - Downloading https://repo.spring.io/milestone/org/springframework/boot/spring-boot-starter-webflux/2.1.0.RC1/spring-boot-starter-webflux-2.1.0.RC1.jar
2026-02-09 19:50:06,138 [Worker-15: Importing Maven projects] INFO  o.e.m.c.i.e.AbstractTransferListenerAdapter - Downloaded https://repo.spring.io/milestone/org/springframework/boot/spring-boot-starter-webflux/2.1.0.RC1/spring-boot-starter-webflux-2.1.0.RC1.jar
2026-02-09 19:50:06,229 [BasicRepositoryConnector-repo.spring.io-4-4] INFO  o.e.m.c.i.e.AbstractTransferListenerAdapter - Downloaded https://repo.spring.io/milestone/ch/qos/logback/logback-core/1.2.3/logback-core-1.2.3.jar
2026-02-09 19:50:06,232 [BasicRepositoryConnector-repo.spring.io-4-0] INFO  o.e.m.c.i.e.AbstractTransferListenerAdapter - Downloading https://repo.spring.io/milestone/org/springframework/boot/spring-boot-starter/2.1.0.RC1/spring-boot-starter-2.1.0.RC1.jar
2026-02-09 19:50:06,232 [BasicRepositoryConnector-repo.spring.io-4-2] INFO  o.e.m.c.i.e.AbstractTransferListenerAdapter - Downloading https://repo.spring.io/milestone/org/springframework/boot/spring-boot-starter-logging/2.1.0.RC1/spring-boot-starter-logging-2.1.0.RC1.jar
2026-02-09 19:50:06,234 [BasicRepositoryConnector-repo.spring.io-4-3] INFO  o.e.m.c.i.e.AbstractTransferListenerAdapter - Downloaded https://repo.spring.io/milestone/ch/qos/logback/logback-classic/1.2.3/logback-classic-1.2.3.jar
2026-02-09 19:50:06,237 [BasicRepositoryConnector-repo.spring.io-4-0] INFO  o.e.m.c.i.e.AbstractTransferListenerAdapter - Downloaded https://repo.spring.io/milestone/org/springframework/boot/spring-boot-starter/2.1.0.RC1/spring-boot-starter-2.1.0.RC1.jar
2026-02-09 19:50:06,238 [BasicRepositoryConnector-repo.spring.io-4-2] INFO  o.e.m.c.i.e.AbstractTransferListenerAdapter - Downloaded https://repo.spring.io/milestone/org/springframework/boot/spring-boot-starter-logging/2.1.0.RC1/spring-boot-starter-logging-2.1.0.RC1.jar
2026-02-09 19:50:06,315 [BasicRepositoryConnector-repo.spring.io-4-4] INFO  o.e.m.c.i.e.AbstractTransferListenerAdapter - Downloaded https://repo.spring.io/milestone/org/apache/logging/log4j/log4j-to-slf4j/2.11.1/log4j-to-slf4j-2.11.1.jar
2026-02-09 19:50:06,319 [BasicRepositoryConnector-repo.spring.io-4-0] INFO  o.e.m.c.i.e.AbstractTransferListenerAdapter - Downloaded https://repo.spring.io/milestone/org/slf4j/jul-to-slf4j/1.7.25/jul-to-slf4j-1.7.25.jar
2026-02-09 19:50:06,322 [BasicRepositoryConnector-repo.spring.io-4-3] INFO  o.e.m.c.i.e.AbstractTransferListenerAdapter - Downloaded https://repo.spring.io/milestone/org/apache/logging/log4j/log4j-api/2.11.1/log4j-api-2.11.1.jar
2026-02-09 19:50:06,328 [BasicRepositoryConnector-repo.spring.io-4-2] INFO  o.e.m.c.i.e.AbstractTransferListenerAdapter - Downloaded https://repo.spring.io/milestone/javax/annotation/javax.annotation-api/1.3.2/javax.annotation-api-1.3.2.jar
2026-02-09 19:50:06,399 [BasicRepositoryConnector-repo.spring.io-4-4] INFO  o.e.m.c.i.e.AbstractTransferListenerAdapter - Downloaded https://repo.spring.io/milestone/org/yaml/snakeyaml/1.23/snakeyaml-1.23.jar
2026-02-09 19:50:06,405 [BasicRepositoryConnector-repo.spring.io-4-3] INFO  o.e.m.c.i.e.AbstractTransferListenerAdapter - Downloaded https://repo.spring.io/milestone/com/fasterxml/jackson/core/jackson-databind/2.9.7/jackson-databind-2.9.7.jar
2026-02-09 19:50:06,407 [BasicRepositoryConnector-repo.spring.io-4-0] INFO  o.e.m.c.i.e.AbstractTransferListenerAdapter - Downloading https://repo.spring.io/milestone/org/springframework/boot/spring-boot-starter-json/2.1.0.RC1/spring-boot-starter-json-2.1.0.RC1.jar
2026-02-09 19:50:06,410 [BasicRepositoryConnector-repo.spring.io-4-0] INFO  o.e.m.c.i.e.AbstractTransferListenerAdapter - Downloaded https://repo.spring.io/milestone/org/springframework/boot/spring-boot-starter-json/2.1.0.RC1/spring-boot-starter-json-2.1.0.RC1.jar
2026-02-09 19:50:06,412 [BasicRepositoryConnector-repo.spring.io-4-2] INFO  o.e.m.c.i.e.AbstractTransferListenerAdapter - Downloaded https://repo.spring.io/milestone/com/fasterxml/jackson/core/jackson-annotations/2.9.0/jackson-annotations-2.9.0.jar
2026-02-09 19:50:06,485 [BasicRepositoryConnector-repo.spring.io-4-4] INFO  o.e.m.c.i.e.AbstractTransferListenerAdapter - Downloaded https://repo.spring.io/milestone/com/fasterxml/jackson/core/jackson-core/2.9.7/jackson-core-2.9.7.jar
2026-02-09 19:50:06,489 [BasicRepositoryConnector-repo.spring.io-4-0] INFO  o.e.m.c.i.e.AbstractTransferListenerAdapter - Downloaded https://repo.spring.io/milestone/com/fasterxml/jackson/datatype/jackson-datatype-jsr310/2.9.7/jackson-datatype-jsr310-2.9.7.jar
2026-02-09 19:50:06,490 [BasicRepositoryConnector-repo.spring.io-4-3] INFO  o.e.m.c.i.e.AbstractTransferListenerAdapter - Downloaded https://repo.spring.io/milestone/com/fasterxml/jackson/datatype/jackson-datatype-jdk8/2.9.7/jackson-datatype-jdk8-2.9.7.jar
2026-02-09 19:50:06,506 [BasicRepositoryConnector-repo.spring.io-4-2] INFO  o.e.m.c.i.e.AbstractTransferListenerAdapter - Downloaded https://repo.spring.io/milestone/com/fasterxml/jackson/module/jackson-module-parameter-names/2.9.7/jackson-module-parameter-names-2.9.7.jar
2026-02-09 19:50:06,572 [BasicRepositoryConnector-repo.spring.io-4-4] INFO  o.e.m.c.i.e.AbstractTransferListenerAdapter - Downloading https://repo.spring.io/milestone/org/springframework/boot/spring-boot-starter-reactor-netty/2.1.0.RC1/spring-boot-starter-reactor-netty-2.1.0.RC1.jar
2026-02-09 19:50:06,573 [BasicRepositoryConnector-repo.spring.io-4-0] INFO  o.e.m.c.i.e.AbstractTransferListenerAdapter - Downloaded https://repo.spring.io/milestone/io/projectreactor/netty/reactor-netty/0.8.1.RELEASE/reactor-netty-0.8.1.RELEASE.jar
2026-02-09 19:50:06,575 [BasicRepositoryConnector-repo.spring.io-4-3] INFO  o.e.m.c.i.e.AbstractTransferListenerAdapter - Downloaded https://repo.spring.io/milestone/io/netty/netty-codec-http/4.1.29.Final/netty-codec-http-4.1.29.Final.jar
2026-02-09 19:50:06,577 [BasicRepositoryConnector-repo.spring.io-4-4] INFO  o.e.m.c.i.e.AbstractTransferListenerAdapter - Downloaded https://repo.spring.io/milestone/org/springframework/boot/spring-boot-starter-reactor-netty/2.1.0.RC1/spring-boot-starter-reactor-netty-2.1.0.RC1.jar
2026-02-09 19:50:06,590 [BasicRepositoryConnector-repo.spring.io-4-2] INFO  o.e.m.c.i.e.AbstractTransferListenerAdapter - Downloaded https://repo.spring.io/milestone/io/netty/netty-codec/4.1.29.Final/netty-codec-4.1.29.Final.jar
2026-02-09 19:50:06,657 [BasicRepositoryConnector-repo.spring.io-4-0] INFO  o.e.m.c.i.e.AbstractTransferListenerAdapter - Downloaded https://repo.spring.io/milestone/io/netty/netty-codec-http2/4.1.29.Final/netty-codec-http2-4.1.29.Final.jar
2026-02-09 19:50:06,661 [BasicRepositoryConnector-repo.spring.io-4-4] INFO  o.e.m.c.i.e.AbstractTransferListenerAdapter - Downloaded https://repo.spring.io/milestone/io/netty/netty-buffer/4.1.29.Final/netty-buffer-4.1.29.Final.jar
2026-02-09 19:50:06,663 [BasicRepositoryConnector-repo.spring.io-4-3] INFO  o.e.m.c.i.e.AbstractTransferListenerAdapter - Downloaded https://repo.spring.io/milestone/io/netty/netty-handler/4.1.29.Final/netty-handler-4.1.29.Final.jar
2026-02-09 19:50:06,679 [BasicRepositoryConnector-repo.spring.io-4-2] INFO  o.e.m.c.i.e.AbstractTransferListenerAdapter - Downloaded https://repo.spring.io/milestone/io/netty/netty-transport/4.1.29.Final/netty-transport-4.1.29.Final.jar
2026-02-09 19:50:06,743 [BasicRepositoryConnector-repo.spring.io-4-0] INFO  o.e.m.c.i.e.AbstractTransferListenerAdapter - Downloaded https://repo.spring.io/milestone/io/netty/netty-resolver/4.1.29.Final/netty-resolver-4.1.29.Final.jar
2026-02-09 19:50:06,748 [BasicRepositoryConnector-repo.spring.io-4-4] INFO  o.e.m.c.i.e.AbstractTransferListenerAdapter - Downloaded https://repo.spring.io/milestone/io/netty/netty-handler-proxy/4.1.29.Final/netty-handler-proxy-4.1.29.Final.jar
2026-02-09 19:50:06,750 [BasicRepositoryConnector-repo.spring.io-4-3] INFO  o.e.m.c.i.e.AbstractTransferListenerAdapter - Downloaded https://repo.spring.io/milestone/io/netty/netty-codec-socks/4.1.29.Final/netty-codec-socks-4.1.29.Final.jar
2026-02-09 19:50:06,783 [BasicRepositoryConnector-repo.spring.io-4-2] INFO  o.e.m.c.i.e.AbstractTransferListenerAdapter - Downloaded https://repo.spring.io/milestone/io/netty/netty-transport-native-epoll/4.1.29.Final/netty-transport-native-epoll-4.1.29.Final-linux-x86_64.jar
2026-02-09 19:50:06,817 [BasicRepositoryConnector-repo.spring.io-4-0] INFO  o.e.m.c.i.e.AbstractTransferListenerAdapter - Downloaded https://repo.spring.io/milestone/io/netty/netty-common/4.1.29.Final/netty-common-4.1.29.Final.jar
2026-02-09 19:50:06,833 [BasicRepositoryConnector-repo.spring.io-4-4] INFO  o.e.m.c.i.e.AbstractTransferListenerAdapter - Downloaded https://repo.spring.io/milestone/io/netty/netty-transport-native-unix-common/4.1.29.Final/netty-transport-native-unix-common-4.1.29.Final.jar
2026-02-09 19:50:06,836 [BasicRepositoryConnector-repo.spring.io-4-3] INFO  o.e.m.c.i.e.AbstractTransferListenerAdapter - Downloaded https://repo.spring.io/milestone/org/hibernate/validator/hibernate-validator/6.0.13.Final/hibernate-validator-6.0.13.Final.jar
2026-02-09 19:50:06,877 [BasicRepositoryConnector-repo.spring.io-4-2] INFO  o.e.m.c.i.e.AbstractTransferListenerAdapter - Downloaded https://repo.spring.io/milestone/javax/validation/validation-api/2.0.1.Final/validation-api-2.0.1.Final.jar
2026-02-09 19:50:06,893 [BasicRepositoryConnector-repo.spring.io-4-0] INFO  o.e.m.c.i.e.AbstractTransferListenerAdapter - Downloaded https://repo.spring.io/milestone/org/jboss/logging/jboss-logging/3.3.2.Final/jboss-logging-3.3.2.Final.jar
2026-02-09 19:50:06,911 [BasicRepositoryConnector-repo.spring.io-4-4] INFO  o.e.m.c.i.e.AbstractTransferListenerAdapter - Downloaded https://repo.spring.io/milestone/com/fasterxml/classmate/1.4.0/classmate-1.4.0.jar
2026-02-09 19:50:06,919 [BasicRepositoryConnector-repo.spring.io-4-3] INFO  o.e.m.c.i.e.AbstractTransferListenerAdapter - Downloaded https://repo.spring.io/milestone/org/springframework/spring-web/5.1.1.RELEASE/spring-web-5.1.1.RELEASE.jar
2026-02-09 19:50:06,967 [BasicRepositoryConnector-repo.spring.io-4-2] INFO  o.e.m.c.i.e.AbstractTransferListenerAdapter - Downloaded https://repo.spring.io/milestone/org/springframework/spring-beans/5.1.1.RELEASE/spring-beans-5.1.1.RELEASE.jar
2026-02-09 19:50:06,977 [BasicRepositoryConnector-repo.spring.io-4-0] INFO  o.e.m.c.i.e.AbstractTransferListenerAdapter - Downloaded https://repo.spring.io/milestone/org/springframework/spring-webflux/5.1.1.RELEASE/spring-webflux-5.1.1.RELEASE.jar
2026-02-09 19:50:06,995 [BasicRepositoryConnector-repo.spring.io-4-4] INFO  o.e.m.c.i.e.AbstractTransferListenerAdapter - Downloaded https://repo.spring.io/milestone/io/projectreactor/reactor-core/3.2.1.RELEASE/reactor-core-3.2.1.RELEASE.jar
2026-02-09 19:50:07,002 [BasicRepositoryConnector-repo.spring.io-4-3] INFO  o.e.m.c.i.e.AbstractTransferListenerAdapter - Downloaded https://repo.spring.io/milestone/org/reactivestreams/reactive-streams/1.0.2/reactive-streams-1.0.2.jar
2026-02-09 19:50:07,051 [BasicRepositoryConnector-repo.spring.io-4-0] INFO  o.e.m.c.i.e.AbstractTransferListenerAdapter - Downloaded https://repo.spring.io/milestone/org/slf4j/slf4j-api/1.7.25/slf4j-api-1.7.25.jar
2026-02-09 19:50:07,055 [BasicRepositoryConnector-repo.spring.io-4-2] INFO  o.e.m.c.i.e.AbstractTransferListenerAdapter - Downloaded https://repo.spring.io/milestone/org/synchronoss/cloud/nio-multipart-parser/1.1.0/nio-multipart-parser-1.1.0.jar
2026-02-09 19:50:07,082 [BasicRepositoryConnector-repo.spring.io-4-4] INFO  o.e.m.c.i.e.AbstractTransferListenerAdapter - Downloaded https://repo.spring.io/milestone/org/synchronoss/cloud/nio-stream-storage/1.1.3/nio-stream-storage-1.1.3.jar
2026-02-09 19:50:07,128 [BasicRepositoryConnector-repo.spring.io-4-0] INFO  o.e.m.c.i.e.AbstractTransferListenerAdapter - Downloaded https://repo.spring.io/milestone/org/springframework/spring-context/5.1.1.RELEASE/spring-context-5.1.1.RELEASE.jar
2026-02-09 19:50:07,149 [BasicRepositoryConnector-repo.spring.io-4-2] INFO  o.e.m.c.i.e.AbstractTransferListenerAdapter - Downloaded https://repo.spring.io/milestone/org/springframework/spring-aop/5.1.1.RELEASE/spring-aop-5.1.1.RELEASE.jar
2026-02-09 19:50:07,185 [BasicRepositoryConnector-repo.spring.io-4-4] INFO  o.e.m.c.i.e.AbstractTransferListenerAdapter - Downloaded https://repo.spring.io/milestone/org/springframework/spring-expression/5.1.1.RELEASE/spring-expression-5.1.1.RELEASE.jar
2026-02-09 19:50:07,209 [BasicRepositoryConnector-repo.spring.io-4-0] INFO  o.e.m.c.i.e.AbstractTransferListenerAdapter - Downloaded https://repo.spring.io/milestone/am/ik/yavi/yavi/0.0.18/yavi-0.0.18.jar
2026-02-09 19:50:07,244 [BasicRepositoryConnector-repo.spring.io-4-2] INFO  o.e.m.c.i.e.AbstractTransferListenerAdapter - Downloading https://repo.spring.io/milestone/org/springframework/boot/spring-boot-starter-test/2.1.0.RC1/spring-boot-starter-test-2.1.0.RC1.jar
2026-02-09 19:50:07,257 [BasicRepositoryConnector-repo.spring.io-4-2] INFO  o.e.m.c.i.e.AbstractTransferListenerAdapter - Downloaded https://repo.spring.io/milestone/org/springframework/boot/spring-boot-starter-test/2.1.0.RC1/spring-boot-starter-test-2.1.0.RC1.jar
2026-02-09 19:50:07,288 [BasicRepositoryConnector-repo.spring.io-4-0] INFO  o.e.m.c.i.e.AbstractTransferListenerAdapter - Downloading https://repo.spring.io/milestone/org/springframework/boot/spring-boot-test-autoconfigure/2.1.0.RC1/spring-boot-test-autoconfigure-2.1.0.RC1.jar
2026-02-09 19:50:07,291 [BasicRepositoryConnector-repo.spring.io-4-4] INFO  o.e.m.c.i.e.AbstractTransferListenerAdapter - Downloading https://repo.spring.io/milestone/org/springframework/boot/spring-boot-test/2.1.0.RC1/spring-boot-test-2.1.0.RC1.jar
2026-02-09 19:50:07,340 [BasicRepositoryConnector-repo.spring.io-4-2] INFO  o.e.m.c.i.e.AbstractTransferListenerAdapter - Downloaded https://repo.spring.io/milestone/com/jayway/jsonpath/json-path/2.4.0/json-path-2.4.0.jar
2026-02-09 19:50:07,432 [BasicRepositoryConnector-repo.spring.io-4-2] INFO  o.e.m.c.i.e.AbstractTransferListenerAdapter - Downloaded https://repo.spring.io/milestone/net/minidev/json-smart/2.3/json-smart-2.3.jar
2026-02-09 19:50:07,525 [BasicRepositoryConnector-repo.spring.io-4-2] INFO  o.e.m.c.i.e.AbstractTransferListenerAdapter - Downloaded https://repo.spring.io/milestone/net/minidev/accessors-smart/1.2/accessors-smart-1.2.jar
2026-02-09 19:50:07,533 [BasicRepositoryConnector-repo.spring.io-4-0] INFO  o.e.m.c.i.e.AbstractTransferListenerAdapter - Downloaded https://repo.spring.io/milestone/org/springframework/boot/spring-boot-test-autoconfigure/2.1.0.RC1/spring-boot-test-autoconfigure-2.1.0.RC1.jar
2026-02-09 19:50:07,542 [BasicRepositoryConnector-repo.spring.io-4-4] INFO  o.e.m.c.i.e.AbstractTransferListenerAdapter - Downloaded https://repo.spring.io/milestone/org/springframework/boot/spring-boot-test/2.1.0.RC1/spring-boot-test-2.1.0.RC1.jar
2026-02-09 19:50:07,615 [BasicRepositoryConnector-repo.spring.io-4-2] INFO  o.e.m.c.i.e.AbstractTransferListenerAdapter - Downloaded https://repo.spring.io/milestone/org/ow2/asm/asm/5.0.4/asm-5.0.4.jar
2026-02-09 19:50:07,615 [BasicRepositoryConnector-repo.spring.io-4-0] INFO  o.e.m.c.i.e.AbstractTransferListenerAdapter - Downloaded https://repo.spring.io/milestone/junit/junit/4.12/junit-4.12.jar
2026-02-09 19:50:07,628 [BasicRepositoryConnector-repo.spring.io-4-4] INFO  o.e.m.c.i.e.AbstractTransferListenerAdapter - Downloaded https://repo.spring.io/milestone/org/assertj/assertj-core/3.11.1/assertj-core-3.11.1.jar
2026-02-09 19:50:07,698 [BasicRepositoryConnector-repo.spring.io-4-0] INFO  o.e.m.c.i.e.AbstractTransferListenerAdapter - Downloaded https://repo.spring.io/milestone/org/mockito/mockito-core/2.23.0/mockito-core-2.23.0.jar
2026-02-09 19:50:07,704 [BasicRepositoryConnector-repo.spring.io-4-2] INFO  o.e.m.c.i.e.AbstractTransferListenerAdapter - Downloaded https://repo.spring.io/milestone/net/bytebuddy/byte-buddy/1.9.1/byte-buddy-1.9.1.jar
2026-02-09 19:50:07,712 [BasicRepositoryConnector-repo.spring.io-4-4] INFO  o.e.m.c.i.e.AbstractTransferListenerAdapter - Downloaded https://repo.spring.io/milestone/net/bytebuddy/byte-buddy-agent/1.9.1/byte-buddy-agent-1.9.1.jar
2026-02-09 19:50:07,780 [BasicRepositoryConnector-repo.spring.io-4-0] INFO  o.e.m.c.i.e.AbstractTransferListenerAdapter - Downloaded https://repo.spring.io/milestone/org/objenesis/objenesis/2.6/objenesis-2.6.jar
2026-02-09 19:50:07,795 [BasicRepositoryConnector-repo.spring.io-4-2] INFO  o.e.m.c.i.e.AbstractTransferListenerAdapter - Downloaded https://repo.spring.io/milestone/org/hamcrest/hamcrest-core/1.3/hamcrest-core-1.3.jar
2026-02-09 19:50:07,801 [BasicRepositoryConnector-repo.spring.io-4-4] INFO  o.e.m.c.i.e.AbstractTransferListenerAdapter - Downloaded https://repo.spring.io/milestone/org/hamcrest/hamcrest-library/1.3/hamcrest-library-1.3.jar
2026-02-09 19:50:07,867 [BasicRepositoryConnector-repo.spring.io-4-3] INFO  o.e.m.c.i.e.AbstractTransferListenerAdapter - Downloading https://repo.spring.io/milestone/org/springframework/boot/spring-boot/2.1.0.RC1/spring-boot-2.1.0.RC1.jar
2026-02-09 19:50:07,882 [BasicRepositoryConnector-repo.spring.io-4-0] INFO  o.e.m.c.i.e.AbstractTransferListenerAdapter - Downloaded https://repo.spring.io/milestone/org/skyscreamer/jsonassert/1.5.0/jsonassert-1.5.0.jar
2026-02-09 19:50:07,887 [BasicRepositoryConnector-repo.spring.io-4-2] INFO  o.e.m.c.i.e.AbstractTransferListenerAdapter - Downloaded https://repo.spring.io/milestone/com/vaadin/external/google/android-json/0.0.20131108.vaadin1/android-json-0.0.20131108.vaadin1.jar
2026-02-09 19:50:07,891 [BasicRepositoryConnector-repo.spring.io-4-4] INFO  o.e.m.c.i.e.AbstractTransferListenerAdapter - Downloaded https://repo.spring.io/milestone/org/springframework/spring-core/5.1.1.RELEASE/spring-core-5.1.1.RELEASE.jar
2026-02-09 19:50:07,915 [BasicRepositoryConnector-repo.spring.io-4-1] INFO  o.e.m.c.i.e.AbstractTransferListenerAdapter - Downloading https://repo.spring.io/milestone/org/springframework/boot/spring-boot-autoconfigure/2.1.0.RC1/spring-boot-autoconfigure-2.1.0.RC1.jar
2026-02-09 19:50:07,961 [BasicRepositoryConnector-repo.spring.io-4-0] INFO  o.e.m.c.i.e.AbstractTransferListenerAdapter - Downloaded https://repo.spring.io/milestone/org/springframework/spring-jcl/5.1.1.RELEASE/spring-jcl-5.1.1.RELEASE.jar
2026-02-09 19:50:07,975 [BasicRepositoryConnector-repo.spring.io-4-2] INFO  o.e.m.c.i.e.AbstractTransferListenerAdapter - Downloaded https://repo.spring.io/milestone/org/springframework/spring-test/5.1.1.RELEASE/spring-test-5.1.1.RELEASE.jar
2026-02-09 19:50:07,981 [BasicRepositoryConnector-repo.spring.io-4-4] INFO  o.e.m.c.i.e.AbstractTransferListenerAdapter - Downloaded https://repo.spring.io/milestone/org/xmlunit/xmlunit-core/2.6.2/xmlunit-core-2.6.2.jar
2026-02-09 19:50:08,039 [BasicRepositoryConnector-repo.spring.io-4-0] INFO  o.e.m.c.i.e.AbstractTransferListenerAdapter - Downloaded https://repo.spring.io/milestone/javax/xml/bind/jaxb-api/2.3.1/jaxb-api-2.3.1.jar
2026-02-09 19:50:08,062 [BasicRepositoryConnector-repo.spring.io-4-2] INFO  o.e.m.c.i.e.AbstractTransferListenerAdapter - Downloaded https://repo.spring.io/milestone/javax/activation/javax.activation-api/1.2.0/javax.activation-api-1.2.0.jar
2026-02-09 19:50:08,572 [BasicRepositoryConnector-repo.spring.io-4-3] INFO  o.e.m.c.i.e.AbstractTransferListenerAdapter - Downloaded https://repo.spring.io/milestone/org/springframework/boot/spring-boot/2.1.0.RC1/spring-boot-2.1.0.RC1.jar
2026-02-09 19:50:08,573 [BasicRepositoryConnector-repo.spring.io-4-1] INFO  o.e.m.c.i.e.AbstractTransferListenerAdapter - Downloaded https://repo.spring.io/milestone/org/springframework/boot/spring-boot-autoconfigure/2.1.0.RC1/spring-boot-autoconfigure-2.1.0.RC1.jar
2026-02-09 19:50:08,846 [Worker-15: Importing Maven projects] INFO  o.e.m.c.i.e.AbstractTransferListenerAdapter - Downloading https://repo.maven.apache.org/maven2/ch/qos/logback/logback-classic/1.2.3/logback-classic-1.2.3.jar
2026-02-09 19:50:08,979 [Worker-15: Importing Maven projects] INFO  o.e.m.c.i.e.AbstractTransferListenerAdapter - Downloaded https://repo.maven.apache.org/maven2/ch/qos/logback/logback-classic/1.2.3/logback-classic-1.2.3.jar
2026-02-09 19:50:09,053 [BasicRepositoryConnector-repo.maven.apache.org-5-2] INFO  o.e.m.c.i.e.AbstractTransferListenerAdapter - Downloading https://repo.maven.apache.org/maven2/org/apache/logging/log4j/log4j-api/2.11.1/log4j-api-2.11.1.jar
2026-02-09 19:50:09,084 [BasicRepositoryConnector-repo.maven.apache.org-5-4] INFO  o.e.m.c.i.e.AbstractTransferListenerAdapter - Downloading https://repo.maven.apache.org/maven2/javax/annotation/javax.annotation-api/1.3.2/javax.annotation-api-1.3.2.jar
2026-02-09 19:50:09,095 [BasicRepositoryConnector-repo.maven.apache.org-5-4] INFO  o.e.m.c.i.e.AbstractTransferListenerAdapter - Downloaded https://repo.maven.apache.org/maven2/javax/annotation/javax.annotation-api/1.3.2/javax.annotation-api-1.3.2.jar
2026-02-09 19:50:09,102 [BasicRepositoryConnector-repo.maven.apache.org-5-1] INFO  o.e.m.c.i.e.AbstractTransferListenerAdapter - Downloading https://repo.maven.apache.org/maven2/org/apache/logging/log4j/log4j-to-slf4j/2.11.1/log4j-to-slf4j-2.11.1.jar
2026-02-09 19:50:09,105 [BasicRepositoryConnector-repo.maven.apache.org-5-3] INFO  o.e.m.c.i.e.AbstractTransferListenerAdapter - Downloading https://repo.maven.apache.org/maven2/org/slf4j/jul-to-slf4j/1.7.25/jul-to-slf4j-1.7.25.jar
2026-02-09 19:50:09,107 [BasicRepositoryConnector-repo.maven.apache.org-5-1] INFO  o.e.m.c.i.e.AbstractTransferListenerAdapter - Downloaded https://repo.maven.apache.org/maven2/org/apache/logging/log4j/log4j-to-slf4j/2.11.1/log4j-to-slf4j-2.11.1.jar
2026-02-09 19:50:09,108 [BasicRepositoryConnector-repo.maven.apache.org-5-2] INFO  o.e.m.c.i.e.AbstractTransferListenerAdapter - Downloaded https://repo.maven.apache.org/maven2/org/apache/logging/log4j/log4j-api/2.11.1/log4j-api-2.11.1.jar
2026-02-09 19:50:09,108 [BasicRepositoryConnector-repo.maven.apache.org-5-3] INFO  o.e.m.c.i.e.AbstractTransferListenerAdapter - Downloaded https://repo.maven.apache.org/maven2/org/slf4j/jul-to-slf4j/1.7.25/jul-to-slf4j-1.7.25.jar
2026-02-09 19:50:09,113 [BasicRepositoryConnector-repo.maven.apache.org-5-0] INFO  o.e.m.c.i.e.AbstractTransferListenerAdapter - Downloading https://repo.maven.apache.org/maven2/ch/qos/logback/logback-core/1.2.3/logback-core-1.2.3.jar
2026-02-09 19:50:09,185 [BasicRepositoryConnector-repo.maven.apache.org-5-2] INFO  o.e.m.c.i.e.AbstractTransferListenerAdapter - Downloading https://repo.maven.apache.org/maven2/com/fasterxml/jackson/core/jackson-annotations/2.9.0/jackson-annotations-2.9.0.jar
2026-02-09 19:50:09,195 [BasicRepositoryConnector-repo.maven.apache.org-5-2] INFO  o.e.m.c.i.e.AbstractTransferListenerAdapter - Downloaded https://repo.maven.apache.org/maven2/com/fasterxml/jackson/core/jackson-annotations/2.9.0/jackson-annotations-2.9.0.jar
2026-02-09 19:50:09,203 [BasicRepositoryConnector-repo.maven.apache.org-5-0] INFO  o.e.m.c.i.e.AbstractTransferListenerAdapter - Downloaded https://repo.maven.apache.org/maven2/ch/qos/logback/logback-core/1.2.3/logback-core-1.2.3.jar
2026-02-09 19:50:09,230 [BasicRepositoryConnector-repo.maven.apache.org-5-4] INFO  o.e.m.c.i.e.AbstractTransferListenerAdapter - Downloading https://repo.maven.apache.org/maven2/org/yaml/snakeyaml/1.23/snakeyaml-1.23.jar
2026-02-09 19:50:09,238 [BasicRepositoryConnector-repo.maven.apache.org-5-4] INFO  o.e.m.c.i.e.AbstractTransferListenerAdapter - Downloaded https://repo.maven.apache.org/maven2/org/yaml/snakeyaml/1.23/snakeyaml-1.23.jar
2026-02-09 19:50:09,245 [BasicRepositoryConnector-repo.maven.apache.org-5-3] INFO  o.e.m.c.i.e.AbstractTransferListenerAdapter - Downloading https://repo.maven.apache.org/maven2/com/fasterxml/jackson/core/jackson-core/2.9.7/jackson-core-2.9.7.jar
2026-02-09 19:50:09,254 [BasicRepositoryConnector-repo.maven.apache.org-5-3] INFO  o.e.m.c.i.e.AbstractTransferListenerAdapter - Downloaded https://repo.maven.apache.org/maven2/com/fasterxml/jackson/core/jackson-core/2.9.7/jackson-core-2.9.7.jar
2026-02-09 19:50:09,255 [BasicRepositoryConnector-repo.maven.apache.org-5-1] INFO  o.e.m.c.i.e.AbstractTransferListenerAdapter - Downloading https://repo.maven.apache.org/maven2/com/fasterxml/jackson/core/jackson-databind/2.9.7/jackson-databind-2.9.7.jar
2026-02-09 19:50:09,265 [BasicRepositoryConnector-repo.maven.apache.org-5-2] INFO  o.e.m.c.i.e.AbstractTransferListenerAdapter - Downloading https://repo.maven.apache.org/maven2/com/fasterxml/jackson/datatype/jackson-datatype-jdk8/2.9.7/jackson-datatype-jdk8-2.9.7.jar
2026-02-09 19:50:09,269 [BasicRepositoryConnector-repo.maven.apache.org-5-2] INFO  o.e.m.c.i.e.AbstractTransferListenerAdapter - Downloaded https://repo.maven.apache.org/maven2/com/fasterxml/jackson/datatype/jackson-datatype-jdk8/2.9.7/jackson-datatype-jdk8-2.9.7.jar
2026-02-09 19:50:09,275 [BasicRepositoryConnector-repo.maven.apache.org-5-0] INFO  o.e.m.c.i.e.AbstractTransferListenerAdapter - Downloading https://repo.maven.apache.org/maven2/com/fasterxml/jackson/datatype/jackson-datatype-jsr310/2.9.7/jackson-datatype-jsr310-2.9.7.jar
2026-02-09 19:50:09,283 [BasicRepositoryConnector-repo.maven.apache.org-5-0] INFO  o.e.m.c.i.e.AbstractTransferListenerAdapter - Downloaded https://repo.maven.apache.org/maven2/com/fasterxml/jackson/datatype/jackson-datatype-jsr310/2.9.7/jackson-datatype-jsr310-2.9.7.jar
2026-02-09 19:50:09,324 [BasicRepositoryConnector-repo.maven.apache.org-5-4] INFO  o.e.m.c.i.e.AbstractTransferListenerAdapter - Downloading https://repo.maven.apache.org/maven2/com/fasterxml/jackson/module/jackson-module-parameter-names/2.9.7/jackson-module-parameter-names-2.9.7.jar
2026-02-09 19:50:09,329 [BasicRepositoryConnector-repo.maven.apache.org-5-4] INFO  o.e.m.c.i.e.AbstractTransferListenerAdapter - Downloaded https://repo.maven.apache.org/maven2/com/fasterxml/jackson/module/jackson-module-parameter-names/2.9.7/jackson-module-parameter-names-2.9.7.jar
2026-02-09 19:50:09,348 [BasicRepositoryConnector-repo.maven.apache.org-5-2] INFO  o.e.m.c.i.e.AbstractTransferListenerAdapter - Downloading https://repo.maven.apache.org/maven2/io/netty/netty-codec-http/4.1.29.Final/netty-codec-http-4.1.29.Final.jar
2026-02-09 19:50:09,401 [BasicRepositoryConnector-repo.maven.apache.org-5-3] INFO  o.e.m.c.i.e.AbstractTransferListenerAdapter - Downloading https://repo.maven.apache.org/maven2/io/projectreactor/netty/reactor-netty/0.8.1.RELEASE/reactor-netty-0.8.1.RELEASE.jar
2026-02-09 19:50:09,424 [BasicRepositoryConnector-repo.maven.apache.org-5-4] INFO  o.e.m.c.i.e.AbstractTransferListenerAdapter - Downloading https://repo.maven.apache.org/maven2/io/netty/netty-codec-http2/4.1.29.Final/netty-codec-http2-4.1.29.Final.jar
2026-02-09 19:50:09,433 [BasicRepositoryConnector-repo.maven.apache.org-5-3] INFO  o.e.m.c.i.e.AbstractTransferListenerAdapter - Downloaded https://repo.maven.apache.org/maven2/io/projectreactor/netty/reactor-netty/0.8.1.RELEASE/reactor-netty-0.8.1.RELEASE.jar
2026-02-09 19:50:09,433 [BasicRepositoryConnector-repo.maven.apache.org-5-0] INFO  o.e.m.c.i.e.AbstractTransferListenerAdapter - Downloading https://repo.maven.apache.org/maven2/io/netty/netty-codec/4.1.29.Final/netty-codec-4.1.29.Final.jar
2026-02-09 19:50:09,436 [BasicRepositoryConnector-repo.maven.apache.org-5-2] INFO  o.e.m.c.i.e.AbstractTransferListenerAdapter - Downloaded https://repo.maven.apache.org/maven2/io/netty/netty-codec-http/4.1.29.Final/netty-codec-http-4.1.29.Final.jar
2026-02-09 19:50:09,461 [BasicRepositoryConnector-repo.maven.apache.org-5-4] INFO  o.e.m.c.i.e.AbstractTransferListenerAdapter - Downloaded https://repo.maven.apache.org/maven2/io/netty/netty-codec-http2/4.1.29.Final/netty-codec-http2-4.1.29.Final.jar
2026-02-09 19:50:09,475 [BasicRepositoryConnector-repo.maven.apache.org-5-1] INFO  o.e.m.c.i.e.AbstractTransferListenerAdapter - Downloaded https://repo.maven.apache.org/maven2/com/fasterxml/jackson/core/jackson-databind/2.9.7/jackson-databind-2.9.7.jar
2026-02-09 19:50:09,499 [BasicRepositoryConnector-repo.maven.apache.org-5-0] INFO  o.e.m.c.i.e.AbstractTransferListenerAdapter - Downloaded https://repo.maven.apache.org/maven2/io/netty/netty-codec/4.1.29.Final/netty-codec-4.1.29.Final.jar
2026-02-09 19:50:09,549 [BasicRepositoryConnector-repo.maven.apache.org-5-2] INFO  o.e.m.c.i.e.AbstractTransferListenerAdapter - Downloading https://repo.maven.apache.org/maven2/io/netty/netty-buffer/4.1.29.Final/netty-buffer-4.1.29.Final.jar
2026-02-09 19:50:09,560 [BasicRepositoryConnector-repo.maven.apache.org-5-3] INFO  o.e.m.c.i.e.AbstractTransferListenerAdapter - Downloading https://repo.maven.apache.org/maven2/io/netty/netty-handler/4.1.29.Final/netty-handler-4.1.29.Final.jar
2026-02-09 19:50:09,579 [BasicRepositoryConnector-repo.maven.apache.org-5-0] INFO  o.e.m.c.i.e.AbstractTransferListenerAdapter - Downloading https://repo.maven.apache.org/maven2/io/netty/netty-handler-proxy/4.1.29.Final/netty-handler-proxy-4.1.29.Final.jar
2026-02-09 19:50:09,583 [BasicRepositoryConnector-repo.maven.apache.org-5-0] INFO  o.e.m.c.i.e.AbstractTransferListenerAdapter - Downloaded https://repo.maven.apache.org/maven2/io/netty/netty-handler-proxy/4.1.29.Final/netty-handler-proxy-4.1.29.Final.jar
2026-02-09 19:50:09,586 [BasicRepositoryConnector-repo.maven.apache.org-5-1] INFO  o.e.m.c.i.e.AbstractTransferListenerAdapter - Downloading https://repo.maven.apache.org/maven2/io/netty/netty-resolver/4.1.29.Final/netty-resolver-4.1.29.Final.jar
2026-02-09 19:50:09,592 [BasicRepositoryConnector-repo.maven.apache.org-5-4] INFO  o.e.m.c.i.e.AbstractTransferListenerAdapter - Downloading https://repo.maven.apache.org/maven2/io/netty/netty-transport/4.1.29.Final/netty-transport-4.1.29.Final.jar
2026-02-09 19:50:09,593 [BasicRepositoryConnector-repo.maven.apache.org-5-1] INFO  o.e.m.c.i.e.AbstractTransferListenerAdapter - Downloaded https://repo.maven.apache.org/maven2/io/netty/netty-resolver/4.1.29.Final/netty-resolver-4.1.29.Final.jar
2026-02-09 19:50:09,597 [BasicRepositoryConnector-repo.maven.apache.org-5-2] INFO  o.e.m.c.i.e.AbstractTransferListenerAdapter - Downloaded https://repo.maven.apache.org/maven2/io/netty/netty-buffer/4.1.29.Final/netty-buffer-4.1.29.Final.jar
2026-02-09 19:50:09,600 [BasicRepositoryConnector-repo.maven.apache.org-5-3] INFO  o.e.m.c.i.e.AbstractTransferListenerAdapter - Downloaded https://repo.maven.apache.org/maven2/io/netty/netty-handler/4.1.29.Final/netty-handler-4.1.29.Final.jar
2026-02-09 19:50:09,621 [BasicRepositoryConnector-repo.maven.apache.org-5-4] INFO  o.e.m.c.i.e.AbstractTransferListenerAdapter - Downloaded https://repo.maven.apache.org/maven2/io/netty/netty-transport/4.1.29.Final/netty-transport-4.1.29.Final.jar
2026-02-09 19:50:09,677 [BasicRepositoryConnector-repo.maven.apache.org-5-3] INFO  o.e.m.c.i.e.AbstractTransferListenerAdapter - Downloading https://repo.maven.apache.org/maven2/io/netty/netty-transport-native-unix-common/4.1.29.Final/netty-transport-native-unix-common-4.1.29.Final.jar
2026-02-09 19:50:09,681 [BasicRepositoryConnector-repo.maven.apache.org-5-3] INFO  o.e.m.c.i.e.AbstractTransferListenerAdapter - Downloaded https://repo.maven.apache.org/maven2/io/netty/netty-transport-native-unix-common/4.1.29.Final/netty-transport-native-unix-common-4.1.29.Final.jar
2026-02-09 19:50:09,690 [BasicRepositoryConnector-repo.maven.apache.org-5-0] INFO  o.e.m.c.i.e.AbstractTransferListenerAdapter - Downloading https://repo.maven.apache.org/maven2/io/netty/netty-codec-socks/4.1.29.Final/netty-codec-socks-4.1.29.Final.jar
2026-02-09 19:50:09,695 [BasicRepositoryConnector-repo.maven.apache.org-5-4] INFO  o.e.m.c.i.e.AbstractTransferListenerAdapter - Downloading https://repo.maven.apache.org/maven2/org/hibernate/validator/hibernate-validator/6.0.13.Final/hibernate-validator-6.0.13.Final.jar
2026-02-09 19:50:09,699 [BasicRepositoryConnector-repo.maven.apache.org-5-0] INFO  o.e.m.c.i.e.AbstractTransferListenerAdapter - Downloaded https://repo.maven.apache.org/maven2/io/netty/netty-codec-socks/4.1.29.Final/netty-codec-socks-4.1.29.Final.jar
2026-02-09 19:50:09,701 [BasicRepositoryConnector-repo.maven.apache.org-5-1] INFO  o.e.m.c.i.e.AbstractTransferListenerAdapter - Downloading https://repo.maven.apache.org/maven2/io/netty/netty-transport-native-epoll/4.1.29.Final/netty-transport-native-epoll-4.1.29.Final-linux-x86_64.jar
2026-02-09 19:50:09,716 [BasicRepositoryConnector-repo.maven.apache.org-5-2] INFO  o.e.m.c.i.e.AbstractTransferListenerAdapter - Downloading https://repo.maven.apache.org/maven2/io/netty/netty-common/4.1.29.Final/netty-common-4.1.29.Final.jar
2026-02-09 19:50:09,721 [BasicRepositoryConnector-repo.maven.apache.org-5-1] INFO  o.e.m.c.i.e.AbstractTransferListenerAdapter - Downloaded https://repo.maven.apache.org/maven2/io/netty/netty-transport-native-epoll/4.1.29.Final/netty-transport-native-epoll-4.1.29.Final-linux-x86_64.jar
2026-02-09 19:50:09,767 [BasicRepositoryConnector-repo.maven.apache.org-5-2] INFO  o.e.m.c.i.e.AbstractTransferListenerAdapter - Downloaded https://repo.maven.apache.org/maven2/io/netty/netty-common/4.1.29.Final/netty-common-4.1.29.Final.jar
2026-02-09 19:50:09,792 [BasicRepositoryConnector-repo.maven.apache.org-5-4] INFO  o.e.m.c.i.e.AbstractTransferListenerAdapter - Downloaded https://repo.maven.apache.org/maven2/org/hibernate/validator/hibernate-validator/6.0.13.Final/hibernate-validator-6.0.13.Final.jar
2026-02-09 19:50:09,923 [BasicRepositoryConnector-repo.maven.apache.org-5-3] INFO  o.e.m.c.i.e.AbstractTransferListenerAdapter - Downloading https://repo.maven.apache.org/maven2/javax/validation/validation-api/2.0.1.Final/validation-api-2.0.1.Final.jar
2026-02-09 19:50:09,933 [BasicRepositoryConnector-repo.maven.apache.org-5-3] INFO  o.e.m.c.i.e.AbstractTransferListenerAdapter - Downloaded https://repo.maven.apache.org/maven2/javax/validation/validation-api/2.0.1.Final/validation-api-2.0.1.Final.jar
2026-02-09 19:50:09,939 [BasicRepositoryConnector-repo.maven.apache.org-5-1] INFO  o.e.m.c.i.e.AbstractTransferListenerAdapter - Downloading https://repo.maven.apache.org/maven2/com/fasterxml/classmate/1.4.0/classmate-1.4.0.jar
2026-02-09 19:50:09,940 [BasicRepositoryConnector-repo.maven.apache.org-5-0] INFO  o.e.m.c.i.e.AbstractTransferListenerAdapter - Downloading https://repo.maven.apache.org/maven2/org/jboss/logging/jboss-logging/3.3.2.Final/jboss-logging-3.3.2.Final.jar
2026-02-09 19:50:09,951 [BasicRepositoryConnector-repo.maven.apache.org-5-1] INFO  o.e.m.c.i.e.AbstractTransferListenerAdapter - Downloaded https://repo.maven.apache.org/maven2/com/fasterxml/classmate/1.4.0/classmate-1.4.0.jar
2026-02-09 19:50:09,951 [BasicRepositoryConnector-repo.maven.apache.org-5-0] INFO  o.e.m.c.i.e.AbstractTransferListenerAdapter - Downloaded https://repo.maven.apache.org/maven2/org/jboss/logging/jboss-logging/3.3.2.Final/jboss-logging-3.3.2.Final.jar
2026-02-09 19:50:09,985 [BasicRepositoryConnector-repo.maven.apache.org-5-2] INFO  o.e.m.c.i.e.AbstractTransferListenerAdapter - Downloading https://repo.maven.apache.org/maven2/org/springframework/spring-web/5.1.1.RELEASE/spring-web-5.1.1.RELEASE.jar
2026-02-09 19:50:10,031 [BasicRepositoryConnector-repo.maven.apache.org-5-0] INFO  o.e.m.c.i.e.AbstractTransferListenerAdapter - Downloading https://repo.maven.apache.org/maven2/org/reactivestreams/reactive-streams/1.0.2/reactive-streams-1.0.2.jar
2026-02-09 19:50:10,036 [BasicRepositoryConnector-repo.maven.apache.org-5-0] INFO  o.e.m.c.i.e.AbstractTransferListenerAdapter - Downloaded https://repo.maven.apache.org/maven2/org/reactivestreams/reactive-streams/1.0.2/reactive-streams-1.0.2.jar
2026-02-09 19:50:10,045 [BasicRepositoryConnector-repo.maven.apache.org-5-3] INFO  o.e.m.c.i.e.AbstractTransferListenerAdapter - Downloading https://repo.maven.apache.org/maven2/org/springframework/spring-webflux/5.1.1.RELEASE/spring-webflux-5.1.1.RELEASE.jar
2026-02-09 19:50:10,049 [BasicRepositoryConnector-repo.maven.apache.org-5-4] INFO  o.e.m.c.i.e.AbstractTransferListenerAdapter - Downloading https://repo.maven.apache.org/maven2/org/springframework/spring-beans/5.1.1.RELEASE/spring-beans-5.1.1.RELEASE.jar
2026-02-09 19:50:10,062 [BasicRepositoryConnector-repo.maven.apache.org-5-1] INFO  o.e.m.c.i.e.AbstractTransferListenerAdapter - Downloading https://repo.maven.apache.org/maven2/io/projectreactor/reactor-core/3.2.1.RELEASE/reactor-core-3.2.1.RELEASE.jar
2026-02-09 19:50:10,099 [BasicRepositoryConnector-repo.maven.apache.org-5-2] INFO  o.e.m.c.i.e.AbstractTransferListenerAdapter - Downloaded https://repo.maven.apache.org/maven2/org/springframework/spring-web/5.1.1.RELEASE/spring-web-5.1.1.RELEASE.jar
2026-02-09 19:50:10,152 [BasicRepositoryConnector-repo.maven.apache.org-5-3] INFO  o.e.m.c.i.e.AbstractTransferListenerAdapter - Downloaded https://repo.maven.apache.org/maven2/org/springframework/spring-webflux/5.1.1.RELEASE/spring-webflux-5.1.1.RELEASE.jar
2026-02-09 19:50:10,163 [BasicRepositoryConnector-repo.maven.apache.org-5-0] INFO  o.e.m.c.i.e.AbstractTransferListenerAdapter - Downloading https://repo.maven.apache.org/maven2/org/synchronoss/cloud/nio-multipart-parser/1.1.0/nio-multipart-parser-1.1.0.jar
2026-02-09 19:50:10,166 [BasicRepositoryConnector-repo.maven.apache.org-5-4] INFO  o.e.m.c.i.e.AbstractTransferListenerAdapter - Downloaded https://repo.maven.apache.org/maven2/org/springframework/spring-beans/5.1.1.RELEASE/spring-beans-5.1.1.RELEASE.jar
2026-02-09 19:50:10,169 [BasicRepositoryConnector-repo.maven.apache.org-5-0] INFO  o.e.m.c.i.e.AbstractTransferListenerAdapter - Downloaded https://repo.maven.apache.org/maven2/org/synchronoss/cloud/nio-multipart-parser/1.1.0/nio-multipart-parser-1.1.0.jar
2026-02-09 19:50:10,191 [BasicRepositoryConnector-repo.maven.apache.org-5-2] INFO  o.e.m.c.i.e.AbstractTransferListenerAdapter - Downloading https://repo.maven.apache.org/maven2/org/slf4j/slf4j-api/1.7.25/slf4j-api-1.7.25.jar
2026-02-09 19:50:10,196 [BasicRepositoryConnector-repo.maven.apache.org-5-2] INFO  o.e.m.c.i.e.AbstractTransferListenerAdapter - Downloaded https://repo.maven.apache.org/maven2/org/slf4j/slf4j-api/1.7.25/slf4j-api-1.7.25.jar
2026-02-09 19:50:10,206 [BasicRepositoryConnector-repo.maven.apache.org-5-1] INFO  o.e.m.c.i.e.AbstractTransferListenerAdapter - Downloaded https://repo.maven.apache.org/maven2/io/projectreactor/reactor-core/3.2.1.RELEASE/reactor-core-3.2.1.RELEASE.jar
2026-02-09 19:50:10,238 [BasicRepositoryConnector-repo.maven.apache.org-5-3] INFO  o.e.m.c.i.e.AbstractTransferListenerAdapter - Downloading https://repo.maven.apache.org/maven2/org/synchronoss/cloud/nio-stream-storage/1.1.3/nio-stream-storage-1.1.3.jar
2026-02-09 19:50:10,242 [BasicRepositoryConnector-repo.maven.apache.org-5-3] INFO  o.e.m.c.i.e.AbstractTransferListenerAdapter - Downloaded https://repo.maven.apache.org/maven2/org/synchronoss/cloud/nio-stream-storage/1.1.3/nio-stream-storage-1.1.3.jar
2026-02-09 19:50:10,275 [BasicRepositoryConnector-repo.maven.apache.org-5-4] INFO  o.e.m.c.i.e.AbstractTransferListenerAdapter - Downloading https://repo.maven.apache.org/maven2/org/springframework/spring-context/5.1.1.RELEASE/spring-context-5.1.1.RELEASE.jar
2026-02-09 19:50:10,283 [BasicRepositoryConnector-repo.maven.apache.org-5-0] INFO  o.e.m.c.i.e.AbstractTransferListenerAdapter - Downloading https://repo.maven.apache.org/maven2/org/springframework/spring-aop/5.1.1.RELEASE/spring-aop-5.1.1.RELEASE.jar
2026-02-09 19:50:10,314 [BasicRepositoryConnector-repo.maven.apache.org-5-0] INFO  o.e.m.c.i.e.AbstractTransferListenerAdapter - Downloaded https://repo.maven.apache.org/maven2/org/springframework/spring-aop/5.1.1.RELEASE/spring-aop-5.1.1.RELEASE.jar
2026-02-09 19:50:10,319 [BasicRepositoryConnector-repo.maven.apache.org-5-2] INFO  o.e.m.c.i.e.AbstractTransferListenerAdapter - Downloading https://repo.maven.apache.org/maven2/org/springframework/spring-expression/5.1.1.RELEASE/spring-expression-5.1.1.RELEASE.jar
2026-02-09 19:50:10,331 [BasicRepositoryConnector-repo.maven.apache.org-5-3] INFO  o.e.m.c.i.e.AbstractTransferListenerAdapter - Downloading https://repo.maven.apache.org/maven2/com/jayway/jsonpath/json-path/2.4.0/json-path-2.4.0.jar
2026-02-09 19:50:10,334 [BasicRepositoryConnector-repo.maven.apache.org-5-2] INFO  o.e.m.c.i.e.AbstractTransferListenerAdapter - Downloaded https://repo.maven.apache.org/maven2/org/springframework/spring-expression/5.1.1.RELEASE/spring-expression-5.1.1.RELEASE.jar
2026-02-09 19:50:10,347 [BasicRepositoryConnector-repo.maven.apache.org-5-3] INFO  o.e.m.c.i.e.AbstractTransferListenerAdapter - Downloaded https://repo.maven.apache.org/maven2/com/jayway/jsonpath/json-path/2.4.0/json-path-2.4.0.jar
2026-02-09 19:50:10,385 [BasicRepositoryConnector-repo.maven.apache.org-5-4] INFO  o.e.m.c.i.e.AbstractTransferListenerAdapter - Downloaded https://repo.maven.apache.org/maven2/org/springframework/spring-context/5.1.1.RELEASE/spring-context-5.1.1.RELEASE.jar
2026-02-09 19:50:10,393 [BasicRepositoryConnector-repo.maven.apache.org-5-0] INFO  o.e.m.c.i.e.AbstractTransferListenerAdapter - Downloading https://repo.maven.apache.org/maven2/net/minidev/json-smart/2.3/json-smart-2.3.jar
2026-02-09 19:50:10,404 [BasicRepositoryConnector-repo.maven.apache.org-5-0] INFO  o.e.m.c.i.e.AbstractTransferListenerAdapter - Downloaded https://repo.maven.apache.org/maven2/net/minidev/json-smart/2.3/json-smart-2.3.jar
2026-02-09 19:50:10,406 [BasicRepositoryConnector-repo.maven.apache.org-5-1] INFO  o.e.m.c.i.e.AbstractTransferListenerAdapter - Downloading https://repo.maven.apache.org/maven2/am/ik/yavi/yavi/0.0.18/yavi-0.0.18.jar
2026-02-09 19:50:10,408 [BasicRepositoryConnector-repo.maven.apache.org-5-2] INFO  o.e.m.c.i.e.AbstractTransferListenerAdapter - Downloading https://repo.maven.apache.org/maven2/net/minidev/accessors-smart/1.2/accessors-smart-1.2.jar
2026-02-09 19:50:10,417 [BasicRepositoryConnector-repo.maven.apache.org-5-2] INFO  o.e.m.c.i.e.AbstractTransferListenerAdapter - Downloaded https://repo.maven.apache.org/maven2/net/minidev/accessors-smart/1.2/accessors-smart-1.2.jar
2026-02-09 19:50:10,419 [BasicRepositoryConnector-repo.maven.apache.org-5-1] INFO  o.e.m.c.i.e.AbstractTransferListenerAdapter - Downloaded https://repo.maven.apache.org/maven2/am/ik/yavi/yavi/0.0.18/yavi-0.0.18.jar
2026-02-09 19:50:10,425 [BasicRepositoryConnector-repo.maven.apache.org-5-3] INFO  o.e.m.c.i.e.AbstractTransferListenerAdapter - Downloading https://repo.maven.apache.org/maven2/org/ow2/asm/asm/5.0.4/asm-5.0.4.jar
2026-02-09 19:50:10,429 [BasicRepositoryConnector-repo.maven.apache.org-5-3] INFO  o.e.m.c.i.e.AbstractTransferListenerAdapter - Downloaded https://repo.maven.apache.org/maven2/org/ow2/asm/asm/5.0.4/asm-5.0.4.jar
2026-02-09 19:50:10,460 [BasicRepositoryConnector-repo.maven.apache.org-5-4] INFO  o.e.m.c.i.e.AbstractTransferListenerAdapter - Downloading https://repo.maven.apache.org/maven2/junit/junit/4.12/junit-4.12.jar
2026-02-09 19:50:10,489 [BasicRepositoryConnector-repo.maven.apache.org-5-0] INFO  o.e.m.c.i.e.AbstractTransferListenerAdapter - Downloading https://repo.maven.apache.org/maven2/org/assertj/assertj-core/3.11.1/assertj-core-3.11.1.jar
2026-02-09 19:50:10,490 [BasicRepositoryConnector-repo.maven.apache.org-5-2] INFO  o.e.m.c.i.e.AbstractTransferListenerAdapter - Downloading https://repo.maven.apache.org/maven2/org/mockito/mockito-core/2.23.0/mockito-core-2.23.0.jar
2026-02-09 19:50:10,493 [BasicRepositoryConnector-repo.maven.apache.org-5-4] INFO  o.e.m.c.i.e.AbstractTransferListenerAdapter - Downloaded https://repo.maven.apache.org/maven2/junit/junit/4.12/junit-4.12.jar
2026-02-09 19:50:10,558 [BasicRepositoryConnector-repo.maven.apache.org-5-2] INFO  o.e.m.c.i.e.AbstractTransferListenerAdapter - Downloaded https://repo.maven.apache.org/maven2/org/mockito/mockito-core/2.23.0/mockito-core-2.23.0.jar
2026-02-09 19:50:10,582 [BasicRepositoryConnector-repo.maven.apache.org-5-3] INFO  o.e.m.c.i.e.AbstractTransferListenerAdapter - Downloading https://repo.maven.apache.org/maven2/net/bytebuddy/byte-buddy-agent/1.9.1/byte-buddy-agent-1.9.1.jar
2026-02-09 19:50:10,588 [BasicRepositoryConnector-repo.maven.apache.org-5-3] INFO  o.e.m.c.i.e.AbstractTransferListenerAdapter - Downloaded https://repo.maven.apache.org/maven2/net/bytebuddy/byte-buddy-agent/1.9.1/byte-buddy-agent-1.9.1.jar
2026-02-09 19:50:10,603 [BasicRepositoryConnector-repo.maven.apache.org-5-4] INFO  o.e.m.c.i.e.AbstractTransferListenerAdapter - Downloading https://repo.maven.apache.org/maven2/org/objenesis/objenesis/2.6/objenesis-2.6.jar
2026-02-09 19:50:10,610 [BasicRepositoryConnector-repo.maven.apache.org-5-4] INFO  o.e.m.c.i.e.AbstractTransferListenerAdapter - Downloaded https://repo.maven.apache.org/maven2/org/objenesis/objenesis/2.6/objenesis-2.6.jar
2026-02-09 19:50:10,666 [BasicRepositoryConnector-repo.maven.apache.org-5-2] INFO  o.e.m.c.i.e.AbstractTransferListenerAdapter - Downloading https://repo.maven.apache.org/maven2/org/hamcrest/hamcrest-core/1.3/hamcrest-core-1.3.jar
2026-02-09 19:50:10,670 [BasicRepositoryConnector-repo.maven.apache.org-5-2] INFO  o.e.m.c.i.e.AbstractTransferListenerAdapter - Downloaded https://repo.maven.apache.org/maven2/org/hamcrest/hamcrest-core/1.3/hamcrest-core-1.3.jar
2026-02-09 19:50:10,690 [BasicRepositoryConnector-repo.maven.apache.org-5-4] INFO  o.e.m.c.i.e.AbstractTransferListenerAdapter - Downloading https://repo.maven.apache.org/maven2/org/skyscreamer/jsonassert/1.5.0/jsonassert-1.5.0.jar
2026-02-09 19:50:10,691 [BasicRepositoryConnector-repo.maven.apache.org-5-3] INFO  o.e.m.c.i.e.AbstractTransferListenerAdapter - Downloading https://repo.maven.apache.org/maven2/org/hamcrest/hamcrest-library/1.3/hamcrest-library-1.3.jar
2026-02-09 19:50:10,695 [BasicRepositoryConnector-repo.maven.apache.org-5-4] INFO  o.e.m.c.i.e.AbstractTransferListenerAdapter - Downloaded https://repo.maven.apache.org/maven2/org/skyscreamer/jsonassert/1.5.0/jsonassert-1.5.0.jar
2026-02-09 19:50:10,698 [BasicRepositoryConnector-repo.maven.apache.org-5-3] INFO  o.e.m.c.i.e.AbstractTransferListenerAdapter - Downloaded https://repo.maven.apache.org/maven2/org/hamcrest/hamcrest-library/1.3/hamcrest-library-1.3.jar
2026-02-09 19:50:10,705 [BasicRepositoryConnector-repo.maven.apache.org-5-0] INFO  o.e.m.c.i.e.AbstractTransferListenerAdapter - Downloaded https://repo.maven.apache.org/maven2/org/assertj/assertj-core/3.11.1/assertj-core-3.11.1.jar
2026-02-09 19:50:10,747 [BasicRepositoryConnector-repo.maven.apache.org-5-2] INFO  o.e.m.c.i.e.AbstractTransferListenerAdapter - Downloading https://repo.maven.apache.org/maven2/com/vaadin/external/google/android-json/0.0.20131108.vaadin1/android-json-0.0.20131108.vaadin1.jar
2026-02-09 19:50:10,751 [BasicRepositoryConnector-repo.maven.apache.org-5-2] INFO  o.e.m.c.i.e.AbstractTransferListenerAdapter - Downloaded https://repo.maven.apache.org/maven2/com/vaadin/external/google/android-json/0.0.20131108.vaadin1/android-json-0.0.20131108.vaadin1.jar
2026-02-09 19:50:10,773 [BasicRepositoryConnector-repo.maven.apache.org-5-3] INFO  o.e.m.c.i.e.AbstractTransferListenerAdapter - Downloading https://repo.maven.apache.org/maven2/org/springframework/spring-jcl/5.1.1.RELEASE/spring-jcl-5.1.1.RELEASE.jar
2026-02-09 19:50:10,777 [BasicRepositoryConnector-repo.maven.apache.org-5-3] INFO  o.e.m.c.i.e.AbstractTransferListenerAdapter - Downloaded https://repo.maven.apache.org/maven2/org/springframework/spring-jcl/5.1.1.RELEASE/spring-jcl-5.1.1.RELEASE.jar
2026-02-09 19:50:10,809 [BasicRepositoryConnector-repo.maven.apache.org-5-4] INFO  o.e.m.c.i.e.AbstractTransferListenerAdapter - Downloading https://repo.maven.apache.org/maven2/org/springframework/spring-core/5.1.1.RELEASE/spring-core-5.1.1.RELEASE.jar
2026-02-09 19:50:10,830 [BasicRepositoryConnector-repo.maven.apache.org-5-0] INFO  o.e.m.c.i.e.AbstractTransferListenerAdapter - Downloading https://repo.maven.apache.org/maven2/org/springframework/spring-test/5.1.1.RELEASE/spring-test-5.1.1.RELEASE.jar
2026-02-09 19:50:10,888 [BasicRepositoryConnector-repo.maven.apache.org-5-3] INFO  o.e.m.c.i.e.AbstractTransferListenerAdapter - Downloading https://repo.maven.apache.org/maven2/javax/xml/bind/jaxb-api/2.3.1/jaxb-api-2.3.1.jar
2026-02-09 19:50:10,913 [BasicRepositoryConnector-repo.maven.apache.org-5-0] INFO  o.e.m.c.i.e.AbstractTransferListenerAdapter - Downloaded https://repo.maven.apache.org/maven2/org/springframework/spring-test/5.1.1.RELEASE/spring-test-5.1.1.RELEASE.jar
2026-02-09 19:50:10,921 [BasicRepositoryConnector-repo.maven.apache.org-5-3] INFO  o.e.m.c.i.e.AbstractTransferListenerAdapter - Downloaded https://repo.maven.apache.org/maven2/javax/xml/bind/jaxb-api/2.3.1/jaxb-api-2.3.1.jar
2026-02-09 19:50:10,934 [BasicRepositoryConnector-repo.maven.apache.org-5-2] INFO  o.e.m.c.i.e.AbstractTransferListenerAdapter - Downloading https://repo.maven.apache.org/maven2/org/xmlunit/xmlunit-core/2.6.2/xmlunit-core-2.6.2.jar
2026-02-09 19:50:10,974 [BasicRepositoryConnector-repo.maven.apache.org-5-2] INFO  o.e.m.c.i.e.AbstractTransferListenerAdapter - Downloaded https://repo.maven.apache.org/maven2/org/xmlunit/xmlunit-core/2.6.2/xmlunit-core-2.6.2.jar
2026-02-09 19:50:10,991 [BasicRepositoryConnector-repo.maven.apache.org-5-4] INFO  o.e.m.c.i.e.AbstractTransferListenerAdapter - Downloaded https://repo.maven.apache.org/maven2/org/springframework/spring-core/5.1.1.RELEASE/spring-core-5.1.1.RELEASE.jar
2026-02-09 19:50:10,997 [BasicRepositoryConnector-repo.maven.apache.org-5-0] INFO  o.e.m.c.i.e.AbstractTransferListenerAdapter - Downloading https://repo.maven.apache.org/maven2/javax/activation/javax.activation-api/1.2.0/javax.activation-api-1.2.0.jar
2026-02-09 19:50:11,002 [BasicRepositoryConnector-repo.maven.apache.org-5-0] INFO  o.e.m.c.i.e.AbstractTransferListenerAdapter - Downloaded https://repo.maven.apache.org/maven2/javax/activation/javax.activation-api/1.2.0/javax.activation-api-1.2.0.jar
2026-02-09 19:50:11,108 [BasicRepositoryConnector-repo.maven.apache.org-5-1] INFO  o.e.m.c.i.e.AbstractTransferListenerAdapter - Downloading https://repo.maven.apache.org/maven2/net/bytebuddy/byte-buddy/1.9.1/byte-buddy-1.9.1.jar
2026-02-09 19:50:11,764 [BasicRepositoryConnector-repo.maven.apache.org-5-1] INFO  o.e.m.c.i.e.AbstractTransferListenerAdapter - Downloaded https://repo.maven.apache.org/maven2/net/bytebuddy/byte-buddy/1.9.1/byte-buddy-1.9.1.jar
2026-02-09 19:50:12,011 [Worker-15: Importing Maven projects] INFO  o.e.m.c.i.e.AbstractTransferListenerAdapter - Downloaded https://repo.spring.io/snapshot/org/apache/maven/plugins/maven-resources-plugin/3.1.0/maven-resources-plugin-3.1.0.pom
2026-02-09 19:50:12,092 [Worker-15: Importing Maven projects] INFO  o.e.m.c.i.e.AbstractTransferListenerAdapter - Downloaded https://repo.spring.io/milestone/org/apache/maven/plugins/maven-resources-plugin/3.1.0/maven-resources-plugin-3.1.0.pom
2026-02-09 19:50:12,173 [Worker-15: Importing Maven projects] INFO  o.e.m.c.i.e.AbstractTransferListenerAdapter - Downloading https://repo.maven.apache.org/maven2/org/apache/maven/plugins/maven-resources-plugin/3.1.0/maven-resources-plugin-3.1.0.pom
2026-02-09 19:50:12,187 [Worker-15: Importing Maven projects] INFO  o.e.m.c.i.e.AbstractTransferListenerAdapter - Downloaded https://repo.maven.apache.org/maven2/org/apache/maven/plugins/maven-resources-plugin/3.1.0/maven-resources-plugin-3.1.0.pom
2026-02-09 19:50:12,270 [Worker-15: Importing Maven projects] INFO  o.e.m.c.i.e.AbstractTransferListenerAdapter - Downloaded https://repo.spring.io/snapshot/org/apache/maven/plugins/maven-plugins/31/maven-plugins-31.pom
2026-02-09 19:50:12,355 [Worker-15: Importing Maven projects] INFO  o.e.m.c.i.e.AbstractTransferListenerAdapter - Downloaded https://repo.spring.io/milestone/org/apache/maven/plugins/maven-plugins/31/maven-plugins-31.pom
2026-02-09 19:50:12,426 [Worker-15: Importing Maven projects] INFO  o.e.m.c.i.e.AbstractTransferListenerAdapter - Downloading https://repo.maven.apache.org/maven2/org/apache/maven/plugins/maven-plugins/31/maven-plugins-31.pom
2026-02-09 19:50:12,431 [Worker-15: Importing Maven projects] INFO  o.e.m.c.i.e.AbstractTransferListenerAdapter - Downloaded https://repo.maven.apache.org/maven2/org/apache/maven/plugins/maven-plugins/31/maven-plugins-31.pom
2026-02-09 19:50:12,518 [Worker-15: Importing Maven projects] INFO  o.e.m.c.i.e.AbstractTransferListenerAdapter - Downloaded https://repo.spring.io/snapshot/org/apache/maven/maven-parent/31/maven-parent-31.pom
2026-02-09 19:50:12,607 [Worker-15: Importing Maven projects] INFO  o.e.m.c.i.e.AbstractTransferListenerAdapter - Downloaded https://repo.spring.io/milestone/org/apache/maven/maven-parent/31/maven-parent-31.pom
2026-02-09 19:50:12,689 [Worker-15: Importing Maven projects] INFO  o.e.m.c.i.e.AbstractTransferListenerAdapter - Downloading https://repo.maven.apache.org/maven2/org/apache/maven/maven-parent/31/maven-parent-31.pom
2026-02-09 19:50:12,694 [Worker-15: Importing Maven projects] INFO  o.e.m.c.i.e.AbstractTransferListenerAdapter - Downloaded https://repo.maven.apache.org/maven2/org/apache/maven/maven-parent/31/maven-parent-31.pom
2026-02-09 19:50:12,782 [Worker-15: Importing Maven projects] INFO  o.e.m.c.i.e.AbstractTransferListenerAdapter - Downloaded https://repo.spring.io/snapshot/org/apache/apache/19/apache-19.pom
2026-02-09 19:50:12,881 [Worker-15: Importing Maven projects] INFO  o.e.m.c.i.e.AbstractTransferListenerAdapter - Downloaded https://repo.spring.io/milestone/org/apache/apache/19/apache-19.pom
2026-02-09 19:50:12,974 [Worker-15: Importing Maven projects] INFO  o.e.m.c.i.e.AbstractTransferListenerAdapter - Downloading https://repo.maven.apache.org/maven2/org/apache/apache/19/apache-19.pom
2026-02-09 19:50:12,979 [Worker-15: Importing Maven projects] INFO  o.e.m.c.i.e.AbstractTransferListenerAdapter - Downloaded https://repo.maven.apache.org/maven2/org/apache/apache/19/apache-19.pom
2026-02-09 19:50:13,084 [Worker-15: Importing Maven projects] INFO  o.e.m.c.i.e.AbstractTransferListenerAdapter - Downloaded https://repo.spring.io/snapshot/org/apache/maven/plugins/maven-surefire-plugin/2.22.1/maven-surefire-plugin-2.22.1.pom
2026-02-09 19:50:13,179 [Worker-15: Importing Maven projects] INFO  o.e.m.c.i.e.AbstractTransferListenerAdapter - Downloaded https://repo.spring.io/milestone/org/apache/maven/plugins/maven-surefire-plugin/2.22.1/maven-surefire-plugin-2.22.1.pom
2026-02-09 19:50:13,258 [Worker-15: Importing Maven projects] INFO  o.e.m.c.i.e.AbstractTransferListenerAdapter - Downloading https://repo.maven.apache.org/maven2/org/apache/maven/plugins/maven-surefire-plugin/2.22.1/maven-surefire-plugin-2.22.1.pom
2026-02-09 19:50:13,263 [Worker-15: Importing Maven projects] INFO  o.e.m.c.i.e.AbstractTransferListenerAdapter - Downloaded https://repo.maven.apache.org/maven2/org/apache/maven/plugins/maven-surefire-plugin/2.22.1/maven-surefire-plugin-2.22.1.pom
2026-02-09 19:50:13,366 [Worker-15: Importing Maven projects] INFO  o.e.m.c.i.e.AbstractTransferListenerAdapter - Downloaded https://repo.spring.io/snapshot/org/apache/maven/surefire/surefire/2.22.1/surefire-2.22.1.pom
2026-02-09 19:50:13,458 [Worker-15: Importing Maven projects] INFO  o.e.m.c.i.e.AbstractTransferListenerAdapter - Downloaded https://repo.spring.io/milestone/org/apache/maven/surefire/surefire/2.22.1/surefire-2.22.1.pom
2026-02-09 19:50:13,539 [Worker-15: Importing Maven projects] INFO  o.e.m.c.i.e.AbstractTransferListenerAdapter - Downloading https://repo.maven.apache.org/maven2/org/apache/maven/surefire/surefire/2.22.1/surefire-2.22.1.pom
2026-02-09 19:50:13,543 [Worker-15: Importing Maven projects] INFO  o.e.m.c.i.e.AbstractTransferListenerAdapter - Downloaded https://repo.maven.apache.org/maven2/org/apache/maven/surefire/surefire/2.22.1/surefire-2.22.1.pom
2026-02-09 19:50:13,645 [Worker-15: Importing Maven projects] INFO  o.e.m.c.i.e.AbstractTransferListenerAdapter - Downloaded https://repo.spring.io/snapshot/org/apache/maven/maven-parent/33/maven-parent-33.pom
2026-02-09 19:50:13,738 [Worker-15: Importing Maven projects] INFO  o.e.m.c.i.e.AbstractTransferListenerAdapter - Downloaded https://repo.spring.io/milestone/org/apache/maven/maven-parent/33/maven-parent-33.pom
2026-02-09 19:50:13,834 [Worker-15: Importing Maven projects] INFO  o.e.m.c.i.e.AbstractTransferListenerAdapter - Downloading https://repo.maven.apache.org/maven2/org/apache/maven/maven-parent/33/maven-parent-33.pom
2026-02-09 19:50:13,839 [Worker-15: Importing Maven projects] INFO  o.e.m.c.i.e.AbstractTransferListenerAdapter - Downloaded https://repo.maven.apache.org/maven2/org/apache/maven/maven-parent/33/maven-parent-33.pom
2026-02-09 19:50:13,925 [Worker-15: Importing Maven projects] INFO  o.e.m.c.i.e.AbstractTransferListenerAdapter - Downloaded https://repo.spring.io/snapshot/org/apache/apache/21/apache-21.pom
2026-02-09 19:50:14,018 [Worker-15: Importing Maven projects] INFO  o.e.m.c.i.e.AbstractTransferListenerAdapter - Downloaded https://repo.spring.io/milestone/org/apache/apache/21/apache-21.pom
2026-02-09 19:50:14,098 [Worker-15: Importing Maven projects] INFO  o.e.m.c.i.e.AbstractTransferListenerAdapter - Downloading https://repo.maven.apache.org/maven2/org/apache/apache/21/apache-21.pom
2026-02-09 19:50:14,103 [Worker-15: Importing Maven projects] INFO  o.e.m.c.i.e.AbstractTransferListenerAdapter - Downloaded https://repo.maven.apache.org/maven2/org/apache/apache/21/apache-21.pom
2026-02-09 19:50:14,190 [Worker-15: Importing Maven projects] INFO  o.e.m.c.i.e.AbstractTransferListenerAdapter - Downloaded https://repo.spring.io/snapshot/org/apache/maven/plugins/maven-jar-plugin/3.1.0/maven-jar-plugin-3.1.0.pom
2026-02-09 19:50:14,283 [Worker-15: Importing Maven projects] INFO  o.e.m.c.i.e.AbstractTransferListenerAdapter - Downloaded https://repo.spring.io/milestone/org/apache/maven/plugins/maven-jar-plugin/3.1.0/maven-jar-plugin-3.1.0.pom
2026-02-09 19:50:14,361 [Worker-15: Importing Maven projects] INFO  o.e.m.c.i.e.AbstractTransferListenerAdapter - Downloading https://repo.maven.apache.org/maven2/org/apache/maven/plugins/maven-jar-plugin/3.1.0/maven-jar-plugin-3.1.0.pom
2026-02-09 19:50:14,367 [Worker-15: Importing Maven projects] INFO  o.e.m.c.i.e.AbstractTransferListenerAdapter - Downloaded https://repo.maven.apache.org/maven2/org/apache/maven/plugins/maven-jar-plugin/3.1.0/maven-jar-plugin-3.1.0.pom
2026-02-09 19:50:14,484 [Worker-15: Importing Maven projects] INFO  o.e.m.c.i.e.AbstractTransferListenerAdapter - Downloaded https://repo.spring.io/snapshot/org/apache/maven/maven-archiver/3.2.0/maven-archiver-3.2.0.pom
2026-02-09 19:50:14,594 [Worker-15: Importing Maven projects] INFO  o.e.m.c.i.e.AbstractTransferListenerAdapter - Downloaded https://repo.spring.io/milestone/org/apache/maven/maven-archiver/3.2.0/maven-archiver-3.2.0.pom
2026-02-09 19:50:14,691 [Worker-15: Importing Maven projects] INFO  o.e.m.c.i.e.AbstractTransferListenerAdapter - Downloading https://repo.maven.apache.org/maven2/org/apache/maven/maven-archiver/3.2.0/maven-archiver-3.2.0.pom
2026-02-09 19:50:14,695 [Worker-15: Importing Maven projects] INFO  o.e.m.c.i.e.AbstractTransferListenerAdapter - Downloaded https://repo.maven.apache.org/maven2/org/apache/maven/maven-archiver/3.2.0/maven-archiver-3.2.0.pom
2026-02-09 19:50:14,798 [Worker-15: Importing Maven projects] INFO  o.e.m.c.i.e.AbstractTransferListenerAdapter - Downloaded https://repo.spring.io/snapshot/org/apache/maven/shared/maven-shared-utils/3.2.0/maven-shared-utils-3.2.0.pom
2026-02-09 19:50:14,888 [Worker-15: Importing Maven projects] INFO  o.e.m.c.i.e.AbstractTransferListenerAdapter - Downloaded https://repo.spring.io/milestone/org/apache/maven/shared/maven-shared-utils/3.2.0/maven-shared-utils-3.2.0.pom
2026-02-09 19:50:14,969 [Worker-15: Importing Maven projects] INFO  o.e.m.c.i.e.AbstractTransferListenerAdapter - Downloading https://repo.maven.apache.org/maven2/org/apache/maven/shared/maven-shared-utils/3.2.0/maven-shared-utils-3.2.0.pom
2026-02-09 19:50:14,973 [Worker-15: Importing Maven projects] INFO  o.e.m.c.i.e.AbstractTransferListenerAdapter - Downloaded https://repo.maven.apache.org/maven2/org/apache/maven/shared/maven-shared-utils/3.2.0/maven-shared-utils-3.2.0.pom
2026-02-09 19:50:15,062 [Worker-15: Importing Maven projects] INFO  o.e.m.c.i.e.AbstractTransferListenerAdapter - Downloaded https://repo.spring.io/snapshot/org/codehaus/plexus/plexus-archiver/3.5/plexus-archiver-3.5.pom
2026-02-09 19:50:15,137 [Worker-15: Importing Maven projects] INFO  o.e.m.c.i.e.AbstractTransferListenerAdapter - Downloaded https://repo.spring.io/milestone/org/codehaus/plexus/plexus-archiver/3.5/plexus-archiver-3.5.pom
2026-02-09 19:50:15,215 [Worker-15: Importing Maven projects] INFO  o.e.m.c.i.e.AbstractTransferListenerAdapter - Downloading https://repo.maven.apache.org/maven2/org/codehaus/plexus/plexus-archiver/3.5/plexus-archiver-3.5.pom
2026-02-09 19:50:15,221 [Worker-15: Importing Maven projects] INFO  o.e.m.c.i.e.AbstractTransferListenerAdapter - Downloaded https://repo.maven.apache.org/maven2/org/codehaus/plexus/plexus-archiver/3.5/plexus-archiver-3.5.pom
2026-02-09 19:50:15,301 [Worker-15: Importing Maven projects] INFO  o.e.m.c.i.e.AbstractTransferListenerAdapter - Downloaded https://repo.spring.io/snapshot/org/codehaus/plexus/plexus/5.0/plexus-5.0.pom
2026-02-09 19:50:15,381 [Worker-15: Importing Maven projects] INFO  o.e.m.c.i.e.AbstractTransferListenerAdapter - Downloaded https://repo.spring.io/milestone/org/codehaus/plexus/plexus/5.0/plexus-5.0.pom
2026-02-09 19:50:15,480 [Worker-15: Importing Maven projects] INFO  o.e.m.c.i.e.AbstractTransferListenerAdapter - Downloading https://repo.maven.apache.org/maven2/org/codehaus/plexus/plexus/5.0/plexus-5.0.pom
2026-02-09 19:50:15,485 [Worker-15: Importing Maven projects] INFO  o.e.m.c.i.e.AbstractTransferListenerAdapter - Downloaded https://repo.maven.apache.org/maven2/org/codehaus/plexus/plexus/5.0/plexus-5.0.pom
2026-02-09 19:50:15,574 [Worker-15: Importing Maven projects] INFO  o.e.m.c.i.e.AbstractTransferListenerAdapter - Downloaded https://repo.spring.io/snapshot/org/codehaus/plexus/plexus-utils/3.0.24/plexus-utils-3.0.24.pom
2026-02-09 19:50:15,660 [Worker-15: Importing Maven projects] INFO  o.e.m.c.i.e.AbstractTransferListenerAdapter - Downloaded https://repo.spring.io/milestone/org/codehaus/plexus/plexus-utils/3.0.24/plexus-utils-3.0.24.pom
2026-02-09 19:50:15,741 [Worker-15: Importing Maven projects] INFO  o.e.m.c.i.e.AbstractTransferListenerAdapter - Downloading https://repo.maven.apache.org/maven2/org/codehaus/plexus/plexus-utils/3.0.24/plexus-utils-3.0.24.pom
2026-02-09 19:50:15,746 [Worker-15: Importing Maven projects] INFO  o.e.m.c.i.e.AbstractTransferListenerAdapter - Downloaded https://repo.maven.apache.org/maven2/org/codehaus/plexus/plexus-utils/3.0.24/plexus-utils-3.0.24.pom
2026-02-09 19:50:15,833 [Worker-15: Importing Maven projects] INFO  o.e.m.c.i.e.AbstractTransferListenerAdapter - Downloaded https://repo.spring.io/snapshot/org/codehaus/plexus/plexus-io/3.0.0/plexus-io-3.0.0.pom
2026-02-09 19:50:15,914 [Worker-15: Importing Maven projects] INFO  o.e.m.c.i.e.AbstractTransferListenerAdapter - Downloaded https://repo.spring.io/milestone/org/codehaus/plexus/plexus-io/3.0.0/plexus-io-3.0.0.pom
2026-02-09 19:50:15,998 [Worker-15: Importing Maven projects] INFO  o.e.m.c.i.e.AbstractTransferListenerAdapter - Downloading https://repo.maven.apache.org/maven2/org/codehaus/plexus/plexus-io/3.0.0/plexus-io-3.0.0.pom
2026-02-09 19:50:16,003 [Worker-15: Importing Maven projects] INFO  o.e.m.c.i.e.AbstractTransferListenerAdapter - Downloaded https://repo.maven.apache.org/maven2/org/codehaus/plexus/plexus-io/3.0.0/plexus-io-3.0.0.pom
2026-02-09 19:50:16,090 [Worker-15: Importing Maven projects] INFO  o.e.m.c.i.e.AbstractTransferListenerAdapter - Downloaded https://repo.spring.io/snapshot/org/apache/commons/commons-compress/1.14/commons-compress-1.14.pom
2026-02-09 19:50:16,174 [Worker-15: Importing Maven projects] INFO  o.e.m.c.i.e.AbstractTransferListenerAdapter - Downloaded https://repo.spring.io/milestone/org/apache/commons/commons-compress/1.14/commons-compress-1.14.pom
2026-02-09 19:50:16,251 [Worker-15: Importing Maven projects] INFO  o.e.m.c.i.e.AbstractTransferListenerAdapter - Downloading https://repo.maven.apache.org/maven2/org/apache/commons/commons-compress/1.14/commons-compress-1.14.pom
2026-02-09 19:50:16,255 [Worker-15: Importing Maven projects] INFO  o.e.m.c.i.e.AbstractTransferListenerAdapter - Downloaded https://repo.maven.apache.org/maven2/org/apache/commons/commons-compress/1.14/commons-compress-1.14.pom
2026-02-09 19:50:16,341 [Worker-15: Importing Maven projects] INFO  o.e.m.c.i.e.AbstractTransferListenerAdapter - Downloaded https://repo.spring.io/snapshot/org/apache/commons/commons-parent/42/commons-parent-42.pom
2026-02-09 19:50:16,422 [Worker-15: Importing Maven projects] INFO  o.e.m.c.i.e.AbstractTransferListenerAdapter - Downloaded https://repo.spring.io/milestone/org/apache/commons/commons-parent/42/commons-parent-42.pom
2026-02-09 19:50:16,519 [Worker-15: Importing Maven projects] INFO  o.e.m.c.i.e.AbstractTransferListenerAdapter - Downloading https://repo.maven.apache.org/maven2/org/apache/commons/commons-parent/42/commons-parent-42.pom
2026-02-09 19:50:16,525 [Worker-15: Importing Maven projects] INFO  o.e.m.c.i.e.AbstractTransferListenerAdapter - Downloaded https://repo.maven.apache.org/maven2/org/apache/commons/commons-parent/42/commons-parent-42.pom
2026-02-09 19:50:16,635 [Worker-15: Importing Maven projects] INFO  o.e.m.c.i.e.AbstractTransferListenerAdapter - Downloaded https://repo.spring.io/snapshot/org/iq80/snappy/snappy/0.4/snappy-0.4.pom
2026-02-09 19:50:16,717 [Worker-15: Importing Maven projects] INFO  o.e.m.c.i.e.AbstractTransferListenerAdapter - Downloaded https://repo.spring.io/milestone/org/iq80/snappy/snappy/0.4/snappy-0.4.pom
2026-02-09 19:50:16,796 [Worker-15: Importing Maven projects] INFO  o.e.m.c.i.e.AbstractTransferListenerAdapter - Downloading https://repo.maven.apache.org/maven2/org/iq80/snappy/snappy/0.4/snappy-0.4.pom
2026-02-09 19:50:16,799 [Worker-15: Importing Maven projects] INFO  o.e.m.c.i.e.AbstractTransferListenerAdapter - Downloaded https://repo.maven.apache.org/maven2/org/iq80/snappy/snappy/0.4/snappy-0.4.pom
2026-02-09 19:50:16,887 [Worker-15: Importing Maven projects] INFO  o.e.m.c.i.e.AbstractTransferListenerAdapter - Downloaded https://repo.spring.io/snapshot/org/tukaani/xz/1.6/xz-1.6.pom
2026-02-09 19:50:16,971 [Worker-15: Importing Maven projects] INFO  o.e.m.c.i.e.AbstractTransferListenerAdapter - Downloaded https://repo.spring.io/milestone/org/tukaani/xz/1.6/xz-1.6.pom
2026-02-09 19:50:17,059 [Worker-15: Importing Maven projects] INFO  o.e.m.c.i.e.AbstractTransferListenerAdapter - Downloading https://repo.maven.apache.org/maven2/org/tukaani/xz/1.6/xz-1.6.pom
2026-02-09 19:50:17,064 [Worker-15: Importing Maven projects] INFO  o.e.m.c.i.e.AbstractTransferListenerAdapter - Downloaded https://repo.maven.apache.org/maven2/org/tukaani/xz/1.6/xz-1.6.pom
2026-02-09 19:50:17,154 [Worker-15: Importing Maven projects] INFO  o.e.m.c.i.e.AbstractTransferListenerAdapter - Downloaded https://repo.spring.io/snapshot/org/codehaus/plexus/plexus-interpolation/1.22/plexus-interpolation-1.22.pom
2026-02-09 19:50:17,239 [Worker-15: Importing Maven projects] INFO  o.e.m.c.i.e.AbstractTransferListenerAdapter - Downloaded https://repo.spring.io/milestone/org/codehaus/plexus/plexus-interpolation/1.22/plexus-interpolation-1.22.pom
2026-02-09 19:50:17,312 [Worker-15: Importing Maven projects] INFO  o.e.m.c.i.e.AbstractTransferListenerAdapter - Downloading https://repo.maven.apache.org/maven2/org/codehaus/plexus/plexus-interpolation/1.22/plexus-interpolation-1.22.pom
2026-02-09 19:50:17,315 [Worker-15: Importing Maven projects] INFO  o.e.m.c.i.e.AbstractTransferListenerAdapter - Downloaded https://repo.maven.apache.org/maven2/org/codehaus/plexus/plexus-interpolation/1.22/plexus-interpolation-1.22.pom
2026-02-09 19:50:17,399 [Worker-15: Importing Maven projects] INFO  o.e.m.c.i.e.AbstractTransferListenerAdapter - Downloaded https://repo.spring.io/snapshot/org/codehaus/plexus/plexus-components/1.3.1/plexus-components-1.3.1.pom
2026-02-09 19:50:17,482 [Worker-15: Importing Maven projects] INFO  o.e.m.c.i.e.AbstractTransferListenerAdapter - Downloaded https://repo.spring.io/milestone/org/codehaus/plexus/plexus-components/1.3.1/plexus-components-1.3.1.pom
2026-02-09 19:50:17,577 [Worker-15: Importing Maven projects] INFO  o.e.m.c.i.e.AbstractTransferListenerAdapter - Downloading https://repo.maven.apache.org/maven2/org/codehaus/plexus/plexus-components/1.3.1/plexus-components-1.3.1.pom
2026-02-09 19:50:17,582 [Worker-15: Importing Maven projects] INFO  o.e.m.c.i.e.AbstractTransferListenerAdapter - Downloaded https://repo.maven.apache.org/maven2/org/codehaus/plexus/plexus-components/1.3.1/plexus-components-1.3.1.pom
2026-02-09 19:50:17,665 [Worker-15: Importing Maven projects] INFO  o.e.m.c.i.e.AbstractTransferListenerAdapter - Downloaded https://repo.spring.io/snapshot/org/codehaus/plexus/plexus-utils/3.1.0/plexus-utils-3.1.0.pom
2026-02-09 19:50:17,750 [Worker-15: Importing Maven projects] INFO  o.e.m.c.i.e.AbstractTransferListenerAdapter - Downloaded https://repo.spring.io/milestone/org/codehaus/plexus/plexus-utils/3.1.0/plexus-utils-3.1.0.pom
2026-02-09 19:50:17,835 [Worker-15: Importing Maven projects] INFO  o.e.m.c.i.e.AbstractTransferListenerAdapter - Downloading https://repo.maven.apache.org/maven2/org/codehaus/plexus/plexus-utils/3.1.0/plexus-utils-3.1.0.pom
2026-02-09 19:50:17,840 [Worker-15: Importing Maven projects] INFO  o.e.m.c.i.e.AbstractTransferListenerAdapter - Downloaded https://repo.maven.apache.org/maven2/org/codehaus/plexus/plexus-utils/3.1.0/plexus-utils-3.1.0.pom
2026-02-09 19:50:17,969 [Worker-15: Importing Maven projects] INFO  o.e.m.c.i.e.AbstractTransferListenerAdapter - Downloaded https://repo.spring.io/snapshot/org/apache/maven/maven-archiver/3.2.0/maven-archiver-3.2.0.jar
2026-02-09 19:50:18,052 [BasicRepositoryConnector-repo.spring.io-6-0] INFO  o.e.m.c.i.e.AbstractTransferListenerAdapter - Downloaded https://repo.spring.io/snapshot/org/apache/maven/shared/maven-shared-utils/3.2.0/maven-shared-utils-3.2.0.jar
2026-02-09 19:50:18,057 [BasicRepositoryConnector-repo.spring.io-6-4] INFO  o.e.m.c.i.e.AbstractTransferListenerAdapter - Downloaded https://repo.spring.io/snapshot/org/iq80/snappy/snappy/0.4/snappy-0.4.jar
2026-02-09 19:50:18,063 [BasicRepositoryConnector-repo.spring.io-6-1] INFO  o.e.m.c.i.e.AbstractTransferListenerAdapter - Downloaded https://repo.spring.io/snapshot/org/codehaus/plexus/plexus-archiver/3.5/plexus-archiver-3.5.jar
2026-02-09 19:50:18,066 [BasicRepositoryConnector-repo.spring.io-6-3] INFO  o.e.m.c.i.e.AbstractTransferListenerAdapter - Downloaded https://repo.spring.io/snapshot/org/apache/commons/commons-compress/1.14/commons-compress-1.14.jar
2026-02-09 19:50:18,067 [BasicRepositoryConnector-repo.spring.io-6-2] INFO  o.e.m.c.i.e.AbstractTransferListenerAdapter - Downloaded https://repo.spring.io/snapshot/org/codehaus/plexus/plexus-io/3.0.0/plexus-io-3.0.0.jar
2026-02-09 19:50:18,131 [BasicRepositoryConnector-repo.spring.io-6-0] INFO  o.e.m.c.i.e.AbstractTransferListenerAdapter - Downloaded https://repo.spring.io/snapshot/org/tukaani/xz/1.6/xz-1.6.jar
2026-02-09 19:50:18,131 [BasicRepositoryConnector-repo.spring.io-6-4] INFO  o.e.m.c.i.e.AbstractTransferListenerAdapter - Downloaded https://repo.spring.io/snapshot/org/codehaus/plexus/plexus-utils/3.1.0/plexus-utils-3.1.0.jar
2026-02-09 19:50:18,239 [Worker-15: Importing Maven projects] INFO  o.e.m.c.i.e.AbstractTransferListenerAdapter - Downloaded https://repo.spring.io/milestone/org/apache/maven/maven-archiver/3.2.0/maven-archiver-3.2.0.jar
2026-02-09 19:50:18,316 [BasicRepositoryConnector-repo.spring.io-7-0] INFO  o.e.m.c.i.e.AbstractTransferListenerAdapter - Downloaded https://repo.spring.io/milestone/org/apache/maven/shared/maven-shared-utils/3.2.0/maven-shared-utils-3.2.0.jar
2026-02-09 19:50:18,322 [BasicRepositoryConnector-repo.spring.io-7-2] INFO  o.e.m.c.i.e.AbstractTransferListenerAdapter - Downloaded https://repo.spring.io/milestone/org/codehaus/plexus/plexus-io/3.0.0/plexus-io-3.0.0.jar
2026-02-09 19:50:18,328 [BasicRepositoryConnector-repo.spring.io-7-1] INFO  o.e.m.c.i.e.AbstractTransferListenerAdapter - Downloaded https://repo.spring.io/milestone/org/codehaus/plexus/plexus-archiver/3.5/plexus-archiver-3.5.jar
2026-02-09 19:50:18,331 [BasicRepositoryConnector-repo.spring.io-7-3] INFO  o.e.m.c.i.e.AbstractTransferListenerAdapter - Downloaded https://repo.spring.io/milestone/org/apache/commons/commons-compress/1.14/commons-compress-1.14.jar
2026-02-09 19:50:18,331 [BasicRepositoryConnector-repo.spring.io-7-4] INFO  o.e.m.c.i.e.AbstractTransferListenerAdapter - Downloaded https://repo.spring.io/milestone/org/iq80/snappy/snappy/0.4/snappy-0.4.jar
2026-02-09 19:50:18,395 [BasicRepositoryConnector-repo.spring.io-7-0] INFO  o.e.m.c.i.e.AbstractTransferListenerAdapter - Downloaded https://repo.spring.io/milestone/org/tukaani/xz/1.6/xz-1.6.jar
2026-02-09 19:50:18,408 [BasicRepositoryConnector-repo.spring.io-7-2] INFO  o.e.m.c.i.e.AbstractTransferListenerAdapter - Downloaded https://repo.spring.io/milestone/org/codehaus/plexus/plexus-utils/3.1.0/plexus-utils-3.1.0.jar
2026-02-09 19:50:18,505 [Worker-15: Importing Maven projects] INFO  o.e.m.c.i.e.AbstractTransferListenerAdapter - Downloading https://repo.maven.apache.org/maven2/org/apache/maven/maven-archiver/3.2.0/maven-archiver-3.2.0.jar
2026-02-09 19:50:18,521 [Worker-15: Importing Maven projects] INFO  o.e.m.c.i.e.AbstractTransferListenerAdapter - Downloaded https://repo.maven.apache.org/maven2/org/apache/maven/maven-archiver/3.2.0/maven-archiver-3.2.0.jar
2026-02-09 19:50:18,603 [BasicRepositoryConnector-repo.maven.apache.org-8-0] INFO  o.e.m.c.i.e.AbstractTransferListenerAdapter - Downloading https://repo.maven.apache.org/maven2/org/apache/maven/shared/maven-shared-utils/3.2.0/maven-shared-utils-3.2.0.jar
2026-02-09 19:50:18,621 [BasicRepositoryConnector-repo.maven.apache.org-8-0] INFO  o.e.m.c.i.e.AbstractTransferListenerAdapter - Downloaded https://repo.maven.apache.org/maven2/org/apache/maven/shared/maven-shared-utils/3.2.0/maven-shared-utils-3.2.0.jar
2026-02-09 19:50:18,622 [BasicRepositoryConnector-repo.maven.apache.org-8-2] INFO  o.e.m.c.i.e.AbstractTransferListenerAdapter - Downloading https://repo.maven.apache.org/maven2/org/codehaus/plexus/plexus-io/3.0.0/plexus-io-3.0.0.jar
2026-02-09 19:50:18,643 [BasicRepositoryConnector-repo.maven.apache.org-8-1] INFO  o.e.m.c.i.e.AbstractTransferListenerAdapter - Downloading https://repo.maven.apache.org/maven2/org/codehaus/plexus/plexus-archiver/3.5/plexus-archiver-3.5.jar
2026-02-09 19:50:18,651 [BasicRepositoryConnector-repo.maven.apache.org-8-1] INFO  o.e.m.c.i.e.AbstractTransferListenerAdapter - Downloaded https://repo.maven.apache.org/maven2/org/codehaus/plexus/plexus-archiver/3.5/plexus-archiver-3.5.jar
2026-02-09 19:50:18,670 [BasicRepositoryConnector-repo.maven.apache.org-8-4] INFO  o.e.m.c.i.e.AbstractTransferListenerAdapter - Downloading https://repo.maven.apache.org/maven2/org/iq80/snappy/snappy/0.4/snappy-0.4.jar
2026-02-09 19:50:18,674 [BasicRepositoryConnector-repo.maven.apache.org-8-4] INFO  o.e.m.c.i.e.AbstractTransferListenerAdapter - Downloaded https://repo.maven.apache.org/maven2/org/iq80/snappy/snappy/0.4/snappy-0.4.jar
2026-02-09 19:50:18,699 [BasicRepositoryConnector-repo.maven.apache.org-8-0] INFO  o.e.m.c.i.e.AbstractTransferListenerAdapter - Downloading https://repo.maven.apache.org/maven2/org/tukaani/xz/1.6/xz-1.6.jar
2026-02-09 19:50:18,709 [BasicRepositoryConnector-repo.maven.apache.org-8-0] INFO  o.e.m.c.i.e.AbstractTransferListenerAdapter - Downloaded https://repo.maven.apache.org/maven2/org/tukaani/xz/1.6/xz-1.6.jar
2026-02-09 19:50:18,722 [BasicRepositoryConnector-repo.maven.apache.org-8-1] INFO  o.e.m.c.i.e.AbstractTransferListenerAdapter - Downloading https://repo.maven.apache.org/maven2/org/codehaus/plexus/plexus-utils/3.1.0/plexus-utils-3.1.0.jar
2026-02-09 19:50:18,742 [BasicRepositoryConnector-repo.maven.apache.org-8-3] INFO  o.e.m.c.i.e.AbstractTransferListenerAdapter - Downloading https://repo.maven.apache.org/maven2/org/apache/commons/commons-compress/1.14/commons-compress-1.14.jar
2026-02-09 19:50:18,747 [BasicRepositoryConnector-repo.maven.apache.org-8-1] INFO  o.e.m.c.i.e.AbstractTransferListenerAdapter - Downloaded https://repo.maven.apache.org/maven2/org/codehaus/plexus/plexus-utils/3.1.0/plexus-utils-3.1.0.jar
2026-02-09 19:50:18,758 [BasicRepositoryConnector-repo.maven.apache.org-8-3] INFO  o.e.m.c.i.e.AbstractTransferListenerAdapter - Downloaded https://repo.maven.apache.org/maven2/org/apache/commons/commons-compress/1.14/commons-compress-1.14.jar
2026-02-09 19:50:18,771 [BasicRepositoryConnector-repo.maven.apache.org-8-2] INFO  o.e.m.c.i.e.AbstractTransferListenerAdapter - Downloaded https://repo.maven.apache.org/maven2/org/codehaus/plexus/plexus-io/3.0.0/plexus-io-3.0.0.jar
2026-02-09 19:50:19,285 [Worker-15: Importing Maven projects] INFO  o.e.m.c.i.e.AbstractTransferListenerAdapter - Downloaded https://repo.spring.io/snapshot/org/apache/maven/shared/maven-filtering/3.1.1/maven-filtering-3.1.1.pom
2026-02-09 19:50:19,372 [Worker-15: Importing Maven projects] INFO  o.e.m.c.i.e.AbstractTransferListenerAdapter - Downloaded https://repo.spring.io/milestone/org/apache/maven/shared/maven-filtering/3.1.1/maven-filtering-3.1.1.pom
2026-02-09 19:50:19,461 [Worker-15: Importing Maven projects] INFO  o.e.m.c.i.e.AbstractTransferListenerAdapter - Downloading https://repo.maven.apache.org/maven2/org/apache/maven/shared/maven-filtering/3.1.1/maven-filtering-3.1.1.pom
2026-02-09 19:50:19,464 [Worker-15: Importing Maven projects] INFO  o.e.m.c.i.e.AbstractTransferListenerAdapter - Downloaded https://repo.maven.apache.org/maven2/org/apache/maven/shared/maven-filtering/3.1.1/maven-filtering-3.1.1.pom
2026-02-09 19:50:19,555 [Worker-15: Importing Maven projects] INFO  o.e.m.c.i.e.AbstractTransferListenerAdapter - Downloaded https://repo.spring.io/snapshot/org/apache/maven/shared/maven-shared-utils/3.0.0/maven-shared-utils-3.0.0.pom
2026-02-09 19:50:19,644 [Worker-15: Importing Maven projects] INFO  o.e.m.c.i.e.AbstractTransferListenerAdapter - Downloaded https://repo.spring.io/milestone/org/apache/maven/shared/maven-shared-utils/3.0.0/maven-shared-utils-3.0.0.pom
2026-02-09 19:50:19,717 [Worker-15: Importing Maven projects] INFO  o.e.m.c.i.e.AbstractTransferListenerAdapter - Downloading https://repo.maven.apache.org/maven2/org/apache/maven/shared/maven-shared-utils/3.0.0/maven-shared-utils-3.0.0.pom
2026-02-09 19:50:19,720 [Worker-15: Importing Maven projects] INFO  o.e.m.c.i.e.AbstractTransferListenerAdapter - Downloaded https://repo.maven.apache.org/maven2/org/apache/maven/shared/maven-shared-utils/3.0.0/maven-shared-utils-3.0.0.pom
2026-02-09 19:50:19,811 [Worker-15: Importing Maven projects] INFO  o.e.m.c.i.e.AbstractTransferListenerAdapter - Downloaded https://repo.spring.io/snapshot/org/apache/maven/shared/maven-shared-components/21/maven-shared-components-21.pom
2026-02-09 19:50:19,902 [Worker-15: Importing Maven projects] INFO  o.e.m.c.i.e.AbstractTransferListenerAdapter - Downloaded https://repo.spring.io/milestone/org/apache/maven/shared/maven-shared-components/21/maven-shared-components-21.pom
2026-02-09 19:50:19,974 [Worker-15: Importing Maven projects] INFO  o.e.m.c.i.e.AbstractTransferListenerAdapter - Downloading https://repo.maven.apache.org/maven2/org/apache/maven/shared/maven-shared-components/21/maven-shared-components-21.pom
2026-02-09 19:50:19,978 [Worker-15: Importing Maven projects] INFO  o.e.m.c.i.e.AbstractTransferListenerAdapter - Downloaded https://repo.maven.apache.org/maven2/org/apache/maven/shared/maven-shared-components/21/maven-shared-components-21.pom
2026-02-09 19:50:20,067 [Worker-15: Importing Maven projects] INFO  o.e.m.c.i.e.AbstractTransferListenerAdapter - Downloaded https://repo.spring.io/snapshot/org/apache/maven/maven-parent/25/maven-parent-25.pom
2026-02-09 19:50:20,147 [Worker-15: Importing Maven projects] INFO  o.e.m.c.i.e.AbstractTransferListenerAdapter - Downloaded https://repo.spring.io/milestone/org/apache/maven/maven-parent/25/maven-parent-25.pom
2026-02-09 19:50:20,237 [Worker-15: Importing Maven projects] INFO  o.e.m.c.i.e.AbstractTransferListenerAdapter - Downloading https://repo.maven.apache.org/maven2/org/apache/maven/maven-parent/25/maven-parent-25.pom
2026-02-09 19:50:20,259 [Worker-15: Importing Maven projects] INFO  o.e.m.c.i.e.AbstractTransferListenerAdapter - Downloaded https://repo.maven.apache.org/maven2/org/apache/maven/maven-parent/25/maven-parent-25.pom
2026-02-09 19:50:20,338 [Worker-15: Importing Maven projects] INFO  o.e.m.c.i.e.AbstractTransferListenerAdapter - Downloaded https://repo.spring.io/snapshot/org/apache/apache/15/apache-15.pom
2026-02-09 19:50:20,409 [Worker-19: Download sources and javadoc] INFO  o.e.m.c.i.e.AbstractTransferListenerAdapter - Downloaded https://repo.spring.io/snapshot/org/springframework/boot/spring-boot-starter-webflux/2.1.0.RC1/spring-boot-starter-webflux-2.1.0.RC1-sources.jar
2026-02-09 19:50:20,432 [Worker-15: Importing Maven projects] INFO  o.e.m.c.i.e.AbstractTransferListenerAdapter - Downloaded https://repo.spring.io/milestone/org/apache/apache/15/apache-15.pom
2026-02-09 19:50:20,499 [Worker-19: Download sources and javadoc] INFO  o.e.m.c.i.e.AbstractTransferListenerAdapter - Downloaded https://repo.spring.io/milestone/org/springframework/boot/spring-boot-starter-webflux/2.1.0.RC1/spring-boot-starter-webflux-2.1.0.RC1-sources.jar
2026-02-09 19:50:20,508 [Worker-15: Importing Maven projects] INFO  o.e.m.c.i.e.AbstractTransferListenerAdapter - Downloading https://repo.maven.apache.org/maven2/org/apache/apache/15/apache-15.pom
2026-02-09 19:50:20,514 [Worker-15: Importing Maven projects] INFO  o.e.m.c.i.e.AbstractTransferListenerAdapter - Downloaded https://repo.maven.apache.org/maven2/org/apache/apache/15/apache-15.pom
2026-02-09 19:50:20,631 [Worker-15: Importing Maven projects] INFO  o.e.m.c.i.e.AbstractTransferListenerAdapter - Downloaded https://repo.spring.io/snapshot/commons-io/commons-io/2.4/commons-io-2.4.pom
2026-02-09 19:50:20,717 [Worker-15: Importing Maven projects] INFO  o.e.m.c.i.e.AbstractTransferListenerAdapter - Downloaded https://repo.spring.io/milestone/commons-io/commons-io/2.4/commons-io-2.4.pom
2026-02-09 19:50:20,790 [Worker-15: Importing Maven projects] INFO  o.e.m.c.i.e.AbstractTransferListenerAdapter - Downloading https://repo.maven.apache.org/maven2/commons-io/commons-io/2.4/commons-io-2.4.pom
2026-02-09 19:50:20,794 [Worker-15: Importing Maven projects] INFO  o.e.m.c.i.e.AbstractTransferListenerAdapter - Downloaded https://repo.maven.apache.org/maven2/commons-io/commons-io/2.4/commons-io-2.4.pom
2026-02-09 19:50:20,879 [Worker-19: Download sources and javadoc] INFO  o.e.m.c.i.e.AbstractTransferListenerAdapter - Downloaded https://repo.maven.apache.org/maven2/org/springframework/boot/spring-boot-starter-webflux/2.1.0.RC1/spring-boot-starter-webflux-2.1.0.RC1-sources.jar
2026-02-09 19:50:20,883 [Worker-15: Importing Maven projects] INFO  o.e.m.c.i.e.AbstractTransferListenerAdapter - Downloaded https://repo.spring.io/snapshot/org/apache/commons/commons-parent/25/commons-parent-25.pom
2026-02-09 19:50:20,882 [Worker-19: Download sources and javadoc] ERROR o.e.m.j.internal.DownloadSourcesJob - Could not download sources for org.springframework.boot:spring-boot-starter-webflux:2.1.0.RC1
org.eclipse.core.runtime.CoreException: Could not resolve artifact org.springframework.boot:spring-boot-starter-webflux:jar:sources:2.1.0.RC1
	at org.eclipse.m2e.core.internal.embedder.MavenImpl.lambda$7(MavenImpl.java:554)
	at org.eclipse.m2e.core.internal.embedder.MavenExecutionContext.executeBare(MavenExecutionContext.java:462)
	at org.eclipse.m2e.core.internal.embedder.MavenExecutionContext.execute(MavenExecutionContext.java:295)
	at org.eclipse.m2e.core.internal.embedder.MavenExecutionContext.execute(MavenExecutionContext.java:281)
	at org.eclipse.m2e.core.internal.embedder.MavenImpl.resolve(MavenImpl.java:523)
	at org.eclipse.m2e.core.internal.embedder.MavenImpl.resolve(MavenImpl.java:508)
	at org.eclipse.m2e.jdt.internal.DownloadSourcesJob.download(DownloadSourcesJob.java:308)
	at org.eclipse.m2e.jdt.internal.DownloadSourcesJob.downloadAttachments(DownloadSourcesJob.java:282)
	at org.eclipse.m2e.jdt.internal.DownloadSourcesJob.downloadMaven(DownloadSourcesJob.java:252)
	at org.eclipse.m2e.jdt.internal.DownloadSourcesJob.downloadFilesAndPopulateToUpdate(DownloadSourcesJob.java:220)
	at org.eclipse.m2e.jdt.internal.DownloadSourcesJob.lambda$0(DownloadSourcesJob.java:149)
	at org.eclipse.m2e.core.internal.embedder.MavenExecutionContext.executeBare(MavenExecutionContext.java:462)
	at org.eclipse.m2e.core.internal.embedder.MavenExecutionContext.execute(MavenExecutionContext.java:342)
	at org.eclipse.m2e.core.internal.embedder.MavenExecutionContext.execute(MavenExecutionContext.java:281)
	at org.eclipse.m2e.core.embedder.IMaven.execute(IMaven.java:300)
	at org.eclipse.m2e.jdt.internal.DownloadSourcesJob.run(DownloadSourcesJob.java:149)
	at org.eclipse.core.internal.jobs.Worker.run(Worker.java:63)
2026-02-09 19:50:20,968 [Worker-15: Importing Maven projects] INFO  o.e.m.c.i.e.AbstractTransferListenerAdapter - Downloaded https://repo.spring.io/milestone/org/apache/commons/commons-parent/25/commons-parent-25.pom
2026-02-09 19:50:21,046 [Worker-15: Importing Maven projects] INFO  o.e.m.c.i.e.AbstractTransferListenerAdapter - Downloading https://repo.maven.apache.org/maven2/org/apache/commons/commons-parent/25/commons-parent-25.pom
2026-02-09 19:50:21,052 [Worker-15: Importing Maven projects] INFO  o.e.m.c.i.e.AbstractTransferListenerAdapter - Downloaded https://repo.maven.apache.org/maven2/org/apache/commons/commons-parent/25/commons-parent-25.pom
2026-02-09 19:50:21,132 [Worker-15: Importing Maven projects] INFO  o.e.m.c.i.e.AbstractTransferListenerAdapter - Downloaded https://repo.spring.io/snapshot/org/apache/apache/9/apache-9.pom
2026-02-09 19:50:21,149 [Worker-19: Download sources and javadoc] INFO  o.e.m.c.i.e.AbstractTransferListenerAdapter - Downloaded https://repo.spring.io/snapshot/org/springframework/boot/spring-boot-starter/2.1.0.RC1/spring-boot-starter-2.1.0.RC1-sources.jar
2026-02-09 19:50:21,221 [Worker-15: Importing Maven projects] INFO  o.e.m.c.i.e.AbstractTransferListenerAdapter - Downloaded https://repo.spring.io/milestone/org/apache/apache/9/apache-9.pom
2026-02-09 19:50:21,238 [Worker-19: Download sources and javadoc] INFO  o.e.m.c.i.e.AbstractTransferListenerAdapter - Downloaded https://repo.spring.io/milestone/org/springframework/boot/spring-boot-starter/2.1.0.RC1/spring-boot-starter-2.1.0.RC1-sources.jar
2026-02-09 19:50:21,290 [Worker-15: Importing Maven projects] INFO  o.e.m.c.i.e.AbstractTransferListenerAdapter - Downloading https://repo.maven.apache.org/maven2/org/apache/apache/9/apache-9.pom
2026-02-09 19:50:21,294 [Worker-15: Importing Maven projects] INFO  o.e.m.c.i.e.AbstractTransferListenerAdapter - Downloaded https://repo.maven.apache.org/maven2/org/apache/apache/9/apache-9.pom
2026-02-09 19:50:21,387 [Worker-15: Importing Maven projects] INFO  o.e.m.c.i.e.AbstractTransferListenerAdapter - Downloaded https://repo.spring.io/snapshot/org/sonatype/plexus/plexus-build-api/0.0.7/plexus-build-api-0.0.7.pom
2026-02-09 19:50:21,477 [Worker-15: Importing Maven projects] INFO  o.e.m.c.i.e.AbstractTransferListenerAdapter - Downloaded https://repo.spring.io/milestone/org/sonatype/plexus/plexus-build-api/0.0.7/plexus-build-api-0.0.7.pom
2026-02-09 19:50:21,557 [Worker-15: Importing Maven projects] INFO  o.e.m.c.i.e.AbstractTransferListenerAdapter - Downloading https://repo.maven.apache.org/maven2/org/sonatype/plexus/plexus-build-api/0.0.7/plexus-build-api-0.0.7.pom
2026-02-09 19:50:21,561 [Worker-15: Importing Maven projects] INFO  o.e.m.c.i.e.AbstractTransferListenerAdapter - Downloaded https://repo.maven.apache.org/maven2/org/sonatype/plexus/plexus-build-api/0.0.7/plexus-build-api-0.0.7.pom
2026-02-09 19:50:21,617 [Worker-19: Download sources and javadoc] INFO  o.e.m.c.i.e.AbstractTransferListenerAdapter - Downloaded https://repo.maven.apache.org/maven2/org/springframework/boot/spring-boot-starter/2.1.0.RC1/spring-boot-starter-2.1.0.RC1-sources.jar
2026-02-09 19:50:21,619 [Worker-19: Download sources and javadoc] ERROR o.e.m.j.internal.DownloadSourcesJob - Could not download sources for org.springframework.boot:spring-boot-starter:2.1.0.RC1
org.eclipse.core.runtime.CoreException: Could not resolve artifact org.springframework.boot:spring-boot-starter:jar:sources:2.1.0.RC1
	at org.eclipse.m2e.core.internal.embedder.MavenImpl.lambda$7(MavenImpl.java:554)
	at org.eclipse.m2e.core.internal.embedder.MavenExecutionContext.executeBare(MavenExecutionContext.java:462)
	at org.eclipse.m2e.core.internal.embedder.MavenExecutionContext.execute(MavenExecutionContext.java:295)
	at org.eclipse.m2e.core.internal.embedder.MavenExecutionContext.execute(MavenExecutionContext.java:281)
	at org.eclipse.m2e.core.internal.embedder.MavenImpl.resolve(MavenImpl.java:523)
	at org.eclipse.m2e.core.internal.embedder.MavenImpl.resolve(MavenImpl.java:508)
	at org.eclipse.m2e.jdt.internal.DownloadSourcesJob.download(DownloadSourcesJob.java:308)
	at org.eclipse.m2e.jdt.internal.DownloadSourcesJob.downloadAttachments(DownloadSourcesJob.java:282)
	at org.eclipse.m2e.jdt.internal.DownloadSourcesJob.downloadMaven(DownloadSourcesJob.java:252)
	at org.eclipse.m2e.jdt.internal.DownloadSourcesJob.downloadFilesAndPopulateToUpdate(DownloadSourcesJob.java:220)
	at org.eclipse.m2e.jdt.internal.DownloadSourcesJob.lambda$0(DownloadSourcesJob.java:149)
	at org.eclipse.m2e.core.internal.embedder.MavenExecutionContext.executeBare(MavenExecutionContext.java:462)
	at org.eclipse.m2e.core.internal.embedder.MavenExecutionContext.execute(MavenExecutionContext.java:342)
	at org.eclipse.m2e.core.internal.embedder.MavenExecutionContext.execute(MavenExecutionContext.java:281)
	at org.eclipse.m2e.core.embedder.IMaven.execute(IMaven.java:300)
	at org.eclipse.m2e.jdt.internal.DownloadSourcesJob.run(DownloadSourcesJob.java:149)
	at org.eclipse.core.internal.jobs.Worker.run(Worker.java:63)
2026-02-09 19:50:21,647 [Worker-15: Importing Maven projects] INFO  o.e.m.c.i.e.AbstractTransferListenerAdapter - Downloaded https://repo.spring.io/snapshot/org/sonatype/spice/spice-parent/15/spice-parent-15.pom
2026-02-09 19:50:21,742 [Worker-15: Importing Maven projects] INFO  o.e.m.c.i.e.AbstractTransferListenerAdapter - Downloaded https://repo.spring.io/milestone/org/sonatype/spice/spice-parent/15/spice-parent-15.pom
2026-02-09 19:50:21,818 [Worker-15: Importing Maven projects] INFO  o.e.m.c.i.e.AbstractTransferListenerAdapter - Downloading https://repo.maven.apache.org/maven2/org/sonatype/spice/spice-parent/15/spice-parent-15.pom
2026-02-09 19:50:21,821 [Worker-15: Importing Maven projects] INFO  o.e.m.c.i.e.AbstractTransferListenerAdapter - Downloaded https://repo.maven.apache.org/maven2/org/sonatype/spice/spice-parent/15/spice-parent-15.pom
2026-02-09 19:50:21,881 [Worker-19: Download sources and javadoc] INFO  o.e.m.c.i.e.AbstractTransferListenerAdapter - Downloaded https://repo.spring.io/snapshot/org/springframework/boot/spring-boot-autoconfigure/2.1.0.RC1/spring-boot-autoconfigure-2.1.0.RC1-sources.jar
2026-02-09 19:50:21,908 [Worker-15: Importing Maven projects] INFO  o.e.m.c.i.e.AbstractTransferListenerAdapter - Downloaded https://repo.spring.io/snapshot/org/sonatype/forge/forge-parent/5/forge-parent-5.pom
2026-02-09 19:50:21,994 [Worker-15: Importing Maven projects] INFO  o.e.m.c.i.e.AbstractTransferListenerAdapter - Downloaded https://repo.spring.io/milestone/org/sonatype/forge/forge-parent/5/forge-parent-5.pom
2026-02-09 19:50:22,075 [Worker-15: Importing Maven projects] INFO  o.e.m.c.i.e.AbstractTransferListenerAdapter - Downloading https://repo.maven.apache.org/maven2/org/sonatype/forge/forge-parent/5/forge-parent-5.pom
2026-02-09 19:50:22,080 [Worker-15: Importing Maven projects] INFO  o.e.m.c.i.e.AbstractTransferListenerAdapter - Downloaded https://repo.maven.apache.org/maven2/org/sonatype/forge/forge-parent/5/forge-parent-5.pom
2026-02-09 19:50:22,173 [Worker-15: Importing Maven projects] INFO  o.e.m.c.i.e.AbstractTransferListenerAdapter - Downloaded https://repo.spring.io/snapshot/org/codehaus/plexus/plexus-utils/1.5.8/plexus-utils-1.5.8.pom
2026-02-09 19:50:22,253 [Worker-15: Importing Maven projects] INFO  o.e.m.c.i.e.AbstractTransferListenerAdapter - Downloaded https://repo.spring.io/milestone/org/codehaus/plexus/plexus-utils/1.5.8/plexus-utils-1.5.8.pom
2026-02-09 19:50:22,334 [Worker-15: Importing Maven projects] INFO  o.e.m.c.i.e.AbstractTransferListenerAdapter - Downloading https://repo.maven.apache.org/maven2/org/codehaus/plexus/plexus-utils/1.5.8/plexus-utils-1.5.8.pom
2026-02-09 19:50:22,339 [Worker-15: Importing Maven projects] INFO  o.e.m.c.i.e.AbstractTransferListenerAdapter - Downloaded https://repo.maven.apache.org/maven2/org/codehaus/plexus/plexus-utils/1.5.8/plexus-utils-1.5.8.pom
2026-02-09 19:50:22,429 [Worker-15: Importing Maven projects] INFO  o.e.m.c.i.e.AbstractTransferListenerAdapter - Downloaded https://repo.spring.io/snapshot/org/codehaus/plexus/plexus-interpolation/1.24/plexus-interpolation-1.24.pom
2026-02-09 19:50:22,470 [Worker-19: Download sources and javadoc] INFO  o.e.m.c.i.e.AbstractTransferListenerAdapter - Downloading https://repo.spring.io/milestone/org/springframework/boot/spring-boot-autoconfigure/2.1.0.RC1/spring-boot-autoconfigure-2.1.0.RC1-sources.jar
2026-02-09 19:50:22,516 [Worker-15: Importing Maven projects] INFO  o.e.m.c.i.e.AbstractTransferListenerAdapter - Downloaded https://repo.spring.io/milestone/org/codehaus/plexus/plexus-interpolation/1.24/plexus-interpolation-1.24.pom
2026-02-09 19:50:22,593 [Worker-15: Importing Maven projects] INFO  o.e.m.c.i.e.AbstractTransferListenerAdapter - Downloading https://repo.maven.apache.org/maven2/org/codehaus/plexus/plexus-interpolation/1.24/plexus-interpolation-1.24.pom
2026-02-09 19:50:22,597 [Worker-15: Importing Maven projects] INFO  o.e.m.c.i.e.AbstractTransferListenerAdapter - Downloaded https://repo.maven.apache.org/maven2/org/codehaus/plexus/plexus-interpolation/1.24/plexus-interpolation-1.24.pom
2026-02-09 19:50:22,722 [Worker-15: Importing Maven projects] INFO  o.e.m.c.i.e.AbstractTransferListenerAdapter - Downloaded https://repo.spring.io/snapshot/org/apache/maven/shared/maven-filtering/3.1.1/maven-filtering-3.1.1.jar
2026-02-09 19:50:22,834 [BasicRepositoryConnector-repo.spring.io-9-2] INFO  o.e.m.c.i.e.AbstractTransferListenerAdapter - Downloaded https://repo.spring.io/snapshot/org/sonatype/plexus/plexus-build-api/0.0.7/plexus-build-api-0.0.7.jar
2026-02-09 19:50:22,837 [BasicRepositoryConnector-repo.spring.io-9-3] INFO  o.e.m.c.i.e.AbstractTransferListenerAdapter - Downloaded https://repo.spring.io/snapshot/org/codehaus/plexus/plexus-interpolation/1.24/plexus-interpolation-1.24.jar
2026-02-09 19:50:22,837 [BasicRepositoryConnector-repo.spring.io-9-0] INFO  o.e.m.c.i.e.AbstractTransferListenerAdapter - Downloaded https://repo.spring.io/snapshot/org/apache/maven/shared/maven-shared-utils/3.0.0/maven-shared-utils-3.0.0.jar
2026-02-09 19:50:22,837 [BasicRepositoryConnector-repo.spring.io-9-1] INFO  o.e.m.c.i.e.AbstractTransferListenerAdapter - Downloaded https://repo.spring.io/snapshot/com/google/code/findbugs/jsr305/2.0.1/jsr305-2.0.1.jar
2026-02-09 19:50:22,941 [Worker-15: Importing Maven projects] INFO  o.e.m.c.i.e.AbstractTransferListenerAdapter - Downloaded https://repo.spring.io/milestone/org/apache/maven/shared/maven-filtering/3.1.1/maven-filtering-3.1.1.jar
2026-02-09 19:50:23,029 [BasicRepositoryConnector-repo.spring.io-10-2] INFO  o.e.m.c.i.e.AbstractTransferListenerAdapter - Downloaded https://repo.spring.io/milestone/org/sonatype/plexus/plexus-build-api/0.0.7/plexus-build-api-0.0.7.jar
2026-02-09 19:50:23,029 [BasicRepositoryConnector-repo.spring.io-10-3] INFO  o.e.m.c.i.e.AbstractTransferListenerAdapter - Downloaded https://repo.spring.io/milestone/org/codehaus/plexus/plexus-interpolation/1.24/plexus-interpolation-1.24.jar
2026-02-09 19:50:23,032 [BasicRepositoryConnector-repo.spring.io-10-0] INFO  o.e.m.c.i.e.AbstractTransferListenerAdapter - Downloaded https://repo.spring.io/milestone/org/apache/maven/shared/maven-shared-utils/3.0.0/maven-shared-utils-3.0.0.jar
2026-02-09 19:50:23,034 [BasicRepositoryConnector-repo.spring.io-10-1] INFO  o.e.m.c.i.e.AbstractTransferListenerAdapter - Downloaded https://repo.spring.io/milestone/com/google/code/findbugs/jsr305/2.0.1/jsr305-2.0.1.jar
2026-02-09 19:50:23,053 [Worker-19: Download sources and javadoc] INFO  o.e.m.c.i.e.AbstractTransferListenerAdapter - Downloaded https://repo.spring.io/milestone/org/springframework/boot/spring-boot-autoconfigure/2.1.0.RC1/spring-boot-autoconfigure-2.1.0.RC1-sources.jar
2026-02-09 19:50:23,059 [Worker-19: Download sources and javadoc] INFO  o.e.m.j.internal.DownloadSourcesJob - Downloaded sources for org.springframework.boot:spring-boot-autoconfigure:2.1.0.RC1
2026-02-09 19:50:23,111 [Worker-15: Importing Maven projects] INFO  o.e.m.c.i.e.AbstractTransferListenerAdapter - Downloading https://repo.maven.apache.org/maven2/org/apache/maven/shared/maven-filtering/3.1.1/maven-filtering-3.1.1.jar
2026-02-09 19:50:23,117 [Worker-15: Importing Maven projects] INFO  o.e.m.c.i.e.AbstractTransferListenerAdapter - Downloaded https://repo.maven.apache.org/maven2/org/apache/maven/shared/maven-filtering/3.1.1/maven-filtering-3.1.1.jar
2026-02-09 19:50:23,179 [BasicRepositoryConnector-repo.maven.apache.org-11-2] INFO  o.e.m.c.i.e.AbstractTransferListenerAdapter - Downloading https://repo.maven.apache.org/maven2/org/sonatype/plexus/plexus-build-api/0.0.7/plexus-build-api-0.0.7.jar
2026-02-09 19:50:23,183 [BasicRepositoryConnector-repo.maven.apache.org-11-2] INFO  o.e.m.c.i.e.AbstractTransferListenerAdapter - Downloaded https://repo.maven.apache.org/maven2/org/sonatype/plexus/plexus-build-api/0.0.7/plexus-build-api-0.0.7.jar
2026-02-09 19:50:23,225 [BasicRepositoryConnector-repo.maven.apache.org-11-3] INFO  o.e.m.c.i.e.AbstractTransferListenerAdapter - Downloading https://repo.maven.apache.org/maven2/org/codehaus/plexus/plexus-interpolation/1.24/plexus-interpolation-1.24.jar
2026-02-09 19:50:23,248 [BasicRepositoryConnector-repo.maven.apache.org-11-1] INFO  o.e.m.c.i.e.AbstractTransferListenerAdapter - Downloading https://repo.maven.apache.org/maven2/com/google/code/findbugs/jsr305/2.0.1/jsr305-2.0.1.jar
2026-02-09 19:50:23,254 [BasicRepositoryConnector-repo.maven.apache.org-11-1] INFO  o.e.m.c.i.e.AbstractTransferListenerAdapter - Downloaded https://repo.maven.apache.org/maven2/com/google/code/findbugs/jsr305/2.0.1/jsr305-2.0.1.jar
2026-02-09 19:50:23,265 [BasicRepositoryConnector-repo.maven.apache.org-11-0] INFO  o.e.m.c.i.e.AbstractTransferListenerAdapter - Downloading https://repo.maven.apache.org/maven2/org/apache/maven/shared/maven-shared-utils/3.0.0/maven-shared-utils-3.0.0.jar
2026-02-09 19:50:23,275 [BasicRepositoryConnector-repo.maven.apache.org-11-3] INFO  o.e.m.c.i.e.AbstractTransferListenerAdapter - Downloaded https://repo.maven.apache.org/maven2/org/codehaus/plexus/plexus-interpolation/1.24/plexus-interpolation-1.24.jar
2026-02-09 19:50:23,275 [BasicRepositoryConnector-repo.maven.apache.org-11-0] INFO  o.e.m.c.i.e.AbstractTransferListenerAdapter - Downloaded https://repo.maven.apache.org/maven2/org/apache/maven/shared/maven-shared-utils/3.0.0/maven-shared-utils-3.0.0.jar
2026-02-09 19:50:23,402 [Worker-15: Importing Maven projects] INFO  o.e.m.j.i.AbstractJavaProjectConfigurator - Adding source folder /15/src/main/java
2026-02-09 19:50:23,405 [Worker-15: Importing Maven projects] INFO  o.e.m.j.i.AbstractJavaProjectConfigurator - Adding resource folder /15/src/main/resources
2026-02-09 19:50:23,415 [Worker-15: Importing Maven projects] INFO  o.e.m.j.i.AbstractJavaProjectConfigurator - Adding resource folder /15/src/main/resources
2026-02-09 19:50:23,421 [Worker-15: Importing Maven projects] INFO  o.e.m.j.i.AbstractJavaProjectConfigurator - Adding source folder /15/src/test/java
2026-02-09 19:50:23,423 [Worker-15: Importing Maven projects] INFO  o.e.m.j.i.AbstractJavaProjectConfigurator - Adding resource folder /15/src/test/resources
2026-02-09 19:50:23,480 [Worker-19: Download sources and javadoc] INFO  o.e.m.c.i.e.AbstractTransferListenerAdapter - Downloaded https://repo.spring.io/snapshot/org/springframework/boot/spring-boot-starter-logging/2.1.0.RC1/spring-boot-starter-logging-2.1.0.RC1-sources.jar
2026-02-09 19:50:23,577 [Worker-19: Download sources and javadoc] INFO  o.e.m.c.i.e.AbstractTransferListenerAdapter - Downloaded https://repo.spring.io/milestone/org/springframework/boot/spring-boot-starter-logging/2.1.0.RC1/spring-boot-starter-logging-2.1.0.RC1-sources.jar
2026-02-09 19:50:23,780 [Worker-15: Importing Maven projects] WARN  o.apache.maven.project.MavenProject - Direct modification of compileSourceRoots through clear() is deprecated and will not work in Maven 4.0.0. Please use the add/remove methods instead. If you're using a plugin that causes this warning, please upgrade to the latest version and report an issue if the warning persists. To disable these warnings, set -Dmaven.project.sourceRoots.warningsDisabled=true on the command line, in the .mvn/maven.config file, or in project POM properties.
2026-02-09 19:50:23,781 [Worker-15: Importing Maven projects] WARN  o.apache.maven.project.MavenProject - Direct modification of compileSourceRoots through add() is deprecated and will not work in Maven 4.0.0. Please use the add/remove methods instead. If you're using a plugin that causes this warning, please upgrade to the latest version and report an issue if the warning persists. To disable these warnings, set -Dmaven.project.sourceRoots.warningsDisabled=true on the command line, in the .mvn/maven.config file, or in project POM properties.
2026-02-09 19:50:23,781 [Worker-15: Importing Maven projects] WARN  o.apache.maven.project.MavenProject - Direct modification of testCompileSourceRoots through clear() is deprecated and will not work in Maven 4.0.0. Please use the add/remove methods instead. If you're using a plugin that causes this warning, please upgrade to the latest version and report an issue if the warning persists. To disable these warnings, set -Dmaven.project.sourceRoots.warningsDisabled=true on the command line, in the .mvn/maven.config file, or in project POM properties.
2026-02-09 19:50:23,782 [Worker-15: Importing Maven projects] WARN  o.apache.maven.project.MavenProject - Direct modification of testCompileSourceRoots through add() is deprecated and will not work in Maven 4.0.0. Please use the add/remove methods instead. If you're using a plugin that causes this warning, please upgrade to the latest version and report an issue if the warning persists. To disable these warnings, set -Dmaven.project.sourceRoots.warningsDisabled=true on the command line, in the .mvn/maven.config file, or in project POM properties.
2026-02-09 19:50:23,802 [Worker-15: Importing Maven projects] INFO  o.e.m.c.i.p.ProjectConfigurationManager - Imported and configured 1 project(s) in 98 sec
2026-02-09 19:50:23,929 [Worker-19: Download sources and javadoc] INFO  o.e.m.c.i.e.AbstractTransferListenerAdapter - Downloaded https://repo.maven.apache.org/maven2/org/springframework/boot/spring-boot-starter-logging/2.1.0.RC1/spring-boot-starter-logging-2.1.0.RC1-sources.jar
2026-02-09 19:50:23,932 [Worker-19: Download sources and javadoc] ERROR o.e.m.j.internal.DownloadSourcesJob - Could not download sources for org.springframework.boot:spring-boot-starter-logging:2.1.0.RC1
org.eclipse.core.runtime.CoreException: Could not resolve artifact org.springframework.boot:spring-boot-starter-logging:jar:sources:2.1.0.RC1
	at org.eclipse.m2e.core.internal.embedder.MavenImpl.lambda$7(MavenImpl.java:554)
	at org.eclipse.m2e.core.internal.embedder.MavenExecutionContext.executeBare(MavenExecutionContext.java:462)
	at org.eclipse.m2e.core.internal.embedder.MavenExecutionContext.execute(MavenExecutionContext.java:295)
	at org.eclipse.m2e.core.internal.embedder.MavenExecutionContext.execute(MavenExecutionContext.java:281)
	at org.eclipse.m2e.core.internal.embedder.MavenImpl.resolve(MavenImpl.java:523)
	at org.eclipse.m2e.core.internal.embedder.MavenImpl.resolve(MavenImpl.java:508)
	at org.eclipse.m2e.jdt.internal.DownloadSourcesJob.download(DownloadSourcesJob.java:308)
	at org.eclipse.m2e.jdt.internal.DownloadSourcesJob.downloadAttachments(DownloadSourcesJob.java:282)
	at org.eclipse.m2e.jdt.internal.DownloadSourcesJob.downloadMaven(DownloadSourcesJob.java:252)
	at org.eclipse.m2e.jdt.internal.DownloadSourcesJob.downloadFilesAndPopulateToUpdate(DownloadSourcesJob.java:220)
	at org.eclipse.m2e.jdt.internal.DownloadSourcesJob.lambda$0(DownloadSourcesJob.java:149)
	at org.eclipse.m2e.core.internal.embedder.MavenExecutionContext.executeBare(MavenExecutionContext.java:462)
	at org.eclipse.m2e.core.internal.embedder.MavenExecutionContext.execute(MavenExecutionContext.java:342)
	at org.eclipse.m2e.core.internal.embedder.MavenExecutionContext.execute(MavenExecutionContext.java:281)
	at org.eclipse.m2e.core.embedder.IMaven.execute(IMaven.java:300)
	at org.eclipse.m2e.jdt.internal.DownloadSourcesJob.run(DownloadSourcesJob.java:149)
	at org.eclipse.core.internal.jobs.Worker.run(Worker.java:63)
2026-02-09 19:50:24,274 [Worker-19: Download sources and javadoc] INFO  o.e.m.c.i.e.AbstractTransferListenerAdapter - Downloaded https://repo.spring.io/snapshot/ch/qos/logback/logback-classic/1.2.3/logback-classic-1.2.3-sources.jar
2026-02-09 19:50:24,356 [Worker-19: Download sources and javadoc] INFO  o.e.m.c.i.e.AbstractTransferListenerAdapter - Downloaded https://repo.spring.io/milestone/ch/qos/logback/logback-classic/1.2.3/logback-classic-1.2.3-sources.jar
2026-02-09 19:50:24,560 [Worker-19: Download sources and javadoc] INFO  o.e.m.c.i.e.AbstractTransferListenerAdapter - Downloading https://repo.maven.apache.org/maven2/ch/qos/logback/logback-classic/1.2.3/logback-classic-1.2.3-sources.jar
2026-02-09 19:50:24,618 [Worker-15: Building] INFO  o.e.m.c.i.embedder.EclipseLogger - Using 'UTF-8' encoding to copy filtered resources.
2026-02-09 19:50:24,629 [Worker-15: Building] INFO  o.e.m.c.i.embedder.EclipseLogger - Copying 1 resource
2026-02-09 19:50:24,648 [Worker-15: Building] INFO  o.e.m.c.i.embedder.EclipseLogger - Copying 0 resource
2026-02-09 19:50:24,654 [Worker-15: Building] INFO  o.e.m.c.i.embedder.EclipseLogger - Using 'UTF-8' encoding to copy filtered resources.
2026-02-09 19:50:24,655 [Worker-15: Building] INFO  o.e.m.c.i.embedder.EclipseLogger - skip non existing resourceDirectory C:\Users\SANDRA\Desktop\Universidad\2026\Semestre 5\Progra 3\Java+MavenArray\15\src\test\resources
2026-02-09 19:50:24,691 [Worker-19: Download sources and javadoc] INFO  o.e.m.c.i.e.AbstractTransferListenerAdapter - Downloaded https://repo.maven.apache.org/maven2/ch/qos/logback/logback-classic/1.2.3/logback-classic-1.2.3-sources.jar
2026-02-09 19:50:24,696 [Worker-19: Download sources and javadoc] INFO  o.e.m.j.internal.DownloadSourcesJob - Downloaded sources for ch.qos.logback:logback-classic:1.2.3
2026-02-09 19:50:25,049 [Worker-19: Download sources and javadoc] INFO  o.e.m.c.i.e.AbstractTransferListenerAdapter - Downloaded https://repo.spring.io/snapshot/ch/qos/logback/logback-core/1.2.3/logback-core-1.2.3-sources.jar
2026-02-09 19:50:25,134 [Worker-19: Download sources and javadoc] INFO  o.e.m.c.i.e.AbstractTransferListenerAdapter - Downloaded https://repo.spring.io/milestone/ch/qos/logback/logback-core/1.2.3/logback-core-1.2.3-sources.jar
2026-02-09 19:50:25,149 [Worker-15: Building] WARN  o.apache.maven.project.MavenProject - Direct modification of compileSourceRoots through clear() is deprecated and will not work in Maven 4.0.0. Please use the add/remove methods instead. If you're using a plugin that causes this warning, please upgrade to the latest version and report an issue if the warning persists. To disable these warnings, set -Dmaven.project.sourceRoots.warningsDisabled=true on the command line, in the .mvn/maven.config file, or in project POM properties.
2026-02-09 19:50:25,149 [Worker-15: Building] WARN  o.apache.maven.project.MavenProject - Direct modification of compileSourceRoots through add() is deprecated and will not work in Maven 4.0.0. Please use the add/remove methods instead. If you're using a plugin that causes this warning, please upgrade to the latest version and report an issue if the warning persists. To disable these warnings, set -Dmaven.project.sourceRoots.warningsDisabled=true on the command line, in the .mvn/maven.config file, or in project POM properties.
2026-02-09 19:50:25,153 [Worker-15: Building] WARN  o.apache.maven.project.MavenProject - Direct modification of testCompileSourceRoots through clear() is deprecated and will not work in Maven 4.0.0. Please use the add/remove methods instead. If you're using a plugin that causes this warning, please upgrade to the latest version and report an issue if the warning persists. To disable these warnings, set -Dmaven.project.sourceRoots.warningsDisabled=true on the command line, in the .mvn/maven.config file, or in project POM properties.
2026-02-09 19:50:25,153 [Worker-15: Building] WARN  o.apache.maven.project.MavenProject - Direct modification of testCompileSourceRoots through add() is deprecated and will not work in Maven 4.0.0. Please use the add/remove methods instead. If you're using a plugin that causes this warning, please upgrade to the latest version and report an issue if the warning persists. To disable these warnings, set -Dmaven.project.sourceRoots.warningsDisabled=true on the command line, in the .mvn/maven.config file, or in project POM properties.
2026-02-09 19:50:25,361 [Worker-19: Download sources and javadoc] INFO  o.e.m.c.i.e.AbstractTransferListenerAdapter - Downloading https://repo.maven.apache.org/maven2/ch/qos/logback/logback-core/1.2.3/logback-core-1.2.3-sources.jar
2026-02-09 19:50:25,539 [Worker-19: Download sources and javadoc] INFO  o.e.m.c.i.e.AbstractTransferListenerAdapter - Downloaded https://repo.maven.apache.org/maven2/ch/qos/logback/logback-core/1.2.3/logback-core-1.2.3-sources.jar
2026-02-09 19:50:25,545 [Worker-19: Download sources and javadoc] INFO  o.e.m.j.internal.DownloadSourcesJob - Downloaded sources for ch.qos.logback:logback-core:1.2.3
2026-02-09 19:50:25,868 [Worker-19: Download sources and javadoc] INFO  o.e.m.c.i.e.AbstractTransferListenerAdapter - Downloaded https://repo.spring.io/snapshot/org/apache/logging/log4j/log4j-to-slf4j/2.11.1/log4j-to-slf4j-2.11.1-sources.jar
2026-02-09 19:50:25,956 [Worker-19: Download sources and javadoc] INFO  o.e.m.c.i.e.AbstractTransferListenerAdapter - Downloaded https://repo.spring.io/milestone/org/apache/logging/log4j/log4j-to-slf4j/2.11.1/log4j-to-slf4j-2.11.1-sources.jar
2026-02-09 19:50:26,169 [Worker-19: Download sources and javadoc] INFO  o.e.m.c.i.e.AbstractTransferListenerAdapter - Downloading https://repo.maven.apache.org/maven2/org/apache/logging/log4j/log4j-to-slf4j/2.11.1/log4j-to-slf4j-2.11.1-sources.jar
2026-02-09 19:50:26,175 [Worker-19: Download sources and javadoc] INFO  o.e.m.c.i.e.AbstractTransferListenerAdapter - Downloaded https://repo.maven.apache.org/maven2/org/apache/logging/log4j/log4j-to-slf4j/2.11.1/log4j-to-slf4j-2.11.1-sources.jar
2026-02-09 19:50:26,178 [Worker-19: Download sources and javadoc] INFO  o.e.m.j.internal.DownloadSourcesJob - Downloaded sources for org.apache.logging.log4j:log4j-to-slf4j:2.11.1
2026-02-09 19:50:26,436 [Worker-19: Download sources and javadoc] INFO  o.e.m.c.i.e.AbstractTransferListenerAdapter - Downloaded https://repo.spring.io/snapshot/org/apache/logging/log4j/log4j-api/2.11.1/log4j-api-2.11.1-sources.jar
2026-02-09 19:50:26,537 [Worker-19: Download sources and javadoc] INFO  o.e.m.c.i.e.AbstractTransferListenerAdapter - Downloaded https://repo.spring.io/milestone/org/apache/logging/log4j/log4j-api/2.11.1/log4j-api-2.11.1-sources.jar
2026-02-09 19:50:26,819 [Worker-19: Download sources and javadoc] INFO  o.e.m.c.i.e.AbstractTransferListenerAdapter - Downloading https://repo.maven.apache.org/maven2/org/apache/logging/log4j/log4j-api/2.11.1/log4j-api-2.11.1-sources.jar
2026-02-09 19:50:26,998 [Worker-19: Download sources and javadoc] INFO  o.e.m.c.i.e.AbstractTransferListenerAdapter - Downloaded https://repo.maven.apache.org/maven2/org/apache/logging/log4j/log4j-api/2.11.1/log4j-api-2.11.1-sources.jar
2026-02-09 19:50:27,002 [Worker-19: Download sources and javadoc] INFO  o.e.m.j.internal.DownloadSourcesJob - Downloaded sources for org.apache.logging.log4j:log4j-api:2.11.1
2026-02-09 19:50:27,336 [Worker-19: Download sources and javadoc] INFO  o.e.m.c.i.e.AbstractTransferListenerAdapter - Downloaded https://repo.spring.io/snapshot/org/slf4j/jul-to-slf4j/1.7.25/jul-to-slf4j-1.7.25-sources.jar
2026-02-09 19:50:27,424 [Worker-19: Download sources and javadoc] INFO  o.e.m.c.i.e.AbstractTransferListenerAdapter - Downloaded https://repo.spring.io/milestone/org/slf4j/jul-to-slf4j/1.7.25/jul-to-slf4j-1.7.25-sources.jar
2026-02-09 19:50:27,608 [Worker-19: Download sources and javadoc] INFO  o.e.m.c.i.e.AbstractTransferListenerAdapter - Downloading https://repo.maven.apache.org/maven2/org/slf4j/jul-to-slf4j/1.7.25/jul-to-slf4j-1.7.25-sources.jar
2026-02-09 19:50:27,611 [Worker-19: Download sources and javadoc] INFO  o.e.m.c.i.e.AbstractTransferListenerAdapter - Downloaded https://repo.maven.apache.org/maven2/org/slf4j/jul-to-slf4j/1.7.25/jul-to-slf4j-1.7.25-sources.jar
2026-02-09 19:50:27,615 [Worker-19: Download sources and javadoc] INFO  o.e.m.j.internal.DownloadSourcesJob - Downloaded sources for org.slf4j:jul-to-slf4j:1.7.25
2026-02-09 19:50:27,967 [Worker-19: Download sources and javadoc] INFO  o.e.m.c.i.e.AbstractTransferListenerAdapter - Downloaded https://repo.spring.io/snapshot/javax/annotation/javax.annotation-api/1.3.2/javax.annotation-api-1.3.2-sources.jar
2026-02-09 19:50:28,067 [Worker-19: Download sources and javadoc] INFO  o.e.m.c.i.e.AbstractTransferListenerAdapter - Downloaded https://repo.spring.io/milestone/javax/annotation/javax.annotation-api/1.3.2/javax.annotation-api-1.3.2-sources.jar
2026-02-09 19:50:28,269 [Worker-19: Download sources and javadoc] INFO  o.e.m.c.i.e.AbstractTransferListenerAdapter - Downloading https://repo.maven.apache.org/maven2/javax/annotation/javax.annotation-api/1.3.2/javax.annotation-api-1.3.2-sources.jar
2026-02-09 19:50:28,283 [Worker-19: Download sources and javadoc] INFO  o.e.m.c.i.e.AbstractTransferListenerAdapter - Downloaded https://repo.maven.apache.org/maven2/javax/annotation/javax.annotation-api/1.3.2/javax.annotation-api-1.3.2-sources.jar
2026-02-09 19:50:28,286 [Worker-19: Download sources and javadoc] INFO  o.e.m.j.internal.DownloadSourcesJob - Downloaded sources for javax.annotation:javax.annotation-api:1.3.2
2026-02-09 19:50:28,637 [Worker-19: Download sources and javadoc] INFO  o.e.m.c.i.e.AbstractTransferListenerAdapter - Downloaded https://repo.spring.io/snapshot/org/yaml/snakeyaml/1.23/snakeyaml-1.23-sources.jar
2026-02-09 19:50:28,764 [Worker-19: Download sources and javadoc] INFO  o.e.m.c.i.e.AbstractTransferListenerAdapter - Downloaded https://repo.spring.io/milestone/org/yaml/snakeyaml/1.23/snakeyaml-1.23-sources.jar
2026-02-09 19:50:28,963 [Worker-19: Download sources and javadoc] INFO  o.e.m.c.i.e.AbstractTransferListenerAdapter - Downloading https://repo.maven.apache.org/maven2/org/yaml/snakeyaml/1.23/snakeyaml-1.23-sources.jar
2026-02-09 19:50:29,089 [Worker-19: Download sources and javadoc] INFO  o.e.m.c.i.e.AbstractTransferListenerAdapter - Downloaded https://repo.maven.apache.org/maven2/org/yaml/snakeyaml/1.23/snakeyaml-1.23-sources.jar
2026-02-09 19:50:29,092 [Worker-19: Download sources and javadoc] INFO  o.e.m.j.internal.DownloadSourcesJob - Downloaded sources for org.yaml:snakeyaml:1.23
2026-02-09 19:50:29,490 [Worker-19: Download sources and javadoc] INFO  o.e.m.c.i.e.AbstractTransferListenerAdapter - Downloaded https://repo.spring.io/snapshot/org/springframework/boot/spring-boot-starter-json/2.1.0.RC1/spring-boot-starter-json-2.1.0.RC1-sources.jar
2026-02-09 19:50:29,593 [Worker-19: Download sources and javadoc] INFO  o.e.m.c.i.e.AbstractTransferListenerAdapter - Downloaded https://repo.spring.io/milestone/org/springframework/boot/spring-boot-starter-json/2.1.0.RC1/spring-boot-starter-json-2.1.0.RC1-sources.jar
2026-02-09 19:50:29,934 [Worker-19: Download sources and javadoc] INFO  o.e.m.c.i.e.AbstractTransferListenerAdapter - Downloaded https://repo.maven.apache.org/maven2/org/springframework/boot/spring-boot-starter-json/2.1.0.RC1/spring-boot-starter-json-2.1.0.RC1-sources.jar
2026-02-09 19:50:29,936 [Worker-19: Download sources and javadoc] ERROR o.e.m.j.internal.DownloadSourcesJob - Could not download sources for org.springframework.boot:spring-boot-starter-json:2.1.0.RC1
org.eclipse.core.runtime.CoreException: Could not resolve artifact org.springframework.boot:spring-boot-starter-json:jar:sources:2.1.0.RC1
	at org.eclipse.m2e.core.internal.embedder.MavenImpl.lambda$7(MavenImpl.java:554)
	at org.eclipse.m2e.core.internal.embedder.MavenExecutionContext.executeBare(MavenExecutionContext.java:462)
	at org.eclipse.m2e.core.internal.embedder.MavenExecutionContext.execute(MavenExecutionContext.java:295)
	at org.eclipse.m2e.core.internal.embedder.MavenExecutionContext.execute(MavenExecutionContext.java:281)
	at org.eclipse.m2e.core.internal.embedder.MavenImpl.resolve(MavenImpl.java:523)
	at org.eclipse.m2e.core.internal.embedder.MavenImpl.resolve(MavenImpl.java:508)
	at org.eclipse.m2e.jdt.internal.DownloadSourcesJob.download(DownloadSourcesJob.java:308)
	at org.eclipse.m2e.jdt.internal.DownloadSourcesJob.downloadAttachments(DownloadSourcesJob.java:282)
	at org.eclipse.m2e.jdt.internal.DownloadSourcesJob.downloadMaven(DownloadSourcesJob.java:252)
	at org.eclipse.m2e.jdt.internal.DownloadSourcesJob.downloadFilesAndPopulateToUpdate(DownloadSourcesJob.java:220)
	at org.eclipse.m2e.jdt.internal.DownloadSourcesJob.lambda$0(DownloadSourcesJob.java:149)
	at org.eclipse.m2e.core.internal.embedder.MavenExecutionContext.executeBare(MavenExecutionContext.java:462)
	at org.eclipse.m2e.core.internal.embedder.MavenExecutionContext.execute(MavenExecutionContext.java:342)
	at org.eclipse.m2e.core.internal.embedder.MavenExecutionContext.execute(MavenExecutionContext.java:281)
	at org.eclipse.m2e.core.embedder.IMaven.execute(IMaven.java:300)
	at org.eclipse.m2e.jdt.internal.DownloadSourcesJob.run(DownloadSourcesJob.java:149)
	at org.eclipse.core.internal.jobs.Worker.run(Worker.java:63)
2026-02-09 19:50:30,265 [Worker-19: Download sources and javadoc] INFO  o.e.m.c.i.e.AbstractTransferListenerAdapter - Downloaded https://repo.spring.io/snapshot/com/fasterxml/jackson/core/jackson-databind/2.9.7/jackson-databind-2.9.7-sources.jar
2026-02-09 19:50:30,365 [Worker-19: Download sources and javadoc] INFO  o.e.m.c.i.e.AbstractTransferListenerAdapter - Downloaded https://repo.spring.io/milestone/com/fasterxml/jackson/core/jackson-databind/2.9.7/jackson-databind-2.9.7-sources.jar
2026-02-09 19:50:30,559 [Worker-19: Download sources and javadoc] INFO  o.e.m.c.i.e.AbstractTransferListenerAdapter - Downloading https://repo.maven.apache.org/maven2/com/fasterxml/jackson/core/jackson-databind/2.9.7/jackson-databind-2.9.7-sources.jar
2026-02-09 19:50:30,812 [Worker-19: Download sources and javadoc] INFO  o.e.m.c.i.e.AbstractTransferListenerAdapter - Downloaded https://repo.maven.apache.org/maven2/com/fasterxml/jackson/core/jackson-databind/2.9.7/jackson-databind-2.9.7-sources.jar
2026-02-09 19:50:30,816 [Worker-19: Download sources and javadoc] INFO  o.e.m.j.internal.DownloadSourcesJob - Downloaded sources for com.fasterxml.jackson.core:jackson-databind:2.9.7
2026-02-09 19:50:31,141 [Worker-19: Download sources and javadoc] INFO  o.e.m.c.i.e.AbstractTransferListenerAdapter - Downloaded https://repo.spring.io/snapshot/com/fasterxml/jackson/core/jackson-annotations/2.9.0/jackson-annotations-2.9.0-sources.jar
2026-02-09 19:50:31,231 [Worker-19: Download sources and javadoc] INFO  o.e.m.c.i.e.AbstractTransferListenerAdapter - Downloaded https://repo.spring.io/milestone/com/fasterxml/jackson/core/jackson-annotations/2.9.0/jackson-annotations-2.9.0-sources.jar
2026-02-09 19:50:31,421 [Worker-19: Download sources and javadoc] INFO  o.e.m.c.i.e.AbstractTransferListenerAdapter - Downloading https://repo.maven.apache.org/maven2/com/fasterxml/jackson/core/jackson-annotations/2.9.0/jackson-annotations-2.9.0-sources.jar
2026-02-09 19:50:31,468 [Worker-19: Download sources and javadoc] INFO  o.e.m.c.i.e.AbstractTransferListenerAdapter - Downloaded https://repo.maven.apache.org/maven2/com/fasterxml/jackson/core/jackson-annotations/2.9.0/jackson-annotations-2.9.0-sources.jar
2026-02-09 19:50:31,472 [Worker-19: Download sources and javadoc] INFO  o.e.m.j.internal.DownloadSourcesJob - Downloaded sources for com.fasterxml.jackson.core:jackson-annotations:2.9.0
2026-02-09 19:50:31,792 [Worker-19: Download sources and javadoc] INFO  o.e.m.c.i.e.AbstractTransferListenerAdapter - Downloaded https://repo.spring.io/snapshot/com/fasterxml/jackson/core/jackson-core/2.9.7/jackson-core-2.9.7-sources.jar
2026-02-09 19:50:31,881 [Worker-19: Download sources and javadoc] INFO  o.e.m.c.i.e.AbstractTransferListenerAdapter - Downloaded https://repo.spring.io/milestone/com/fasterxml/jackson/core/jackson-core/2.9.7/jackson-core-2.9.7-sources.jar
2026-02-09 19:50:32,072 [Worker-19: Download sources and javadoc] INFO  o.e.m.c.i.e.AbstractTransferListenerAdapter - Downloading https://repo.maven.apache.org/maven2/com/fasterxml/jackson/core/jackson-core/2.9.7/jackson-core-2.9.7-sources.jar
2026-02-09 19:50:32,312 [Worker-19: Download sources and javadoc] INFO  o.e.m.c.i.e.AbstractTransferListenerAdapter - Downloaded https://repo.maven.apache.org/maven2/com/fasterxml/jackson/core/jackson-core/2.9.7/jackson-core-2.9.7-sources.jar
2026-02-09 19:50:32,314 [Worker-19: Download sources and javadoc] INFO  o.e.m.j.internal.DownloadSourcesJob - Downloaded sources for com.fasterxml.jackson.core:jackson-core:2.9.7
2026-02-09 19:50:32,668 [Worker-19: Download sources and javadoc] INFO  o.e.m.c.i.e.AbstractTransferListenerAdapter - Downloaded https://repo.spring.io/snapshot/com/fasterxml/jackson/datatype/jackson-datatype-jdk8/2.9.7/jackson-datatype-jdk8-2.9.7-sources.jar
2026-02-09 19:50:32,762 [Worker-19: Download sources and javadoc] INFO  o.e.m.c.i.e.AbstractTransferListenerAdapter - Downloaded https://repo.spring.io/milestone/com/fasterxml/jackson/datatype/jackson-datatype-jdk8/2.9.7/jackson-datatype-jdk8-2.9.7-sources.jar
2026-02-09 19:50:32,970 [Worker-19: Download sources and javadoc] INFO  o.e.m.c.i.e.AbstractTransferListenerAdapter - Downloading https://repo.maven.apache.org/maven2/com/fasterxml/jackson/datatype/jackson-datatype-jdk8/2.9.7/jackson-datatype-jdk8-2.9.7-sources.jar
2026-02-09 19:50:32,987 [Worker-19: Download sources and javadoc] INFO  o.e.m.c.i.e.AbstractTransferListenerAdapter - Downloaded https://repo.maven.apache.org/maven2/com/fasterxml/jackson/datatype/jackson-datatype-jdk8/2.9.7/jackson-datatype-jdk8-2.9.7-sources.jar
2026-02-09 19:50:32,990 [Worker-19: Download sources and javadoc] INFO  o.e.m.j.internal.DownloadSourcesJob - Downloaded sources for com.fasterxml.jackson.datatype:jackson-datatype-jdk8:2.9.7
2026-02-09 19:50:33,329 [Worker-19: Download sources and javadoc] INFO  o.e.m.c.i.e.AbstractTransferListenerAdapter - Downloaded https://repo.spring.io/snapshot/com/fasterxml/jackson/datatype/jackson-datatype-jsr310/2.9.7/jackson-datatype-jsr310-2.9.7-sources.jar
2026-02-09 19:50:33,423 [Worker-19: Download sources and javadoc] INFO  o.e.m.c.i.e.AbstractTransferListenerAdapter - Downloaded https://repo.spring.io/milestone/com/fasterxml/jackson/datatype/jackson-datatype-jsr310/2.9.7/jackson-datatype-jsr310-2.9.7-sources.jar
2026-02-09 19:50:33,626 [Worker-19: Download sources and javadoc] INFO  o.e.m.c.i.e.AbstractTransferListenerAdapter - Downloading https://repo.maven.apache.org/maven2/com/fasterxml/jackson/datatype/jackson-datatype-jsr310/2.9.7/jackson-datatype-jsr310-2.9.7-sources.jar
2026-02-09 19:50:33,675 [Worker-19: Download sources and javadoc] INFO  o.e.m.c.i.e.AbstractTransferListenerAdapter - Downloaded https://repo.maven.apache.org/maven2/com/fasterxml/jackson/datatype/jackson-datatype-jsr310/2.9.7/jackson-datatype-jsr310-2.9.7-sources.jar
2026-02-09 19:50:33,679 [Worker-19: Download sources and javadoc] INFO  o.e.m.j.internal.DownloadSourcesJob - Downloaded sources for com.fasterxml.jackson.datatype:jackson-datatype-jsr310:2.9.7
2026-02-09 19:50:34,036 [Worker-19: Download sources and javadoc] INFO  o.e.m.c.i.e.AbstractTransferListenerAdapter - Downloaded https://repo.spring.io/snapshot/com/fasterxml/jackson/module/jackson-module-parameter-names/2.9.7/jackson-module-parameter-names-2.9.7-sources.jar
2026-02-09 19:50:34,130 [Worker-19: Download sources and javadoc] INFO  o.e.m.c.i.e.AbstractTransferListenerAdapter - Downloaded https://repo.spring.io/milestone/com/fasterxml/jackson/module/jackson-module-parameter-names/2.9.7/jackson-module-parameter-names-2.9.7-sources.jar
2026-02-09 19:50:34,345 [Worker-19: Download sources and javadoc] INFO  o.e.m.c.i.e.AbstractTransferListenerAdapter - Downloading https://repo.maven.apache.org/maven2/com/fasterxml/jackson/module/jackson-module-parameter-names/2.9.7/jackson-module-parameter-names-2.9.7-sources.jar
2026-02-09 19:50:34,350 [Worker-19: Download sources and javadoc] INFO  o.e.m.c.i.e.AbstractTransferListenerAdapter - Downloaded https://repo.maven.apache.org/maven2/com/fasterxml/jackson/module/jackson-module-parameter-names/2.9.7/jackson-module-parameter-names-2.9.7-sources.jar
2026-02-09 19:50:34,355 [Worker-19: Download sources and javadoc] INFO  o.e.m.j.internal.DownloadSourcesJob - Downloaded sources for com.fasterxml.jackson.module:jackson-module-parameter-names:2.9.7
2026-02-09 19:50:34,706 [Worker-19: Download sources and javadoc] INFO  o.e.m.c.i.e.AbstractTransferListenerAdapter - Downloaded https://repo.spring.io/snapshot/org/springframework/boot/spring-boot-starter-reactor-netty/2.1.0.RC1/spring-boot-starter-reactor-netty-2.1.0.RC1-sources.jar
2026-02-09 19:50:34,786 [Worker-19: Download sources and javadoc] INFO  o.e.m.c.i.e.AbstractTransferListenerAdapter - Downloaded https://repo.spring.io/milestone/org/springframework/boot/spring-boot-starter-reactor-netty/2.1.0.RC1/spring-boot-starter-reactor-netty-2.1.0.RC1-sources.jar
2026-02-09 19:50:35,116 [Worker-19: Download sources and javadoc] INFO  o.e.m.c.i.e.AbstractTransferListenerAdapter - Downloaded https://repo.maven.apache.org/maven2/org/springframework/boot/spring-boot-starter-reactor-netty/2.1.0.RC1/spring-boot-starter-reactor-netty-2.1.0.RC1-sources.jar
2026-02-09 19:50:35,118 [Worker-19: Download sources and javadoc] ERROR o.e.m.j.internal.DownloadSourcesJob - Could not download sources for org.springframework.boot:spring-boot-starter-reactor-netty:2.1.0.RC1
org.eclipse.core.runtime.CoreException: Could not resolve artifact org.springframework.boot:spring-boot-starter-reactor-netty:jar:sources:2.1.0.RC1
	at org.eclipse.m2e.core.internal.embedder.MavenImpl.lambda$7(MavenImpl.java:554)
	at org.eclipse.m2e.core.internal.embedder.MavenExecutionContext.executeBare(MavenExecutionContext.java:462)
	at org.eclipse.m2e.core.internal.embedder.MavenExecutionContext.execute(MavenExecutionContext.java:295)
	at org.eclipse.m2e.core.internal.embedder.MavenExecutionContext.execute(MavenExecutionContext.java:281)
	at org.eclipse.m2e.core.internal.embedder.MavenImpl.resolve(MavenImpl.java:523)
	at org.eclipse.m2e.core.internal.embedder.MavenImpl.resolve(MavenImpl.java:508)
	at org.eclipse.m2e.jdt.internal.DownloadSourcesJob.download(DownloadSourcesJob.java:308)
	at org.eclipse.m2e.jdt.internal.DownloadSourcesJob.downloadAttachments(DownloadSourcesJob.java:282)
	at org.eclipse.m2e.jdt.internal.DownloadSourcesJob.downloadMaven(DownloadSourcesJob.java:252)
	at org.eclipse.m2e.jdt.internal.DownloadSourcesJob.downloadFilesAndPopulateToUpdate(DownloadSourcesJob.java:220)
	at org.eclipse.m2e.jdt.internal.DownloadSourcesJob.lambda$0(DownloadSourcesJob.java:149)
	at org.eclipse.m2e.core.internal.embedder.MavenExecutionContext.executeBare(MavenExecutionContext.java:462)
	at org.eclipse.m2e.core.internal.embedder.MavenExecutionContext.execute(MavenExecutionContext.java:342)
	at org.eclipse.m2e.core.internal.embedder.MavenExecutionContext.execute(MavenExecutionContext.java:281)
	at org.eclipse.m2e.core.embedder.IMaven.execute(IMaven.java:300)
	at org.eclipse.m2e.jdt.internal.DownloadSourcesJob.run(DownloadSourcesJob.java:149)
	at org.eclipse.core.internal.jobs.Worker.run(Worker.java:63)
2026-02-09 19:50:35,573 [Worker-19: Download sources and javadoc] INFO  o.e.m.c.i.e.AbstractTransferListenerAdapter - Downloaded https://repo.spring.io/snapshot/io/projectreactor/netty/reactor-netty/0.8.1.RELEASE/reactor-netty-0.8.1.RELEASE-sources.jar
2026-02-09 19:50:35,686 [Worker-19: Download sources and javadoc] INFO  o.e.m.c.i.e.AbstractTransferListenerAdapter - Downloaded https://repo.spring.io/milestone/io/projectreactor/netty/reactor-netty/0.8.1.RELEASE/reactor-netty-0.8.1.RELEASE-sources.jar
2026-02-09 19:50:36,345 [Worker-19: Download sources and javadoc] INFO  o.e.m.c.i.e.AbstractTransferListenerAdapter - Downloading https://repo.maven.apache.org/maven2/io/projectreactor/netty/reactor-netty/0.8.1.RELEASE/reactor-netty-0.8.1.RELEASE-sources.jar
2026-02-09 19:50:36,473 [Worker-19: Download sources and javadoc] INFO  o.e.m.c.i.e.AbstractTransferListenerAdapter - Downloaded https://repo.maven.apache.org/maven2/io/projectreactor/netty/reactor-netty/0.8.1.RELEASE/reactor-netty-0.8.1.RELEASE-sources.jar
2026-02-09 19:50:36,476 [Worker-19: Download sources and javadoc] INFO  o.e.m.j.internal.DownloadSourcesJob - Downloaded sources for io.projectreactor.netty:reactor-netty:0.8.1.RELEASE
2026-02-09 19:50:36,828 [Worker-19: Download sources and javadoc] INFO  o.e.m.c.i.e.AbstractTransferListenerAdapter - Downloaded https://repo.spring.io/snapshot/io/netty/netty-codec-http/4.1.29.Final/netty-codec-http-4.1.29.Final-sources.jar
2026-02-09 19:50:36,919 [Worker-19: Download sources and javadoc] INFO  o.e.m.c.i.e.AbstractTransferListenerAdapter - Downloaded https://repo.spring.io/milestone/io/netty/netty-codec-http/4.1.29.Final/netty-codec-http-4.1.29.Final-sources.jar
2026-02-09 19:50:37,136 [Worker-19: Download sources and javadoc] INFO  o.e.m.c.i.e.AbstractTransferListenerAdapter - Downloading https://repo.maven.apache.org/maven2/io/netty/netty-codec-http/4.1.29.Final/netty-codec-http-4.1.29.Final-sources.jar
2026-02-09 19:50:37,320 [Worker-19: Download sources and javadoc] INFO  o.e.m.c.i.e.AbstractTransferListenerAdapter - Downloaded https://repo.maven.apache.org/maven2/io/netty/netty-codec-http/4.1.29.Final/netty-codec-http-4.1.29.Final-sources.jar
2026-02-09 19:50:37,325 [Worker-19: Download sources and javadoc] INFO  o.e.m.j.internal.DownloadSourcesJob - Downloaded sources for io.netty:netty-codec-http:4.1.29.Final
2026-02-09 19:50:37,715 [Worker-19: Download sources and javadoc] INFO  o.e.m.c.i.e.AbstractTransferListenerAdapter - Downloaded https://repo.spring.io/snapshot/io/netty/netty-codec/4.1.29.Final/netty-codec-4.1.29.Final-sources.jar
2026-02-09 19:50:37,821 [Worker-19: Download sources and javadoc] INFO  o.e.m.c.i.e.AbstractTransferListenerAdapter - Downloaded https://repo.spring.io/milestone/io/netty/netty-codec/4.1.29.Final/netty-codec-4.1.29.Final-sources.jar
2026-02-09 19:50:38,019 [Worker-19: Download sources and javadoc] INFO  o.e.m.c.i.e.AbstractTransferListenerAdapter - Downloading https://repo.maven.apache.org/maven2/io/netty/netty-codec/4.1.29.Final/netty-codec-4.1.29.Final-sources.jar
2026-02-09 19:50:38,142 [Worker-19: Download sources and javadoc] INFO  o.e.m.c.i.e.AbstractTransferListenerAdapter - Downloaded https://repo.maven.apache.org/maven2/io/netty/netty-codec/4.1.29.Final/netty-codec-4.1.29.Final-sources.jar
2026-02-09 19:50:38,146 [Worker-19: Download sources and javadoc] INFO  o.e.m.j.internal.DownloadSourcesJob - Downloaded sources for io.netty:netty-codec:4.1.29.Final
2026-02-09 19:50:38,575 [Worker-19: Download sources and javadoc] INFO  o.e.m.c.i.e.AbstractTransferListenerAdapter - Downloaded https://repo.spring.io/snapshot/io/netty/netty-codec-http2/4.1.29.Final/netty-codec-http2-4.1.29.Final-sources.jar
2026-02-09 19:50:38,699 [Worker-19: Download sources and javadoc] INFO  o.e.m.c.i.e.AbstractTransferListenerAdapter - Downloaded https://repo.spring.io/milestone/io/netty/netty-codec-http2/4.1.29.Final/netty-codec-http2-4.1.29.Final-sources.jar
2026-02-09 19:50:39,067 [Worker-19: Download sources and javadoc] INFO  o.e.m.c.i.e.AbstractTransferListenerAdapter - Downloading https://repo.maven.apache.org/maven2/io/netty/netty-codec-http2/4.1.29.Final/netty-codec-http2-4.1.29.Final-sources.jar
2026-02-09 19:50:39,226 [Worker-19: Download sources and javadoc] INFO  o.e.m.c.i.e.AbstractTransferListenerAdapter - Downloaded https://repo.maven.apache.org/maven2/io/netty/netty-codec-http2/4.1.29.Final/netty-codec-http2-4.1.29.Final-sources.jar
2026-02-09 19:50:39,230 [Worker-19: Download sources and javadoc] INFO  o.e.m.j.internal.DownloadSourcesJob - Downloaded sources for io.netty:netty-codec-http2:4.1.29.Final
2026-02-09 19:50:39,572 [Worker-19: Download sources and javadoc] INFO  o.e.m.c.i.e.AbstractTransferListenerAdapter - Downloaded https://repo.spring.io/snapshot/io/netty/netty-handler/4.1.29.Final/netty-handler-4.1.29.Final-sources.jar
2026-02-09 19:50:39,670 [Worker-19: Download sources and javadoc] INFO  o.e.m.c.i.e.AbstractTransferListenerAdapter - Downloaded https://repo.spring.io/milestone/io/netty/netty-handler/4.1.29.Final/netty-handler-4.1.29.Final-sources.jar
2026-02-09 19:50:39,861 [Worker-19: Download sources and javadoc] INFO  o.e.m.c.i.e.AbstractTransferListenerAdapter - Downloading https://repo.maven.apache.org/maven2/io/netty/netty-handler/4.1.29.Final/netty-handler-4.1.29.Final-sources.jar
2026-02-09 19:50:40,040 [Worker-19: Download sources and javadoc] INFO  o.e.m.c.i.e.AbstractTransferListenerAdapter - Downloaded https://repo.maven.apache.org/maven2/io/netty/netty-handler/4.1.29.Final/netty-handler-4.1.29.Final-sources.jar
2026-02-09 19:50:40,043 [Worker-19: Download sources and javadoc] INFO  o.e.m.j.internal.DownloadSourcesJob - Downloaded sources for io.netty:netty-handler:4.1.29.Final
2026-02-09 19:50:40,376 [Worker-19: Download sources and javadoc] INFO  o.e.m.c.i.e.AbstractTransferListenerAdapter - Downloaded https://repo.spring.io/snapshot/io/netty/netty-buffer/4.1.29.Final/netty-buffer-4.1.29.Final-sources.jar
2026-02-09 19:50:40,457 [Worker-19: Download sources and javadoc] INFO  o.e.m.c.i.e.AbstractTransferListenerAdapter - Downloaded https://repo.spring.io/milestone/io/netty/netty-buffer/4.1.29.Final/netty-buffer-4.1.29.Final-sources.jar
2026-02-09 19:50:40,703 [Worker-19: Download sources and javadoc] INFO  o.e.m.c.i.e.AbstractTransferListenerAdapter - Downloading https://repo.maven.apache.org/maven2/io/netty/netty-buffer/4.1.29.Final/netty-buffer-4.1.29.Final-sources.jar
2026-02-09 19:50:40,801 [Worker-19: Download sources and javadoc] INFO  o.e.m.c.i.e.AbstractTransferListenerAdapter - Downloaded https://repo.maven.apache.org/maven2/io/netty/netty-buffer/4.1.29.Final/netty-buffer-4.1.29.Final-sources.jar
2026-02-09 19:50:40,804 [Worker-19: Download sources and javadoc] INFO  o.e.m.j.internal.DownloadSourcesJob - Downloaded sources for io.netty:netty-buffer:4.1.29.Final
2026-02-09 19:50:41,331 [Worker-19: Download sources and javadoc] INFO  o.e.m.c.i.e.AbstractTransferListenerAdapter - Downloaded https://repo.spring.io/snapshot/io/netty/netty-transport/4.1.29.Final/netty-transport-4.1.29.Final-sources.jar
2026-02-09 19:50:41,446 [Worker-19: Download sources and javadoc] INFO  o.e.m.c.i.e.AbstractTransferListenerAdapter - Downloaded https://repo.spring.io/milestone/io/netty/netty-transport/4.1.29.Final/netty-transport-4.1.29.Final-sources.jar
2026-02-09 19:50:41,742 [Worker-19: Download sources and javadoc] INFO  o.e.m.c.i.e.AbstractTransferListenerAdapter - Downloading https://repo.maven.apache.org/maven2/io/netty/netty-transport/4.1.29.Final/netty-transport-4.1.29.Final-sources.jar
2026-02-09 19:50:41,911 [Worker-19: Download sources and javadoc] INFO  o.e.m.c.i.e.AbstractTransferListenerAdapter - Downloaded https://repo.maven.apache.org/maven2/io/netty/netty-transport/4.1.29.Final/netty-transport-4.1.29.Final-sources.jar
2026-02-09 19:50:41,918 [Worker-19: Download sources and javadoc] INFO  o.e.m.j.internal.DownloadSourcesJob - Downloaded sources for io.netty:netty-transport:4.1.29.Final
2026-02-09 19:50:42,246 [Worker-19: Download sources and javadoc] INFO  o.e.m.c.i.e.AbstractTransferListenerAdapter - Downloaded https://repo.spring.io/snapshot/io/netty/netty-resolver/4.1.29.Final/netty-resolver-4.1.29.Final-sources.jar
2026-02-09 19:50:42,338 [Worker-19: Download sources and javadoc] INFO  o.e.m.c.i.e.AbstractTransferListenerAdapter - Downloaded https://repo.spring.io/milestone/io/netty/netty-resolver/4.1.29.Final/netty-resolver-4.1.29.Final-sources.jar
2026-02-09 19:50:42,647 [Worker-19: Download sources and javadoc] INFO  o.e.m.c.i.e.AbstractTransferListenerAdapter - Downloading https://repo.maven.apache.org/maven2/io/netty/netty-resolver/4.1.29.Final/netty-resolver-4.1.29.Final-sources.jar
2026-02-09 19:50:42,700 [Worker-19: Download sources and javadoc] INFO  o.e.m.c.i.e.AbstractTransferListenerAdapter - Downloaded https://repo.maven.apache.org/maven2/io/netty/netty-resolver/4.1.29.Final/netty-resolver-4.1.29.Final-sources.jar
2026-02-09 19:50:42,721 [Worker-19: Download sources and javadoc] INFO  o.e.m.j.internal.DownloadSourcesJob - Downloaded sources for io.netty:netty-resolver:4.1.29.Final
2026-02-09 19:50:43,001 [Worker-19: Download sources and javadoc] INFO  o.e.m.c.i.e.AbstractTransferListenerAdapter - Downloaded https://repo.spring.io/snapshot/io/netty/netty-handler-proxy/4.1.29.Final/netty-handler-proxy-4.1.29.Final-sources.jar
2026-02-09 19:50:43,095 [Worker-19: Download sources and javadoc] INFO  o.e.m.c.i.e.AbstractTransferListenerAdapter - Downloaded https://repo.spring.io/milestone/io/netty/netty-handler-proxy/4.1.29.Final/netty-handler-proxy-4.1.29.Final-sources.jar
2026-02-09 19:50:43,335 [Worker-19: Download sources and javadoc] INFO  o.e.m.c.i.e.AbstractTransferListenerAdapter - Downloading https://repo.maven.apache.org/maven2/io/netty/netty-handler-proxy/4.1.29.Final/netty-handler-proxy-4.1.29.Final-sources.jar
2026-02-09 19:50:43,338 [Worker-19: Download sources and javadoc] INFO  o.e.m.c.i.e.AbstractTransferListenerAdapter - Downloaded https://repo.maven.apache.org/maven2/io/netty/netty-handler-proxy/4.1.29.Final/netty-handler-proxy-4.1.29.Final-sources.jar
2026-02-09 19:50:43,341 [Worker-19: Download sources and javadoc] INFO  o.e.m.j.internal.DownloadSourcesJob - Downloaded sources for io.netty:netty-handler-proxy:4.1.29.Final
2026-02-09 19:50:43,693 [Worker-19: Download sources and javadoc] INFO  o.e.m.c.i.e.AbstractTransferListenerAdapter - Downloaded https://repo.spring.io/snapshot/io/netty/netty-codec-socks/4.1.29.Final/netty-codec-socks-4.1.29.Final-sources.jar
2026-02-09 19:50:43,780 [Worker-19: Download sources and javadoc] INFO  o.e.m.c.i.e.AbstractTransferListenerAdapter - Downloaded https://repo.spring.io/milestone/io/netty/netty-codec-socks/4.1.29.Final/netty-codec-socks-4.1.29.Final-sources.jar
2026-02-09 19:50:44,007 [Worker-19: Download sources and javadoc] INFO  o.e.m.c.i.e.AbstractTransferListenerAdapter - Downloading https://repo.maven.apache.org/maven2/io/netty/netty-codec-socks/4.1.29.Final/netty-codec-socks-4.1.29.Final-sources.jar
2026-02-09 19:50:44,072 [Worker-19: Download sources and javadoc] INFO  o.e.m.c.i.e.AbstractTransferListenerAdapter - Downloaded https://repo.maven.apache.org/maven2/io/netty/netty-codec-socks/4.1.29.Final/netty-codec-socks-4.1.29.Final-sources.jar
2026-02-09 19:50:44,075 [Worker-19: Download sources and javadoc] INFO  o.e.m.j.internal.DownloadSourcesJob - Downloaded sources for io.netty:netty-codec-socks:4.1.29.Final
2026-02-09 19:50:44,426 [Worker-19: Download sources and javadoc] INFO  o.e.m.c.i.e.AbstractTransferListenerAdapter - Downloaded https://repo.spring.io/snapshot/io/netty/netty-transport-native-epoll/4.1.29.Final/netty-transport-native-epoll-4.1.29.Final-sources.jar
2026-02-09 19:50:44,624 [Worker-19: Download sources and javadoc] INFO  o.e.m.c.i.e.AbstractTransferListenerAdapter - Downloaded https://repo.spring.io/milestone/io/netty/netty-transport-native-epoll/4.1.29.Final/netty-transport-native-epoll-4.1.29.Final-sources.jar
2026-02-09 19:50:44,951 [Worker-19: Download sources and javadoc] INFO  o.e.m.c.i.e.AbstractTransferListenerAdapter - Downloading https://repo.maven.apache.org/maven2/io/netty/netty-transport-native-epoll/4.1.29.Final/netty-transport-native-epoll-4.1.29.Final-sources.jar
2026-02-09 19:50:45,001 [Worker-19: Download sources and javadoc] INFO  o.e.m.c.i.e.AbstractTransferListenerAdapter - Downloaded https://repo.maven.apache.org/maven2/io/netty/netty-transport-native-epoll/4.1.29.Final/netty-transport-native-epoll-4.1.29.Final-sources.jar
2026-02-09 19:50:45,004 [Worker-19: Download sources and javadoc] INFO  o.e.m.j.internal.DownloadSourcesJob - Downloaded sources for io.netty:netty-transport-native-epoll:4.1.29.Finallinux-x86_64
2026-02-09 19:50:45,352 [Worker-19: Download sources and javadoc] INFO  o.e.m.c.i.e.AbstractTransferListenerAdapter - Downloaded https://repo.spring.io/snapshot/io/netty/netty-common/4.1.29.Final/netty-common-4.1.29.Final-sources.jar
2026-02-09 19:50:45,478 [Worker-19: Download sources and javadoc] INFO  o.e.m.c.i.e.AbstractTransferListenerAdapter - Downloaded https://repo.spring.io/milestone/io/netty/netty-common/4.1.29.Final/netty-common-4.1.29.Final-sources.jar
2026-02-09 19:50:45,858 [Worker-19: Download sources and javadoc] INFO  o.e.m.c.i.e.AbstractTransferListenerAdapter - Downloading https://repo.maven.apache.org/maven2/io/netty/netty-common/4.1.29.Final/netty-common-4.1.29.Final-sources.jar
2026-02-09 19:50:46,639 [Worker-19: Download sources and javadoc] INFO  o.e.m.c.i.e.AbstractTransferListenerAdapter - Downloaded https://repo.maven.apache.org/maven2/io/netty/netty-common/4.1.29.Final/netty-common-4.1.29.Final-sources.jar
2026-02-09 19:50:46,641 [Worker-19: Download sources and javadoc] INFO  o.e.m.j.internal.DownloadSourcesJob - Downloaded sources for io.netty:netty-common:4.1.29.Final
2026-02-09 19:50:47,081 [Worker-19: Download sources and javadoc] INFO  o.e.m.c.i.e.AbstractTransferListenerAdapter - Downloaded https://repo.spring.io/snapshot/io/netty/netty-transport-native-unix-common/4.1.29.Final/netty-transport-native-unix-common-4.1.29.Final-sources.jar
2026-02-09 19:50:47,206 [Worker-19: Download sources and javadoc] INFO  o.e.m.c.i.e.AbstractTransferListenerAdapter - Downloaded https://repo.spring.io/milestone/io/netty/netty-transport-native-unix-common/4.1.29.Final/netty-transport-native-unix-common-4.1.29.Final-sources.jar
2026-02-09 19:50:47,579 [Worker-19: Download sources and javadoc] INFO  o.e.m.c.i.e.AbstractTransferListenerAdapter - Downloading https://repo.maven.apache.org/maven2/io/netty/netty-transport-native-unix-common/4.1.29.Final/netty-transport-native-unix-common-4.1.29.Final-sources.jar
2026-02-09 19:50:47,607 [Worker-19: Download sources and javadoc] INFO  o.e.m.c.i.e.AbstractTransferListenerAdapter - Downloaded https://repo.maven.apache.org/maven2/io/netty/netty-transport-native-unix-common/4.1.29.Final/netty-transport-native-unix-common-4.1.29.Final-sources.jar
2026-02-09 19:50:47,611 [Worker-19: Download sources and javadoc] INFO  o.e.m.j.internal.DownloadSourcesJob - Downloaded sources for io.netty:netty-transport-native-unix-common:4.1.29.Final
2026-02-09 19:50:48,079 [Worker-19: Download sources and javadoc] INFO  o.e.m.c.i.e.AbstractTransferListenerAdapter - Downloaded https://repo.spring.io/snapshot/org/hibernate/validator/hibernate-validator/6.0.13.Final/hibernate-validator-6.0.13.Final-sources.jar
2026-02-09 19:50:48,205 [Worker-19: Download sources and javadoc] INFO  o.e.m.c.i.e.AbstractTransferListenerAdapter - Downloaded https://repo.spring.io/milestone/org/hibernate/validator/hibernate-validator/6.0.13.Final/hibernate-validator-6.0.13.Final-sources.jar
2026-02-09 19:50:48,579 [Worker-19: Download sources and javadoc] INFO  o.e.m.c.i.e.AbstractTransferListenerAdapter - Downloading https://repo.maven.apache.org/maven2/org/hibernate/validator/hibernate-validator/6.0.13.Final/hibernate-validator-6.0.13.Final-sources.jar
2026-02-09 19:50:50,324 [Worker-19: Download sources and javadoc] INFO  o.e.m.c.i.e.AbstractTransferListenerAdapter - Downloaded https://repo.maven.apache.org/maven2/org/hibernate/validator/hibernate-validator/6.0.13.Final/hibernate-validator-6.0.13.Final-sources.jar
2026-02-09 19:50:50,328 [Worker-19: Download sources and javadoc] INFO  o.e.m.j.internal.DownloadSourcesJob - Downloaded sources for org.hibernate.validator:hibernate-validator:6.0.13.Final
2026-02-09 19:50:50,968 [Worker-19: Download sources and javadoc] INFO  o.e.m.c.i.e.AbstractTransferListenerAdapter - Downloaded https://repo.spring.io/snapshot/javax/validation/validation-api/2.0.1.Final/validation-api-2.0.1.Final-sources.jar
2026-02-09 19:50:51,098 [Worker-19: Download sources and javadoc] INFO  o.e.m.c.i.e.AbstractTransferListenerAdapter - Downloaded https://repo.spring.io/milestone/javax/validation/validation-api/2.0.1.Final/validation-api-2.0.1.Final-sources.jar
2026-02-09 19:50:51,278 [Worker-19: Download sources and javadoc] INFO  o.e.m.c.i.e.AbstractTransferListenerAdapter - Downloading https://repo.maven.apache.org/maven2/javax/validation/validation-api/2.0.1.Final/validation-api-2.0.1.Final-sources.jar
2026-02-09 19:50:51,343 [Worker-19: Download sources and javadoc] INFO  o.e.m.c.i.e.AbstractTransferListenerAdapter - Downloaded https://repo.maven.apache.org/maven2/javax/validation/validation-api/2.0.1.Final/validation-api-2.0.1.Final-sources.jar
2026-02-09 19:50:51,345 [Worker-19: Download sources and javadoc] INFO  o.e.m.j.internal.DownloadSourcesJob - Downloaded sources for javax.validation:validation-api:2.0.1.Final
2026-02-09 19:50:51,730 [Worker-19: Download sources and javadoc] INFO  o.e.m.c.i.e.AbstractTransferListenerAdapter - Downloaded https://repo.spring.io/snapshot/org/jboss/logging/jboss-logging/3.3.2.Final/jboss-logging-3.3.2.Final-sources.jar
2026-02-09 19:50:51,832 [Worker-19: Download sources and javadoc] INFO  o.e.m.c.i.e.AbstractTransferListenerAdapter - Downloaded https://repo.spring.io/milestone/org/jboss/logging/jboss-logging/3.3.2.Final/jboss-logging-3.3.2.Final-sources.jar
2026-02-09 19:50:52,036 [Worker-19: Download sources and javadoc] INFO  o.e.m.c.i.e.AbstractTransferListenerAdapter - Downloading https://repo.maven.apache.org/maven2/org/jboss/logging/jboss-logging/3.3.2.Final/jboss-logging-3.3.2.Final-sources.jar
2026-02-09 19:50:52,041 [Worker-19: Download sources and javadoc] INFO  o.e.m.c.i.e.AbstractTransferListenerAdapter - Downloaded https://repo.maven.apache.org/maven2/org/jboss/logging/jboss-logging/3.3.2.Final/jboss-logging-3.3.2.Final-sources.jar
2026-02-09 19:50:52,044 [Worker-19: Download sources and javadoc] INFO  o.e.m.j.internal.DownloadSourcesJob - Downloaded sources for org.jboss.logging:jboss-logging:3.3.2.Final
2026-02-09 19:50:52,492 [Worker-19: Download sources and javadoc] INFO  o.e.m.c.i.e.AbstractTransferListenerAdapter - Downloaded https://repo.spring.io/snapshot/com/fasterxml/classmate/1.4.0/classmate-1.4.0-sources.jar
2026-02-09 19:50:52,611 [Worker-19: Download sources and javadoc] INFO  o.e.m.c.i.e.AbstractTransferListenerAdapter - Downloaded https://repo.spring.io/milestone/com/fasterxml/classmate/1.4.0/classmate-1.4.0-sources.jar
2026-02-09 19:50:52,807 [Worker-19: Download sources and javadoc] INFO  o.e.m.c.i.e.AbstractTransferListenerAdapter - Downloading https://repo.maven.apache.org/maven2/com/fasterxml/classmate/1.4.0/classmate-1.4.0-sources.jar
2026-02-09 19:50:52,815 [Worker-19: Download sources and javadoc] INFO  o.e.m.c.i.e.AbstractTransferListenerAdapter - Downloaded https://repo.maven.apache.org/maven2/com/fasterxml/classmate/1.4.0/classmate-1.4.0-sources.jar
2026-02-09 19:50:52,818 [Worker-19: Download sources and javadoc] INFO  o.e.m.j.internal.DownloadSourcesJob - Downloaded sources for com.fasterxml:classmate:1.4.0
2026-02-09 19:50:53,149 [Worker-19: Download sources and javadoc] INFO  o.e.m.c.i.e.AbstractTransferListenerAdapter - Downloaded https://repo.spring.io/snapshot/org/springframework/spring-web/5.1.1.RELEASE/spring-web-5.1.1.RELEASE-sources.jar
2026-02-09 19:50:53,236 [Worker-19: Download sources and javadoc] INFO  o.e.m.c.i.e.AbstractTransferListenerAdapter - Downloaded https://repo.spring.io/milestone/org/springframework/spring-web/5.1.1.RELEASE/spring-web-5.1.1.RELEASE-sources.jar
2026-02-09 19:50:53,668 [Worker-19: Download sources and javadoc] INFO  o.e.m.c.i.e.AbstractTransferListenerAdapter - Downloading https://repo.maven.apache.org/maven2/org/springframework/spring-web/5.1.1.RELEASE/spring-web-5.1.1.RELEASE-sources.jar
2026-02-09 19:50:53,979 [Worker-19: Download sources and javadoc] INFO  o.e.m.c.i.e.AbstractTransferListenerAdapter - Downloaded https://repo.maven.apache.org/maven2/org/springframework/spring-web/5.1.1.RELEASE/spring-web-5.1.1.RELEASE-sources.jar
2026-02-09 19:50:53,981 [Worker-19: Download sources and javadoc] INFO  o.e.m.j.internal.DownloadSourcesJob - Downloaded sources for org.springframework:spring-web:5.1.1.RELEASE
2026-02-09 19:50:54,319 [Worker-19: Download sources and javadoc] INFO  o.e.m.c.i.e.AbstractTransferListenerAdapter - Downloaded https://repo.spring.io/snapshot/org/springframework/spring-beans/5.1.1.RELEASE/spring-beans-5.1.1.RELEASE-sources.jar
2026-02-09 19:50:54,416 [Worker-19: Download sources and javadoc] INFO  o.e.m.c.i.e.AbstractTransferListenerAdapter - Downloaded https://repo.spring.io/milestone/org/springframework/spring-beans/5.1.1.RELEASE/spring-beans-5.1.1.RELEASE-sources.jar
2026-02-09 19:50:54,653 [Worker-19: Download sources and javadoc] INFO  o.e.m.c.i.e.AbstractTransferListenerAdapter - Downloading https://repo.maven.apache.org/maven2/org/springframework/spring-beans/5.1.1.RELEASE/spring-beans-5.1.1.RELEASE-sources.jar
2026-02-09 19:50:54,891 [Worker-19: Download sources and javadoc] INFO  o.e.m.c.i.e.AbstractTransferListenerAdapter - Downloaded https://repo.maven.apache.org/maven2/org/springframework/spring-beans/5.1.1.RELEASE/spring-beans-5.1.1.RELEASE-sources.jar
2026-02-09 19:50:54,894 [Worker-19: Download sources and javadoc] INFO  o.e.m.j.internal.DownloadSourcesJob - Downloaded sources for org.springframework:spring-beans:5.1.1.RELEASE
2026-02-09 19:50:55,144 [Worker-19: Download sources and javadoc] INFO  o.e.m.c.i.e.AbstractTransferListenerAdapter - Downloaded https://repo.spring.io/snapshot/org/springframework/spring-webflux/5.1.1.RELEASE/spring-webflux-5.1.1.RELEASE-sources.jar
2026-02-09 19:50:55,236 [Worker-19: Download sources and javadoc] INFO  o.e.m.c.i.e.AbstractTransferListenerAdapter - Downloaded https://repo.spring.io/milestone/org/springframework/spring-webflux/5.1.1.RELEASE/spring-webflux-5.1.1.RELEASE-sources.jar
2026-02-09 19:50:55,662 [Worker-19: Download sources and javadoc] INFO  o.e.m.c.i.e.AbstractTransferListenerAdapter - Downloading https://repo.maven.apache.org/maven2/org/springframework/spring-webflux/5.1.1.RELEASE/spring-webflux-5.1.1.RELEASE-sources.jar
2026-02-09 19:50:55,847 [Worker-19: Download sources and javadoc] INFO  o.e.m.c.i.e.AbstractTransferListenerAdapter - Downloaded https://repo.maven.apache.org/maven2/org/springframework/spring-webflux/5.1.1.RELEASE/spring-webflux-5.1.1.RELEASE-sources.jar
2026-02-09 19:50:55,850 [Worker-19: Download sources and javadoc] INFO  o.e.m.j.internal.DownloadSourcesJob - Downloaded sources for org.springframework:spring-webflux:5.1.1.RELEASE
2026-02-09 19:50:56,188 [Worker-19: Download sources and javadoc] INFO  o.e.m.c.i.e.AbstractTransferListenerAdapter - Downloaded https://repo.spring.io/snapshot/io/projectreactor/reactor-core/3.2.1.RELEASE/reactor-core-3.2.1.RELEASE-sources.jar
2026-02-09 19:50:56,278 [Worker-19: Download sources and javadoc] INFO  o.e.m.c.i.e.AbstractTransferListenerAdapter - Downloaded https://repo.spring.io/milestone/io/projectreactor/reactor-core/3.2.1.RELEASE/reactor-core-3.2.1.RELEASE-sources.jar
2026-02-09 19:50:56,624 [Worker-19: Download sources and javadoc] INFO  o.e.m.c.i.e.AbstractTransferListenerAdapter - Downloading https://repo.maven.apache.org/maven2/io/projectreactor/reactor-core/3.2.1.RELEASE/reactor-core-3.2.1.RELEASE-sources.jar
2026-02-09 19:50:56,863 [Worker-19: Download sources and javadoc] INFO  o.e.m.c.i.e.AbstractTransferListenerAdapter - Downloaded https://repo.maven.apache.org/maven2/io/projectreactor/reactor-core/3.2.1.RELEASE/reactor-core-3.2.1.RELEASE-sources.jar
2026-02-09 19:50:56,866 [Worker-19: Download sources and javadoc] INFO  o.e.m.j.internal.DownloadSourcesJob - Downloaded sources for io.projectreactor:reactor-core:3.2.1.RELEASE
2026-02-09 19:50:57,321 [Worker-19: Download sources and javadoc] INFO  o.e.m.c.i.e.AbstractTransferListenerAdapter - Downloaded https://repo.spring.io/snapshot/org/reactivestreams/reactive-streams/1.0.2/reactive-streams-1.0.2-sources.jar
2026-02-09 19:50:57,433 [Worker-19: Download sources and javadoc] INFO  o.e.m.c.i.e.AbstractTransferListenerAdapter - Downloaded https://repo.spring.io/milestone/org/reactivestreams/reactive-streams/1.0.2/reactive-streams-1.0.2-sources.jar
2026-02-09 19:50:57,635 [Worker-19: Download sources and javadoc] INFO  o.e.m.c.i.e.AbstractTransferListenerAdapter - Downloading https://repo.maven.apache.org/maven2/org/reactivestreams/reactive-streams/1.0.2/reactive-streams-1.0.2-sources.jar
2026-02-09 19:50:57,652 [Worker-19: Download sources and javadoc] INFO  o.e.m.c.i.e.AbstractTransferListenerAdapter - Downloaded https://repo.maven.apache.org/maven2/org/reactivestreams/reactive-streams/1.0.2/reactive-streams-1.0.2-sources.jar
2026-02-09 19:50:57,657 [Worker-19: Download sources and javadoc] INFO  o.e.m.j.internal.DownloadSourcesJob - Downloaded sources for org.reactivestreams:reactive-streams:1.0.2
2026-02-09 19:50:58,002 [Worker-19: Download sources and javadoc] INFO  o.e.m.c.i.e.AbstractTransferListenerAdapter - Downloaded https://repo.spring.io/snapshot/org/synchronoss/cloud/nio-multipart-parser/1.1.0/nio-multipart-parser-1.1.0-sources.jar
2026-02-09 19:50:58,091 [Worker-19: Download sources and javadoc] INFO  o.e.m.c.i.e.AbstractTransferListenerAdapter - Downloaded https://repo.spring.io/milestone/org/synchronoss/cloud/nio-multipart-parser/1.1.0/nio-multipart-parser-1.1.0-sources.jar
2026-02-09 19:50:58,317 [Worker-19: Download sources and javadoc] INFO  o.e.m.c.i.e.AbstractTransferListenerAdapter - Downloading https://repo.maven.apache.org/maven2/org/synchronoss/cloud/nio-multipart-parser/1.1.0/nio-multipart-parser-1.1.0-sources.jar
2026-02-09 19:50:58,322 [Worker-19: Download sources and javadoc] INFO  o.e.m.c.i.e.AbstractTransferListenerAdapter - Downloaded https://repo.maven.apache.org/maven2/org/synchronoss/cloud/nio-multipart-parser/1.1.0/nio-multipart-parser-1.1.0-sources.jar
2026-02-09 19:50:58,326 [Worker-19: Download sources and javadoc] INFO  o.e.m.j.internal.DownloadSourcesJob - Downloaded sources for org.synchronoss.cloud:nio-multipart-parser:1.1.0
2026-02-09 19:50:58,668 [Worker-19: Download sources and javadoc] INFO  o.e.m.c.i.e.AbstractTransferListenerAdapter - Downloaded https://repo.spring.io/snapshot/org/slf4j/slf4j-api/1.7.25/slf4j-api-1.7.25-sources.jar
2026-02-09 19:50:58,769 [Worker-19: Download sources and javadoc] INFO  o.e.m.c.i.e.AbstractTransferListenerAdapter - Downloaded https://repo.spring.io/milestone/org/slf4j/slf4j-api/1.7.25/slf4j-api-1.7.25-sources.jar
2026-02-09 19:50:58,959 [Worker-19: Download sources and javadoc] INFO  o.e.m.c.i.e.AbstractTransferListenerAdapter - Downloading https://repo.maven.apache.org/maven2/org/slf4j/slf4j-api/1.7.25/slf4j-api-1.7.25-sources.jar
2026-02-09 19:50:58,979 [Worker-19: Download sources and javadoc] INFO  o.e.m.c.i.e.AbstractTransferListenerAdapter - Downloaded https://repo.maven.apache.org/maven2/org/slf4j/slf4j-api/1.7.25/slf4j-api-1.7.25-sources.jar
2026-02-09 19:50:58,982 [Worker-19: Download sources and javadoc] INFO  o.e.m.j.internal.DownloadSourcesJob - Downloaded sources for org.slf4j:slf4j-api:1.7.25
2026-02-09 19:50:59,394 [Worker-19: Download sources and javadoc] INFO  o.e.m.c.i.e.AbstractTransferListenerAdapter - Downloaded https://repo.spring.io/snapshot/org/synchronoss/cloud/nio-stream-storage/1.1.3/nio-stream-storage-1.1.3-sources.jar
2026-02-09 19:50:59,503 [Worker-19: Download sources and javadoc] INFO  o.e.m.c.i.e.AbstractTransferListenerAdapter - Downloaded https://repo.spring.io/milestone/org/synchronoss/cloud/nio-stream-storage/1.1.3/nio-stream-storage-1.1.3-sources.jar
2026-02-09 19:50:59,692 [Worker-19: Download sources and javadoc] INFO  o.e.m.c.i.e.AbstractTransferListenerAdapter - Downloading https://repo.maven.apache.org/maven2/org/synchronoss/cloud/nio-stream-storage/1.1.3/nio-stream-storage-1.1.3-sources.jar
2026-02-09 19:50:59,697 [Worker-19: Download sources and javadoc] INFO  o.e.m.c.i.e.AbstractTransferListenerAdapter - Downloaded https://repo.maven.apache.org/maven2/org/synchronoss/cloud/nio-stream-storage/1.1.3/nio-stream-storage-1.1.3-sources.jar
2026-02-09 19:50:59,701 [Worker-19: Download sources and javadoc] INFO  o.e.m.j.internal.DownloadSourcesJob - Downloaded sources for org.synchronoss.cloud:nio-stream-storage:1.1.3
2026-02-09 19:51:00,095 [Worker-19: Download sources and javadoc] INFO  o.e.m.c.i.e.AbstractTransferListenerAdapter - Downloading https://repo.spring.io/snapshot/org/springframework/fu/spring-fu-jafu/0.0.3.BUILD-SNAPSHOT/spring-fu-jafu-0.0.3.BUILD-20181220.093735-57-sources.jar
2026-02-09 19:51:00,153 [Worker-19: Download sources and javadoc] INFO  o.e.m.c.i.e.AbstractTransferListenerAdapter - Downloaded https://repo.spring.io/snapshot/org/springframework/fu/spring-fu-jafu/0.0.3.BUILD-SNAPSHOT/spring-fu-jafu-0.0.3.BUILD-20181220.093735-57-sources.jar
2026-02-09 19:51:00,162 [Worker-19: Download sources and javadoc] INFO  o.e.m.j.internal.DownloadSourcesJob - Downloaded sources for org.springframework.fu:spring-fu-jafu:0.0.3.BUILD-SNAPSHOT
2026-02-09 19:51:00,609 [Worker-19: Download sources and javadoc] INFO  o.e.m.c.i.e.AbstractTransferListenerAdapter - Downloaded https://repo.spring.io/snapshot/org/springframework/boot/spring-boot/2.1.0.RC1/spring-boot-2.1.0.RC1-sources.jar
2026-02-09 19:51:01,356 [Worker-19: Download sources and javadoc] INFO  o.e.m.c.i.e.AbstractTransferListenerAdapter - Downloading https://repo.spring.io/milestone/org/springframework/boot/spring-boot/2.1.0.RC1/spring-boot-2.1.0.RC1-sources.jar
2026-02-09 19:51:01,968 [Worker-19: Download sources and javadoc] INFO  o.e.m.c.i.e.AbstractTransferListenerAdapter - Downloaded https://repo.spring.io/milestone/org/springframework/boot/spring-boot/2.1.0.RC1/spring-boot-2.1.0.RC1-sources.jar
2026-02-09 19:51:01,970 [Worker-19: Download sources and javadoc] INFO  o.e.m.j.internal.DownloadSourcesJob - Downloaded sources for org.springframework.boot:spring-boot:2.1.0.RC1
2026-02-09 19:51:02,329 [Worker-19: Download sources and javadoc] INFO  o.e.m.c.i.e.AbstractTransferListenerAdapter - Downloaded https://repo.spring.io/snapshot/org/springframework/spring-context/5.1.1.RELEASE/spring-context-5.1.1.RELEASE-sources.jar
2026-02-09 19:51:02,424 [Worker-19: Download sources and javadoc] INFO  o.e.m.c.i.e.AbstractTransferListenerAdapter - Downloaded https://repo.spring.io/milestone/org/springframework/spring-context/5.1.1.RELEASE/spring-context-5.1.1.RELEASE-sources.jar
2026-02-09 19:51:02,728 [Worker-19: Download sources and javadoc] INFO  o.e.m.c.i.e.AbstractTransferListenerAdapter - Downloading https://repo.maven.apache.org/maven2/org/springframework/spring-context/5.1.1.RELEASE/spring-context-5.1.1.RELEASE-sources.jar
2026-02-09 19:51:02,991 [Worker-19: Download sources and javadoc] INFO  o.e.m.c.i.e.AbstractTransferListenerAdapter - Downloaded https://repo.maven.apache.org/maven2/org/springframework/spring-context/5.1.1.RELEASE/spring-context-5.1.1.RELEASE-sources.jar
2026-02-09 19:51:02,994 [Worker-19: Download sources and javadoc] INFO  o.e.m.j.internal.DownloadSourcesJob - Downloaded sources for org.springframework:spring-context:5.1.1.RELEASE
2026-02-09 19:51:03,263 [Worker-19: Download sources and javadoc] INFO  o.e.m.c.i.e.AbstractTransferListenerAdapter - Downloaded https://repo.spring.io/snapshot/org/springframework/spring-aop/5.1.1.RELEASE/spring-aop-5.1.1.RELEASE-sources.jar
2026-02-09 19:51:03,355 [Worker-19: Download sources and javadoc] INFO  o.e.m.c.i.e.AbstractTransferListenerAdapter - Downloaded https://repo.spring.io/milestone/org/springframework/spring-aop/5.1.1.RELEASE/spring-aop-5.1.1.RELEASE-sources.jar
2026-02-09 19:51:03,624 [Worker-19: Download sources and javadoc] INFO  o.e.m.c.i.e.AbstractTransferListenerAdapter - Downloading https://repo.maven.apache.org/maven2/org/springframework/spring-aop/5.1.1.RELEASE/spring-aop-5.1.1.RELEASE-sources.jar
2026-02-09 19:51:03,825 [Worker-19: Download sources and javadoc] INFO  o.e.m.c.i.e.AbstractTransferListenerAdapter - Downloaded https://repo.maven.apache.org/maven2/org/springframework/spring-aop/5.1.1.RELEASE/spring-aop-5.1.1.RELEASE-sources.jar
2026-02-09 19:51:03,828 [Worker-19: Download sources and javadoc] INFO  o.e.m.j.internal.DownloadSourcesJob - Downloaded sources for org.springframework:spring-aop:5.1.1.RELEASE
2026-02-09 19:51:04,191 [Worker-19: Download sources and javadoc] INFO  o.e.m.c.i.e.AbstractTransferListenerAdapter - Downloaded https://repo.spring.io/snapshot/org/springframework/spring-expression/5.1.1.RELEASE/spring-expression-5.1.1.RELEASE-sources.jar
2026-02-09 19:51:04,283 [Worker-19: Download sources and javadoc] INFO  o.e.m.c.i.e.AbstractTransferListenerAdapter - Downloaded https://repo.spring.io/milestone/org/springframework/spring-expression/5.1.1.RELEASE/spring-expression-5.1.1.RELEASE-sources.jar
2026-02-09 19:51:04,571 [Worker-19: Download sources and javadoc] INFO  o.e.m.c.i.e.AbstractTransferListenerAdapter - Downloading https://repo.maven.apache.org/maven2/org/springframework/spring-expression/5.1.1.RELEASE/spring-expression-5.1.1.RELEASE-sources.jar
2026-02-09 19:51:04,809 [Worker-19: Download sources and javadoc] INFO  o.e.m.c.i.e.AbstractTransferListenerAdapter - Downloaded https://repo.maven.apache.org/maven2/org/springframework/spring-expression/5.1.1.RELEASE/spring-expression-5.1.1.RELEASE-sources.jar
2026-02-09 19:51:04,812 [Worker-19: Download sources and javadoc] INFO  o.e.m.j.internal.DownloadSourcesJob - Downloaded sources for org.springframework:spring-expression:5.1.1.RELEASE
2026-02-09 19:51:05,389 [Worker-19: Download sources and javadoc] INFO  o.e.m.c.i.e.AbstractTransferListenerAdapter - Downloading https://repo.spring.io/snapshot/org/springframework/fu/spring-fu-autoconfigure-adapter/0.0.3.BUILD-SNAPSHOT/spring-fu-autoconfigure-adapter-0.0.3.BUILD-20181220.093727-57-sources.jar
2026-02-09 19:51:05,538 [Worker-19: Download sources and javadoc] INFO  o.e.m.c.i.e.AbstractTransferListenerAdapter - Downloaded https://repo.spring.io/snapshot/org/springframework/fu/spring-fu-autoconfigure-adapter/0.0.3.BUILD-SNAPSHOT/spring-fu-autoconfigure-adapter-0.0.3.BUILD-20181220.093727-57-sources.jar
2026-02-09 19:51:05,543 [Worker-19: Download sources and javadoc] INFO  o.e.m.j.internal.DownloadSourcesJob - Downloaded sources for org.springframework.fu:spring-fu-autoconfigure-adapter:0.0.3.BUILD-SNAPSHOT
2026-02-09 19:51:05,885 [Worker-19: Download sources and javadoc] INFO  o.e.m.c.i.e.AbstractTransferListenerAdapter - Downloaded https://repo.spring.io/snapshot/am/ik/yavi/yavi/0.0.18/yavi-0.0.18-sources.jar
2026-02-09 19:51:05,972 [Worker-19: Download sources and javadoc] INFO  o.e.m.c.i.e.AbstractTransferListenerAdapter - Downloaded https://repo.spring.io/milestone/am/ik/yavi/yavi/0.0.18/yavi-0.0.18-sources.jar
2026-02-09 19:51:06,551 [Worker-19: Download sources and javadoc] INFO  o.e.m.c.i.e.AbstractTransferListenerAdapter - Downloading https://repo.maven.apache.org/maven2/am/ik/yavi/yavi/0.0.18/yavi-0.0.18-sources.jar
2026-02-09 19:51:06,606 [Worker-19: Download sources and javadoc] INFO  o.e.m.c.i.e.AbstractTransferListenerAdapter - Downloaded https://repo.maven.apache.org/maven2/am/ik/yavi/yavi/0.0.18/yavi-0.0.18-sources.jar
2026-02-09 19:51:06,609 [Worker-19: Download sources and javadoc] INFO  o.e.m.j.internal.DownloadSourcesJob - Downloaded sources for am.ik.yavi:yavi:0.0.18
2026-02-09 19:51:06,943 [Worker-19: Download sources and javadoc] INFO  o.e.m.c.i.e.AbstractTransferListenerAdapter - Downloaded https://repo.spring.io/snapshot/org/springframework/boot/spring-boot-starter-test/2.1.0.RC1/spring-boot-starter-test-2.1.0.RC1-sources.jar
2026-02-09 19:51:07,033 [Worker-19: Download sources and javadoc] INFO  o.e.m.c.i.e.AbstractTransferListenerAdapter - Downloaded https://repo.spring.io/milestone/org/springframework/boot/spring-boot-starter-test/2.1.0.RC1/spring-boot-starter-test-2.1.0.RC1-sources.jar
2026-02-09 19:51:07,409 [Worker-19: Download sources and javadoc] INFO  o.e.m.c.i.e.AbstractTransferListenerAdapter - Downloaded https://repo.maven.apache.org/maven2/org/springframework/boot/spring-boot-starter-test/2.1.0.RC1/spring-boot-starter-test-2.1.0.RC1-sources.jar
2026-02-09 19:51:07,413 [Worker-19: Download sources and javadoc] ERROR o.e.m.j.internal.DownloadSourcesJob - Could not download sources for org.springframework.boot:spring-boot-starter-test:2.1.0.RC1
org.eclipse.core.runtime.CoreException: Could not resolve artifact org.springframework.boot:spring-boot-starter-test:jar:sources:2.1.0.RC1
	at org.eclipse.m2e.core.internal.embedder.MavenImpl.lambda$7(MavenImpl.java:554)
	at org.eclipse.m2e.core.internal.embedder.MavenExecutionContext.executeBare(MavenExecutionContext.java:462)
	at org.eclipse.m2e.core.internal.embedder.MavenExecutionContext.execute(MavenExecutionContext.java:295)
	at org.eclipse.m2e.core.internal.embedder.MavenExecutionContext.execute(MavenExecutionContext.java:281)
	at org.eclipse.m2e.core.internal.embedder.MavenImpl.resolve(MavenImpl.java:523)
	at org.eclipse.m2e.core.internal.embedder.MavenImpl.resolve(MavenImpl.java:508)
	at org.eclipse.m2e.jdt.internal.DownloadSourcesJob.download(DownloadSourcesJob.java:308)
	at org.eclipse.m2e.jdt.internal.DownloadSourcesJob.downloadAttachments(DownloadSourcesJob.java:282)
	at org.eclipse.m2e.jdt.internal.DownloadSourcesJob.downloadMaven(DownloadSourcesJob.java:252)
	at org.eclipse.m2e.jdt.internal.DownloadSourcesJob.downloadFilesAndPopulateToUpdate(DownloadSourcesJob.java:220)
	at org.eclipse.m2e.jdt.internal.DownloadSourcesJob.lambda$0(DownloadSourcesJob.java:149)
	at org.eclipse.m2e.core.internal.embedder.MavenExecutionContext.executeBare(MavenExecutionContext.java:462)
	at org.eclipse.m2e.core.internal.embedder.MavenExecutionContext.execute(MavenExecutionContext.java:342)
	at org.eclipse.m2e.core.internal.embedder.MavenExecutionContext.execute(MavenExecutionContext.java:281)
	at org.eclipse.m2e.core.embedder.IMaven.execute(IMaven.java:300)
	at org.eclipse.m2e.jdt.internal.DownloadSourcesJob.run(DownloadSourcesJob.java:149)
	at org.eclipse.core.internal.jobs.Worker.run(Worker.java:63)
2026-02-09 19:51:07,867 [Worker-19: Download sources and javadoc] INFO  o.e.m.c.i.e.AbstractTransferListenerAdapter - Downloaded https://repo.spring.io/snapshot/org/springframework/boot/spring-boot-test/2.1.0.RC1/spring-boot-test-2.1.0.RC1-sources.jar
2026-02-09 19:51:08,171 [Worker-19: Download sources and javadoc] INFO  o.e.m.c.i.e.AbstractTransferListenerAdapter - Downloading https://repo.spring.io/milestone/org/springframework/boot/spring-boot-test/2.1.0.RC1/spring-boot-test-2.1.0.RC1-sources.jar
2026-02-09 19:51:08,588 [Worker-19: Download sources and javadoc] INFO  o.e.m.c.i.e.AbstractTransferListenerAdapter - Downloaded https://repo.spring.io/milestone/org/springframework/boot/spring-boot-test/2.1.0.RC1/spring-boot-test-2.1.0.RC1-sources.jar
2026-02-09 19:51:08,591 [Worker-19: Download sources and javadoc] INFO  o.e.m.j.internal.DownloadSourcesJob - Downloaded sources for org.springframework.boot:spring-boot-test:2.1.0.RC1
2026-02-09 19:51:09,006 [Worker-19: Download sources and javadoc] INFO  o.e.m.c.i.e.AbstractTransferListenerAdapter - Downloaded https://repo.spring.io/snapshot/org/springframework/boot/spring-boot-test-autoconfigure/2.1.0.RC1/spring-boot-test-autoconfigure-2.1.0.RC1-sources.jar
2026-02-09 19:51:09,251 [Worker-19: Download sources and javadoc] INFO  o.e.m.c.i.e.AbstractTransferListenerAdapter - Downloading https://repo.spring.io/milestone/org/springframework/boot/spring-boot-test-autoconfigure/2.1.0.RC1/spring-boot-test-autoconfigure-2.1.0.RC1-sources.jar
2026-02-09 19:51:09,573 [Worker-19: Download sources and javadoc] INFO  o.e.m.c.i.e.AbstractTransferListenerAdapter - Downloaded https://repo.spring.io/milestone/org/springframework/boot/spring-boot-test-autoconfigure/2.1.0.RC1/spring-boot-test-autoconfigure-2.1.0.RC1-sources.jar
2026-02-09 19:51:09,575 [Worker-19: Download sources and javadoc] INFO  o.e.m.j.internal.DownloadSourcesJob - Downloaded sources for org.springframework.boot:spring-boot-test-autoconfigure:2.1.0.RC1
2026-02-09 19:51:10,028 [Worker-19: Download sources and javadoc] INFO  o.e.m.c.i.e.AbstractTransferListenerAdapter - Downloaded https://repo.spring.io/snapshot/com/jayway/jsonpath/json-path/2.4.0/json-path-2.4.0-sources.jar
2026-02-09 19:51:10,157 [Worker-19: Download sources and javadoc] INFO  o.e.m.c.i.e.AbstractTransferListenerAdapter - Downloaded https://repo.spring.io/milestone/com/jayway/jsonpath/json-path/2.4.0/json-path-2.4.0-sources.jar
2026-02-09 19:51:10,360 [Worker-19: Download sources and javadoc] INFO  o.e.m.c.i.e.AbstractTransferListenerAdapter - Downloading https://repo.maven.apache.org/maven2/com/jayway/jsonpath/json-path/2.4.0/json-path-2.4.0-sources.jar
2026-02-09 19:51:10,424 [Worker-19: Download sources and javadoc] INFO  o.e.m.c.i.e.AbstractTransferListenerAdapter - Downloaded https://repo.maven.apache.org/maven2/com/jayway/jsonpath/json-path/2.4.0/json-path-2.4.0-sources.jar
2026-02-09 19:51:10,426 [Worker-19: Download sources and javadoc] INFO  o.e.m.j.internal.DownloadSourcesJob - Downloaded sources for com.jayway.jsonpath:json-path:2.4.0
2026-02-09 19:51:10,784 [Worker-19: Download sources and javadoc] INFO  o.e.m.c.i.e.AbstractTransferListenerAdapter - Downloaded https://repo.spring.io/snapshot/net/minidev/json-smart/2.3/json-smart-2.3-sources.jar
2026-02-09 19:51:10,891 [Worker-19: Download sources and javadoc] INFO  o.e.m.c.i.e.AbstractTransferListenerAdapter - Downloaded https://repo.spring.io/milestone/net/minidev/json-smart/2.3/json-smart-2.3-sources.jar
2026-02-09 19:51:11,086 [Worker-19: Download sources and javadoc] INFO  o.e.m.c.i.e.AbstractTransferListenerAdapter - Downloading https://repo.maven.apache.org/maven2/net/minidev/json-smart/2.3/json-smart-2.3-sources.jar
2026-02-09 19:51:11,094 [Worker-19: Download sources and javadoc] INFO  o.e.m.c.i.e.AbstractTransferListenerAdapter - Downloaded https://repo.maven.apache.org/maven2/net/minidev/json-smart/2.3/json-smart-2.3-sources.jar
2026-02-09 19:51:11,098 [Worker-19: Download sources and javadoc] INFO  o.e.m.j.internal.DownloadSourcesJob - Downloaded sources for net.minidev:json-smart:2.3
2026-02-09 19:51:11,409 [Worker-19: Download sources and javadoc] INFO  o.e.m.c.i.e.AbstractTransferListenerAdapter - Downloaded https://repo.spring.io/snapshot/net/minidev/accessors-smart/1.2/accessors-smart-1.2-sources.jar
2026-02-09 19:51:11,507 [Worker-19: Download sources and javadoc] INFO  o.e.m.c.i.e.AbstractTransferListenerAdapter - Downloaded https://repo.spring.io/milestone/net/minidev/accessors-smart/1.2/accessors-smart-1.2-sources.jar
2026-02-09 19:51:11,696 [Worker-19: Download sources and javadoc] INFO  o.e.m.c.i.e.AbstractTransferListenerAdapter - Downloading https://repo.maven.apache.org/maven2/net/minidev/accessors-smart/1.2/accessors-smart-1.2-sources.jar
2026-02-09 19:51:11,700 [Worker-19: Download sources and javadoc] INFO  o.e.m.c.i.e.AbstractTransferListenerAdapter - Downloaded https://repo.maven.apache.org/maven2/net/minidev/accessors-smart/1.2/accessors-smart-1.2-sources.jar
2026-02-09 19:51:11,705 [Worker-19: Download sources and javadoc] INFO  o.e.m.j.internal.DownloadSourcesJob - Downloaded sources for net.minidev:accessors-smart:1.2
2026-02-09 19:51:12,022 [Worker-19: Download sources and javadoc] INFO  o.e.m.c.i.e.AbstractTransferListenerAdapter - Downloaded https://repo.spring.io/snapshot/org/ow2/asm/asm/5.0.4/asm-5.0.4-sources.jar
2026-02-09 19:51:12,110 [Worker-19: Download sources and javadoc] INFO  o.e.m.c.i.e.AbstractTransferListenerAdapter - Downloaded https://repo.spring.io/milestone/org/ow2/asm/asm/5.0.4/asm-5.0.4-sources.jar
2026-02-09 19:51:12,313 [Worker-19: Download sources and javadoc] INFO  o.e.m.c.i.e.AbstractTransferListenerAdapter - Downloading https://repo.maven.apache.org/maven2/org/ow2/asm/asm/5.0.4/asm-5.0.4-sources.jar
2026-02-09 19:51:12,578 [Worker-19: Download sources and javadoc] INFO  o.e.m.c.i.e.AbstractTransferListenerAdapter - Downloaded https://repo.maven.apache.org/maven2/org/ow2/asm/asm/5.0.4/asm-5.0.4-sources.jar
2026-02-09 19:51:12,582 [Worker-19: Download sources and javadoc] INFO  o.e.m.j.internal.DownloadSourcesJob - Downloaded sources for org.ow2.asm:asm:5.0.4
2026-02-09 19:51:12,932 [Worker-19: Download sources and javadoc] INFO  o.e.m.c.i.e.AbstractTransferListenerAdapter - Downloaded https://repo.spring.io/snapshot/junit/junit/4.12/junit-4.12-sources.jar
2026-02-09 19:51:13,025 [Worker-19: Download sources and javadoc] INFO  o.e.m.c.i.e.AbstractTransferListenerAdapter - Downloaded https://repo.spring.io/milestone/junit/junit/4.12/junit-4.12-sources.jar
2026-02-09 19:51:13,226 [Worker-19: Download sources and javadoc] INFO  o.e.m.c.i.e.AbstractTransferListenerAdapter - Downloading https://repo.maven.apache.org/maven2/junit/junit/4.12/junit-4.12-sources.jar
2026-02-09 19:51:13,358 [Worker-19: Download sources and javadoc] INFO  o.e.m.c.i.e.AbstractTransferListenerAdapter - Downloaded https://repo.maven.apache.org/maven2/junit/junit/4.12/junit-4.12-sources.jar
2026-02-09 19:51:13,361 [Worker-19: Download sources and javadoc] INFO  o.e.m.j.internal.DownloadSourcesJob - Downloaded sources for junit:junit:4.12
2026-02-09 19:51:13,719 [Worker-19: Download sources and javadoc] INFO  o.e.m.c.i.e.AbstractTransferListenerAdapter - Downloaded https://repo.spring.io/snapshot/org/assertj/assertj-core/3.11.1/assertj-core-3.11.1-sources.jar
2026-02-09 19:51:13,804 [Worker-19: Download sources and javadoc] INFO  o.e.m.c.i.e.AbstractTransferListenerAdapter - Downloaded https://repo.spring.io/milestone/org/assertj/assertj-core/3.11.1/assertj-core-3.11.1-sources.jar
2026-02-09 19:51:14,017 [Worker-19: Download sources and javadoc] INFO  o.e.m.c.i.e.AbstractTransferListenerAdapter - Downloading https://repo.maven.apache.org/maven2/org/assertj/assertj-core/3.11.1/assertj-core-3.11.1-sources.jar
2026-02-09 19:51:14,335 [Worker-19: Download sources and javadoc] INFO  o.e.m.c.i.e.AbstractTransferListenerAdapter - Downloaded https://repo.maven.apache.org/maven2/org/assertj/assertj-core/3.11.1/assertj-core-3.11.1-sources.jar
2026-02-09 19:51:14,338 [Worker-19: Download sources and javadoc] INFO  o.e.m.j.internal.DownloadSourcesJob - Downloaded sources for org.assertj:assertj-core:3.11.1
2026-02-09 19:51:14,791 [Worker-19: Download sources and javadoc] INFO  o.e.m.c.i.e.AbstractTransferListenerAdapter - Downloaded https://repo.spring.io/snapshot/org/mockito/mockito-core/2.23.0/mockito-core-2.23.0-sources.jar
2026-02-09 19:51:14,909 [Worker-19: Download sources and javadoc] INFO  o.e.m.c.i.e.AbstractTransferListenerAdapter - Downloaded https://repo.spring.io/milestone/org/mockito/mockito-core/2.23.0/mockito-core-2.23.0-sources.jar
2026-02-09 19:51:15,108 [Worker-19: Download sources and javadoc] INFO  o.e.m.c.i.e.AbstractTransferListenerAdapter - Downloading https://repo.maven.apache.org/maven2/org/mockito/mockito-core/2.23.0/mockito-core-2.23.0-sources.jar
2026-02-09 19:51:15,288 [Worker-19: Download sources and javadoc] INFO  o.e.m.c.i.e.AbstractTransferListenerAdapter - Downloaded https://repo.maven.apache.org/maven2/org/mockito/mockito-core/2.23.0/mockito-core-2.23.0-sources.jar
2026-02-09 19:51:15,293 [Worker-19: Download sources and javadoc] INFO  o.e.m.j.internal.DownloadSourcesJob - Downloaded sources for org.mockito:mockito-core:2.23.0
2026-02-09 19:51:15,649 [Worker-19: Download sources and javadoc] INFO  o.e.m.c.i.e.AbstractTransferListenerAdapter - Downloaded https://repo.spring.io/snapshot/net/bytebuddy/byte-buddy/1.9.1/byte-buddy-1.9.1-sources.jar
2026-02-09 19:51:15,743 [Worker-19: Download sources and javadoc] INFO  o.e.m.c.i.e.AbstractTransferListenerAdapter - Downloaded https://repo.spring.io/milestone/net/bytebuddy/byte-buddy/1.9.1/byte-buddy-1.9.1-sources.jar
2026-02-09 19:51:16,282 [Worker-19: Download sources and javadoc] INFO  o.e.m.c.i.e.AbstractTransferListenerAdapter - Downloading https://repo.maven.apache.org/maven2/net/bytebuddy/byte-buddy/1.9.1/byte-buddy-1.9.1-sources.jar
2026-02-09 19:51:16,525 [Worker-19: Download sources and javadoc] INFO  o.e.m.c.i.e.AbstractTransferListenerAdapter - Downloaded https://repo.maven.apache.org/maven2/net/bytebuddy/byte-buddy/1.9.1/byte-buddy-1.9.1-sources.jar
2026-02-09 19:51:16,528 [Worker-19: Download sources and javadoc] INFO  o.e.m.j.internal.DownloadSourcesJob - Downloaded sources for net.bytebuddy:byte-buddy:1.9.1
2026-02-09 19:51:16,861 [Worker-19: Download sources and javadoc] INFO  o.e.m.c.i.e.AbstractTransferListenerAdapter - Downloaded https://repo.spring.io/snapshot/net/bytebuddy/byte-buddy-agent/1.9.1/byte-buddy-agent-1.9.1-sources.jar
2026-02-09 19:51:16,952 [Worker-19: Download sources and javadoc] INFO  o.e.m.c.i.e.AbstractTransferListenerAdapter - Downloaded https://repo.spring.io/milestone/net/bytebuddy/byte-buddy-agent/1.9.1/byte-buddy-agent-1.9.1-sources.jar
2026-02-09 19:51:17,503 [Worker-19: Download sources and javadoc] INFO  o.e.m.c.i.e.AbstractTransferListenerAdapter - Downloading https://repo.maven.apache.org/maven2/net/bytebuddy/byte-buddy-agent/1.9.1/byte-buddy-agent-1.9.1-sources.jar
2026-02-09 19:51:17,507 [Worker-19: Download sources and javadoc] INFO  o.e.m.c.i.e.AbstractTransferListenerAdapter - Downloaded https://repo.maven.apache.org/maven2/net/bytebuddy/byte-buddy-agent/1.9.1/byte-buddy-agent-1.9.1-sources.jar
2026-02-09 19:51:17,510 [Worker-19: Download sources and javadoc] INFO  o.e.m.j.internal.DownloadSourcesJob - Downloaded sources for net.bytebuddy:byte-buddy-agent:1.9.1
2026-02-09 19:51:17,828 [Worker-19: Download sources and javadoc] INFO  o.e.m.c.i.e.AbstractTransferListenerAdapter - Downloaded https://repo.spring.io/snapshot/org/objenesis/objenesis/2.6/objenesis-2.6-sources.jar
2026-02-09 19:51:17,921 [Worker-19: Download sources and javadoc] INFO  o.e.m.c.i.e.AbstractTransferListenerAdapter - Downloaded https://repo.spring.io/milestone/org/objenesis/objenesis/2.6/objenesis-2.6-sources.jar
2026-02-09 19:51:18,129 [Worker-19: Download sources and javadoc] INFO  o.e.m.c.i.e.AbstractTransferListenerAdapter - Downloading https://repo.maven.apache.org/maven2/org/objenesis/objenesis/2.6/objenesis-2.6-sources.jar
2026-02-09 19:51:18,136 [Worker-19: Download sources and javadoc] INFO  o.e.m.c.i.e.AbstractTransferListenerAdapter - Downloaded https://repo.maven.apache.org/maven2/org/objenesis/objenesis/2.6/objenesis-2.6-sources.jar
2026-02-09 19:51:18,139 [Worker-19: Download sources and javadoc] INFO  o.e.m.j.internal.DownloadSourcesJob - Downloaded sources for org.objenesis:objenesis:2.6
2026-02-09 19:51:18,484 [Worker-19: Download sources and javadoc] INFO  o.e.m.c.i.e.AbstractTransferListenerAdapter - Downloaded https://repo.spring.io/snapshot/org/hamcrest/hamcrest-core/1.3/hamcrest-core-1.3-sources.jar
2026-02-09 19:51:18,573 [Worker-19: Download sources and javadoc] INFO  o.e.m.c.i.e.AbstractTransferListenerAdapter - Downloaded https://repo.spring.io/milestone/org/hamcrest/hamcrest-core/1.3/hamcrest-core-1.3-sources.jar
2026-02-09 19:51:18,763 [Worker-19: Download sources and javadoc] INFO  o.e.m.c.i.e.AbstractTransferListenerAdapter - Downloading https://repo.maven.apache.org/maven2/org/hamcrest/hamcrest-core/1.3/hamcrest-core-1.3-sources.jar
2026-02-09 19:51:18,767 [Worker-19: Download sources and javadoc] INFO  o.e.m.c.i.e.AbstractTransferListenerAdapter - Downloaded https://repo.maven.apache.org/maven2/org/hamcrest/hamcrest-core/1.3/hamcrest-core-1.3-sources.jar
2026-02-09 19:51:18,770 [Worker-19: Download sources and javadoc] INFO  o.e.m.j.internal.DownloadSourcesJob - Downloaded sources for org.hamcrest:hamcrest-core:1.3
2026-02-09 19:51:19,233 [Worker-19: Download sources and javadoc] INFO  o.e.m.c.i.e.AbstractTransferListenerAdapter - Downloaded https://repo.spring.io/snapshot/org/hamcrest/hamcrest-library/1.3/hamcrest-library-1.3-sources.jar
2026-02-09 19:51:19,350 [Worker-19: Download sources and javadoc] INFO  o.e.m.c.i.e.AbstractTransferListenerAdapter - Downloaded https://repo.spring.io/milestone/org/hamcrest/hamcrest-library/1.3/hamcrest-library-1.3-sources.jar
2026-02-09 19:51:19,588 [Worker-19: Download sources and javadoc] INFO  o.e.m.c.i.e.AbstractTransferListenerAdapter - Downloading https://repo.maven.apache.org/maven2/org/hamcrest/hamcrest-library/1.3/hamcrest-library-1.3-sources.jar
2026-02-09 19:51:19,593 [Worker-19: Download sources and javadoc] INFO  o.e.m.c.i.e.AbstractTransferListenerAdapter - Downloaded https://repo.maven.apache.org/maven2/org/hamcrest/hamcrest-library/1.3/hamcrest-library-1.3-sources.jar
2026-02-09 19:51:19,597 [Worker-19: Download sources and javadoc] INFO  o.e.m.j.internal.DownloadSourcesJob - Downloaded sources for org.hamcrest:hamcrest-library:1.3
2026-02-09 19:51:20,058 [Worker-19: Download sources and javadoc] INFO  o.e.m.c.i.e.AbstractTransferListenerAdapter - Downloaded https://repo.spring.io/snapshot/org/skyscreamer/jsonassert/1.5.0/jsonassert-1.5.0-sources.jar
2026-02-09 19:51:20,171 [Worker-19: Download sources and javadoc] INFO  o.e.m.c.i.e.AbstractTransferListenerAdapter - Downloaded https://repo.spring.io/milestone/org/skyscreamer/jsonassert/1.5.0/jsonassert-1.5.0-sources.jar
2026-02-09 19:51:20,377 [Worker-19: Download sources and javadoc] INFO  o.e.m.c.i.e.AbstractTransferListenerAdapter - Downloading https://repo.maven.apache.org/maven2/org/skyscreamer/jsonassert/1.5.0/jsonassert-1.5.0-sources.jar
2026-02-09 19:51:20,398 [Worker-19: Download sources and javadoc] INFO  o.e.m.c.i.e.AbstractTransferListenerAdapter - Downloaded https://repo.maven.apache.org/maven2/org/skyscreamer/jsonassert/1.5.0/jsonassert-1.5.0-sources.jar
2026-02-09 19:51:20,400 [Worker-19: Download sources and javadoc] INFO  o.e.m.j.internal.DownloadSourcesJob - Downloaded sources for org.skyscreamer:jsonassert:1.5.0
2026-02-09 19:51:20,749 [Worker-19: Download sources and javadoc] INFO  o.e.m.c.i.e.AbstractTransferListenerAdapter - Downloaded https://repo.spring.io/snapshot/com/vaadin/external/google/android-json/0.0.20131108.vaadin1/android-json-0.0.20131108.vaadin1-sources.jar
2026-02-09 19:51:20,842 [Worker-19: Download sources and javadoc] INFO  o.e.m.c.i.e.AbstractTransferListenerAdapter - Downloaded https://repo.spring.io/milestone/com/vaadin/external/google/android-json/0.0.20131108.vaadin1/android-json-0.0.20131108.vaadin1-sources.jar
2026-02-09 19:51:21,047 [Worker-19: Download sources and javadoc] INFO  o.e.m.c.i.e.AbstractTransferListenerAdapter - Downloading https://repo.maven.apache.org/maven2/com/vaadin/external/google/android-json/0.0.20131108.vaadin1/android-json-0.0.20131108.vaadin1-sources.jar
2026-02-09 19:51:21,050 [Worker-19: Download sources and javadoc] INFO  o.e.m.c.i.e.AbstractTransferListenerAdapter - Downloaded https://repo.maven.apache.org/maven2/com/vaadin/external/google/android-json/0.0.20131108.vaadin1/android-json-0.0.20131108.vaadin1-sources.jar
2026-02-09 19:51:21,053 [Worker-19: Download sources and javadoc] INFO  o.e.m.j.internal.DownloadSourcesJob - Downloaded sources for com.vaadin.external.google:android-json:0.0.20131108.vaadin1
2026-02-09 19:51:21,503 [Worker-19: Download sources and javadoc] INFO  o.e.m.c.i.e.AbstractTransferListenerAdapter - Downloaded https://repo.spring.io/snapshot/org/springframework/spring-core/5.1.1.RELEASE/spring-core-5.1.1.RELEASE-sources.jar
2026-02-09 19:51:21,628 [Worker-19: Download sources and javadoc] INFO  o.e.m.c.i.e.AbstractTransferListenerAdapter - Downloaded https://repo.spring.io/milestone/org/springframework/spring-core/5.1.1.RELEASE/spring-core-5.1.1.RELEASE-sources.jar
2026-02-09 19:51:22,314 [Worker-19: Download sources and javadoc] INFO  o.e.m.c.i.e.AbstractTransferListenerAdapter - Downloading https://repo.maven.apache.org/maven2/org/springframework/spring-core/5.1.1.RELEASE/spring-core-5.1.1.RELEASE-sources.jar
2026-02-09 19:51:24,218 [Worker-19: Download sources and javadoc] INFO  o.e.m.c.i.e.AbstractTransferListenerAdapter - Downloaded https://repo.maven.apache.org/maven2/org/springframework/spring-core/5.1.1.RELEASE/spring-core-5.1.1.RELEASE-sources.jar
2026-02-09 19:51:24,220 [Worker-19: Download sources and javadoc] INFO  o.e.m.j.internal.DownloadSourcesJob - Downloaded sources for org.springframework:spring-core:5.1.1.RELEASE
2026-02-09 19:51:24,718 [Worker-19: Download sources and javadoc] INFO  o.e.m.c.i.e.AbstractTransferListenerAdapter - Downloaded https://repo.spring.io/snapshot/org/springframework/spring-jcl/5.1.1.RELEASE/spring-jcl-5.1.1.RELEASE-sources.jar
2026-02-09 19:51:24,843 [Worker-19: Download sources and javadoc] INFO  o.e.m.c.i.e.AbstractTransferListenerAdapter - Downloaded https://repo.spring.io/milestone/org/springframework/spring-jcl/5.1.1.RELEASE/spring-jcl-5.1.1.RELEASE-sources.jar
2026-02-09 19:51:25,483 [Worker-19: Download sources and javadoc] INFO  o.e.m.c.i.e.AbstractTransferListenerAdapter - Downloading https://repo.maven.apache.org/maven2/org/springframework/spring-jcl/5.1.1.RELEASE/spring-jcl-5.1.1.RELEASE-sources.jar
2026-02-09 19:51:25,486 [Worker-19: Download sources and javadoc] INFO  o.e.m.c.i.e.AbstractTransferListenerAdapter - Downloaded https://repo.maven.apache.org/maven2/org/springframework/spring-jcl/5.1.1.RELEASE/spring-jcl-5.1.1.RELEASE-sources.jar
2026-02-09 19:51:25,489 [Worker-19: Download sources and javadoc] INFO  o.e.m.j.internal.DownloadSourcesJob - Downloaded sources for org.springframework:spring-jcl:5.1.1.RELEASE
2026-02-09 19:51:26,008 [Worker-19: Download sources and javadoc] INFO  o.e.m.c.i.e.AbstractTransferListenerAdapter - Downloaded https://repo.spring.io/snapshot/org/springframework/spring-test/5.1.1.RELEASE/spring-test-5.1.1.RELEASE-sources.jar
2026-02-09 19:51:26,096 [Worker-19: Download sources and javadoc] INFO  o.e.m.c.i.e.AbstractTransferListenerAdapter - Downloaded https://repo.spring.io/milestone/org/springframework/spring-test/5.1.1.RELEASE/spring-test-5.1.1.RELEASE-sources.jar
2026-02-09 19:51:26,443 [Worker-19: Download sources and javadoc] INFO  o.e.m.c.i.e.AbstractTransferListenerAdapter - Downloading https://repo.maven.apache.org/maven2/org/springframework/spring-test/5.1.1.RELEASE/spring-test-5.1.1.RELEASE-sources.jar
2026-02-09 19:51:26,637 [Worker-19: Download sources and javadoc] INFO  o.e.m.c.i.e.AbstractTransferListenerAdapter - Downloaded https://repo.maven.apache.org/maven2/org/springframework/spring-test/5.1.1.RELEASE/spring-test-5.1.1.RELEASE-sources.jar
2026-02-09 19:51:26,640 [Worker-19: Download sources and javadoc] INFO  o.e.m.j.internal.DownloadSourcesJob - Downloaded sources for org.springframework:spring-test:5.1.1.RELEASE
2026-02-09 19:51:26,955 [Worker-19: Download sources and javadoc] INFO  o.e.m.c.i.e.AbstractTransferListenerAdapter - Downloaded https://repo.spring.io/snapshot/org/xmlunit/xmlunit-core/2.6.2/xmlunit-core-2.6.2-sources.jar
2026-02-09 19:51:27,040 [Worker-19: Download sources and javadoc] INFO  o.e.m.c.i.e.AbstractTransferListenerAdapter - Downloaded https://repo.spring.io/milestone/org/xmlunit/xmlunit-core/2.6.2/xmlunit-core-2.6.2-sources.jar
2026-02-09 19:51:27,244 [Worker-19: Download sources and javadoc] INFO  o.e.m.c.i.e.AbstractTransferListenerAdapter - Downloading https://repo.maven.apache.org/maven2/org/xmlunit/xmlunit-core/2.6.2/xmlunit-core-2.6.2-sources.jar
2026-02-09 19:51:27,458 [Worker-19: Download sources and javadoc] INFO  o.e.m.c.i.e.AbstractTransferListenerAdapter - Downloaded https://repo.maven.apache.org/maven2/org/xmlunit/xmlunit-core/2.6.2/xmlunit-core-2.6.2-sources.jar
2026-02-09 19:51:27,460 [Worker-19: Download sources and javadoc] INFO  o.e.m.j.internal.DownloadSourcesJob - Downloaded sources for org.xmlunit:xmlunit-core:2.6.2
2026-02-09 19:51:27,818 [Worker-19: Download sources and javadoc] INFO  o.e.m.c.i.e.AbstractTransferListenerAdapter - Downloaded https://repo.spring.io/snapshot/javax/xml/bind/jaxb-api/2.3.1/jaxb-api-2.3.1-sources.jar
2026-02-09 19:51:27,908 [Worker-19: Download sources and javadoc] INFO  o.e.m.c.i.e.AbstractTransferListenerAdapter - Downloaded https://repo.spring.io/milestone/javax/xml/bind/jaxb-api/2.3.1/jaxb-api-2.3.1-sources.jar
2026-02-09 19:51:28,106 [Worker-19: Download sources and javadoc] INFO  o.e.m.c.i.e.AbstractTransferListenerAdapter - Downloading https://repo.maven.apache.org/maven2/javax/xml/bind/jaxb-api/2.3.1/jaxb-api-2.3.1-sources.jar
2026-02-09 19:51:28,254 [Worker-19: Download sources and javadoc] INFO  o.e.m.c.i.e.AbstractTransferListenerAdapter - Downloaded https://repo.maven.apache.org/maven2/javax/xml/bind/jaxb-api/2.3.1/jaxb-api-2.3.1-sources.jar
2026-02-09 19:51:28,259 [Worker-19: Download sources and javadoc] INFO  o.e.m.j.internal.DownloadSourcesJob - Downloaded sources for javax.xml.bind:jaxb-api:2.3.1
2026-02-09 19:51:28,613 [Worker-19: Download sources and javadoc] INFO  o.e.m.c.i.e.AbstractTransferListenerAdapter - Downloaded https://repo.spring.io/snapshot/javax/activation/javax.activation-api/1.2.0/javax.activation-api-1.2.0-sources.jar
2026-02-09 19:51:28,719 [Worker-19: Download sources and javadoc] INFO  o.e.m.c.i.e.AbstractTransferListenerAdapter - Downloaded https://repo.spring.io/milestone/javax/activation/javax.activation-api/1.2.0/javax.activation-api-1.2.0-sources.jar
2026-02-09 19:51:28,911 [Worker-19: Download sources and javadoc] INFO  o.e.m.c.i.e.AbstractTransferListenerAdapter - Downloading https://repo.maven.apache.org/maven2/javax/activation/javax.activation-api/1.2.0/javax.activation-api-1.2.0-sources.jar
2026-02-09 19:51:28,984 [Worker-19: Download sources and javadoc] INFO  o.e.m.c.i.e.AbstractTransferListenerAdapter - Downloaded https://repo.maven.apache.org/maven2/javax/activation/javax.activation-api/1.2.0/javax.activation-api-1.2.0-sources.jar
2026-02-09 19:51:28,987 [Worker-19: Download sources and javadoc] INFO  o.e.m.j.internal.DownloadSourcesJob - Downloaded sources for javax.activation:javax.activation-api:1.2.0
2026-02-09 19:53:31,734 [Worker-24: Updating Maven Project] INFO  o.e.m.c.i.p.ProjectConfigurationManager - Update started
2026-02-09 19:53:32,320 [Worker-24: Updating Maven Project] INFO  o.e.m.c.i.l.LifecycleMappingFactory - Using org.eclipse.m2e.jdt.JarLifecycleMapping lifecycle mapping for MavenProject: 15:15:15 @ C:\Users\SANDRA\Desktop\Universidad\2026\Semestre 5\Progra 3\Java+MavenArray\15\pom.xml.
2026-02-09 19:53:33,006 [Worker-24: Updating Maven Project] INFO  o.e.m.j.i.AbstractJavaProjectConfigurator - Adding source folder /15/src/main/java
2026-02-09 19:53:33,007 [Worker-24: Updating Maven Project] INFO  o.e.m.j.i.AbstractJavaProjectConfigurator - Adding resource folder /15/src/main/resources
2026-02-09 19:53:33,008 [Worker-24: Updating Maven Project] INFO  o.e.m.j.i.AbstractJavaProjectConfigurator - Adding resource folder /15/src/main/resources
2026-02-09 19:53:33,008 [Worker-24: Updating Maven Project] INFO  o.e.m.j.i.AbstractJavaProjectConfigurator - Adding source folder /15/src/test/java
2026-02-09 19:53:33,009 [Worker-24: Updating Maven Project] INFO  o.e.m.j.i.AbstractJavaProjectConfigurator - Adding resource folder /15/src/test/resources
2026-02-09 19:53:33,165 [Worker-24: Updating Maven Project] WARN  o.apache.maven.project.MavenProject - Direct modification of compileSourceRoots through clear() is deprecated and will not work in Maven 4.0.0. Please use the add/remove methods instead. If you're using a plugin that causes this warning, please upgrade to the latest version and report an issue if the warning persists. To disable these warnings, set -Dmaven.project.sourceRoots.warningsDisabled=true on the command line, in the .mvn/maven.config file, or in project POM properties.
2026-02-09 19:53:33,165 [Worker-24: Updating Maven Project] WARN  o.apache.maven.project.MavenProject - Direct modification of compileSourceRoots through add() is deprecated and will not work in Maven 4.0.0. Please use the add/remove methods instead. If you're using a plugin that causes this warning, please upgrade to the latest version and report an issue if the warning persists. To disable these warnings, set -Dmaven.project.sourceRoots.warningsDisabled=true on the command line, in the .mvn/maven.config file, or in project POM properties.
2026-02-09 19:53:33,167 [Worker-24: Updating Maven Project] WARN  o.apache.maven.project.MavenProject - Direct modification of testCompileSourceRoots through clear() is deprecated and will not work in Maven 4.0.0. Please use the add/remove methods instead. If you're using a plugin that causes this warning, please upgrade to the latest version and report an issue if the warning persists. To disable these warnings, set -Dmaven.project.sourceRoots.warningsDisabled=true on the command line, in the .mvn/maven.config file, or in project POM properties.
2026-02-09 19:53:33,167 [Worker-24: Updating Maven Project] WARN  o.apache.maven.project.MavenProject - Direct modification of testCompileSourceRoots through add() is deprecated and will not work in Maven 4.0.0. Please use the add/remove methods instead. If you're using a plugin that causes this warning, please upgrade to the latest version and report an issue if the warning persists. To disable these warnings, set -Dmaven.project.sourceRoots.warningsDisabled=true on the command line, in the .mvn/maven.config file, or in project POM properties.
2026-02-09 19:53:33,346 [Worker-24: Updating Maven Project] INFO  o.e.m.c.i.p.ProjectConfigurationManager - Update completed for 1 poms: local refresh takes 0.00 sec, refresh facades takes 1.00 sec, update config takes 0.00 sec 
2026-02-09 19:53:33,688 [Worker-22: Building] INFO  o.e.m.c.i.embedder.EclipseLogger - Using 'UTF-8' encoding to copy filtered resources.
2026-02-09 19:53:33,689 [Worker-22: Building] INFO  o.e.m.c.i.embedder.EclipseLogger - Copying 1 resource
2026-02-09 19:53:33,712 [Worker-22: Building] INFO  o.e.m.c.i.embedder.EclipseLogger - Copying 0 resource
2026-02-09 19:53:33,720 [Worker-22: Building] INFO  o.e.m.c.i.embedder.EclipseLogger - Using 'UTF-8' encoding to copy filtered resources.
2026-02-09 19:53:33,721 [Worker-22: Building] INFO  o.e.m.c.i.embedder.EclipseLogger - skip non existing resourceDirectory C:\Users\SANDRA\Desktop\Universidad\2026\Semestre 5\Progra 3\Java+MavenArray\15\src\test\resources
2026-02-09 19:53:34,117 [Worker-22: Building] WARN  o.apache.maven.project.MavenProject - Direct modification of compileSourceRoots through clear() is deprecated and will not work in Maven 4.0.0. Please use the add/remove methods instead. If you're using a plugin that causes this warning, please upgrade to the latest version and report an issue if the warning persists. To disable these warnings, set -Dmaven.project.sourceRoots.warningsDisabled=true on the command line, in the .mvn/maven.config file, or in project POM properties.
2026-02-09 19:53:34,118 [Worker-22: Building] WARN  o.apache.maven.project.MavenProject - Direct modification of compileSourceRoots through add() is deprecated and will not work in Maven 4.0.0. Please use the add/remove methods instead. If you're using a plugin that causes this warning, please upgrade to the latest version and report an issue if the warning persists. To disable these warnings, set -Dmaven.project.sourceRoots.warningsDisabled=true on the command line, in the .mvn/maven.config file, or in project POM properties.
2026-02-09 19:53:34,119 [Worker-22: Building] WARN  o.apache.maven.project.MavenProject - Direct modification of testCompileSourceRoots through clear() is deprecated and will not work in Maven 4.0.0. Please use the add/remove methods instead. If you're using a plugin that causes this warning, please upgrade to the latest version and report an issue if the warning persists. To disable these warnings, set -Dmaven.project.sourceRoots.warningsDisabled=true on the command line, in the .mvn/maven.config file, or in project POM properties.
2026-02-09 19:53:34,120 [Worker-22: Building] WARN  o.apache.maven.project.MavenProject - Direct modification of testCompileSourceRoots through add() is deprecated and will not work in Maven 4.0.0. Please use the add/remove methods instead. If you're using a plugin that causes this warning, please upgrade to the latest version and report an issue if the warning persists. To disable these warnings, set -Dmaven.project.sourceRoots.warningsDisabled=true on the command line, in the .mvn/maven.config file, or in project POM properties.
2026-02-09 19:53:34,192 [Worker-24: Download sources and javadoc] INFO  o.e.m.c.i.e.AbstractTransferListenerAdapter - Downloaded https://repo.spring.io/snapshot/org/springframework/boot/spring-boot-starter-webflux/2.1.0.RC1/spring-boot-starter-webflux-2.1.0.RC1-javadoc.jar
2026-02-09 19:53:34,281 [Worker-24: Download sources and javadoc] INFO  o.e.m.c.i.e.AbstractTransferListenerAdapter - Downloaded https://repo.spring.io/milestone/org/springframework/boot/spring-boot-starter-webflux/2.1.0.RC1/spring-boot-starter-webflux-2.1.0.RC1-javadoc.jar
2026-02-09 19:53:34,741 [Worker-24: Download sources and javadoc] INFO  o.e.m.c.i.e.AbstractTransferListenerAdapter - Downloaded https://repo.maven.apache.org/maven2/org/springframework/boot/spring-boot-starter-webflux/2.1.0.RC1/spring-boot-starter-webflux-2.1.0.RC1-javadoc.jar
2026-02-09 19:53:34,744 [Worker-24: Download sources and javadoc] ERROR o.e.m.j.internal.DownloadSourcesJob - Could not download javadoc for org.springframework.boot:spring-boot-starter-webflux:2.1.0.RC1
org.eclipse.core.runtime.CoreException: Could not resolve artifact org.springframework.boot:spring-boot-starter-webflux:jar:javadoc:2.1.0.RC1
	at org.eclipse.m2e.core.internal.embedder.MavenImpl.lambda$7(MavenImpl.java:554)
	at org.eclipse.m2e.core.internal.embedder.MavenExecutionContext.executeBare(MavenExecutionContext.java:462)
	at org.eclipse.m2e.core.internal.embedder.MavenExecutionContext.execute(MavenExecutionContext.java:295)
	at org.eclipse.m2e.core.internal.embedder.MavenExecutionContext.execute(MavenExecutionContext.java:281)
	at org.eclipse.m2e.core.internal.embedder.MavenImpl.resolve(MavenImpl.java:523)
	at org.eclipse.m2e.core.internal.embedder.MavenImpl.resolve(MavenImpl.java:508)
	at org.eclipse.m2e.jdt.internal.DownloadSourcesJob.download(DownloadSourcesJob.java:308)
	at org.eclipse.m2e.jdt.internal.DownloadSourcesJob.downloadAttachments(DownloadSourcesJob.java:294)
	at org.eclipse.m2e.jdt.internal.DownloadSourcesJob.downloadMaven(DownloadSourcesJob.java:252)
	at org.eclipse.m2e.jdt.internal.DownloadSourcesJob.downloadFilesAndPopulateToUpdate(DownloadSourcesJob.java:220)
	at org.eclipse.m2e.jdt.internal.DownloadSourcesJob.lambda$0(DownloadSourcesJob.java:149)
	at org.eclipse.m2e.core.internal.embedder.MavenExecutionContext.executeBare(MavenExecutionContext.java:462)
	at org.eclipse.m2e.core.internal.embedder.MavenExecutionContext.execute(MavenExecutionContext.java:342)
	at org.eclipse.m2e.core.internal.embedder.MavenExecutionContext.execute(MavenExecutionContext.java:281)
	at org.eclipse.m2e.core.embedder.IMaven.execute(IMaven.java:300)
	at org.eclipse.m2e.jdt.internal.DownloadSourcesJob.run(DownloadSourcesJob.java:149)
	at org.eclipse.core.internal.jobs.Worker.run(Worker.java:63)
2026-02-09 19:53:35,086 [Worker-24: Download sources and javadoc] INFO  o.e.m.c.i.e.AbstractTransferListenerAdapter - Downloaded https://repo.spring.io/snapshot/org/springframework/boot/spring-boot-starter/2.1.0.RC1/spring-boot-starter-2.1.0.RC1-javadoc.jar
2026-02-09 19:53:35,175 [Worker-24: Download sources and javadoc] INFO  o.e.m.c.i.e.AbstractTransferListenerAdapter - Downloaded https://repo.spring.io/milestone/org/springframework/boot/spring-boot-starter/2.1.0.RC1/spring-boot-starter-2.1.0.RC1-javadoc.jar
2026-02-09 19:53:35,520 [Worker-24: Download sources and javadoc] INFO  o.e.m.c.i.e.AbstractTransferListenerAdapter - Downloaded https://repo.maven.apache.org/maven2/org/springframework/boot/spring-boot-starter/2.1.0.RC1/spring-boot-starter-2.1.0.RC1-javadoc.jar
2026-02-09 19:53:35,523 [Worker-24: Download sources and javadoc] ERROR o.e.m.j.internal.DownloadSourcesJob - Could not download javadoc for org.springframework.boot:spring-boot-starter:2.1.0.RC1
org.eclipse.core.runtime.CoreException: Could not resolve artifact org.springframework.boot:spring-boot-starter:jar:javadoc:2.1.0.RC1
	at org.eclipse.m2e.core.internal.embedder.MavenImpl.lambda$7(MavenImpl.java:554)
	at org.eclipse.m2e.core.internal.embedder.MavenExecutionContext.executeBare(MavenExecutionContext.java:462)
	at org.eclipse.m2e.core.internal.embedder.MavenExecutionContext.execute(MavenExecutionContext.java:295)
	at org.eclipse.m2e.core.internal.embedder.MavenExecutionContext.execute(MavenExecutionContext.java:281)
	at org.eclipse.m2e.core.internal.embedder.MavenImpl.resolve(MavenImpl.java:523)
	at org.eclipse.m2e.core.internal.embedder.MavenImpl.resolve(MavenImpl.java:508)
	at org.eclipse.m2e.jdt.internal.DownloadSourcesJob.download(DownloadSourcesJob.java:308)
	at org.eclipse.m2e.jdt.internal.DownloadSourcesJob.downloadAttachments(DownloadSourcesJob.java:294)
	at org.eclipse.m2e.jdt.internal.DownloadSourcesJob.downloadMaven(DownloadSourcesJob.java:252)
	at org.eclipse.m2e.jdt.internal.DownloadSourcesJob.downloadFilesAndPopulateToUpdate(DownloadSourcesJob.java:220)
	at org.eclipse.m2e.jdt.internal.DownloadSourcesJob.lambda$0(DownloadSourcesJob.java:149)
	at org.eclipse.m2e.core.internal.embedder.MavenExecutionContext.executeBare(MavenExecutionContext.java:462)
	at org.eclipse.m2e.core.internal.embedder.MavenExecutionContext.execute(MavenExecutionContext.java:342)
	at org.eclipse.m2e.core.internal.embedder.MavenExecutionContext.execute(MavenExecutionContext.java:281)
	at org.eclipse.m2e.core.embedder.IMaven.execute(IMaven.java:300)
	at org.eclipse.m2e.jdt.internal.DownloadSourcesJob.run(DownloadSourcesJob.java:149)
	at org.eclipse.core.internal.jobs.Worker.run(Worker.java:63)
2026-02-09 19:53:35,970 [Worker-24: Download sources and javadoc] INFO  o.e.m.c.i.e.AbstractTransferListenerAdapter - Downloaded https://repo.spring.io/snapshot/org/springframework/boot/spring-boot-starter-logging/2.1.0.RC1/spring-boot-starter-logging-2.1.0.RC1-javadoc.jar
2026-02-09 19:53:36,095 [Worker-24: Download sources and javadoc] INFO  o.e.m.c.i.e.AbstractTransferListenerAdapter - Downloaded https://repo.spring.io/milestone/org/springframework/boot/spring-boot-starter-logging/2.1.0.RC1/spring-boot-starter-logging-2.1.0.RC1-javadoc.jar
2026-02-09 19:53:36,626 [Worker-24: Download sources and javadoc] INFO  o.e.m.c.i.e.AbstractTransferListenerAdapter - Downloaded https://repo.maven.apache.org/maven2/org/springframework/boot/spring-boot-starter-logging/2.1.0.RC1/spring-boot-starter-logging-2.1.0.RC1-javadoc.jar
2026-02-09 19:53:36,630 [Worker-24: Download sources and javadoc] ERROR o.e.m.j.internal.DownloadSourcesJob - Could not download javadoc for org.springframework.boot:spring-boot-starter-logging:2.1.0.RC1
org.eclipse.core.runtime.CoreException: Could not resolve artifact org.springframework.boot:spring-boot-starter-logging:jar:javadoc:2.1.0.RC1
	at org.eclipse.m2e.core.internal.embedder.MavenImpl.lambda$7(MavenImpl.java:554)
	at org.eclipse.m2e.core.internal.embedder.MavenExecutionContext.executeBare(MavenExecutionContext.java:462)
	at org.eclipse.m2e.core.internal.embedder.MavenExecutionContext.execute(MavenExecutionContext.java:295)
	at org.eclipse.m2e.core.internal.embedder.MavenExecutionContext.execute(MavenExecutionContext.java:281)
	at org.eclipse.m2e.core.internal.embedder.MavenImpl.resolve(MavenImpl.java:523)
	at org.eclipse.m2e.core.internal.embedder.MavenImpl.resolve(MavenImpl.java:508)
	at org.eclipse.m2e.jdt.internal.DownloadSourcesJob.download(DownloadSourcesJob.java:308)
	at org.eclipse.m2e.jdt.internal.DownloadSourcesJob.downloadAttachments(DownloadSourcesJob.java:294)
	at org.eclipse.m2e.jdt.internal.DownloadSourcesJob.downloadMaven(DownloadSourcesJob.java:252)
	at org.eclipse.m2e.jdt.internal.DownloadSourcesJob.downloadFilesAndPopulateToUpdate(DownloadSourcesJob.java:220)
	at org.eclipse.m2e.jdt.internal.DownloadSourcesJob.lambda$0(DownloadSourcesJob.java:149)
	at org.eclipse.m2e.core.internal.embedder.MavenExecutionContext.executeBare(MavenExecutionContext.java:462)
	at org.eclipse.m2e.core.internal.embedder.MavenExecutionContext.execute(MavenExecutionContext.java:342)
	at org.eclipse.m2e.core.internal.embedder.MavenExecutionContext.execute(MavenExecutionContext.java:281)
	at org.eclipse.m2e.core.embedder.IMaven.execute(IMaven.java:300)
	at org.eclipse.m2e.jdt.internal.DownloadSourcesJob.run(DownloadSourcesJob.java:149)
	at org.eclipse.core.internal.jobs.Worker.run(Worker.java:63)
2026-02-09 19:53:37,119 [Worker-24: Download sources and javadoc] INFO  o.e.m.c.i.e.AbstractTransferListenerAdapter - Downloaded https://repo.spring.io/snapshot/org/springframework/boot/spring-boot-starter-json/2.1.0.RC1/spring-boot-starter-json-2.1.0.RC1-javadoc.jar
2026-02-09 19:53:37,241 [Worker-24: Download sources and javadoc] INFO  o.e.m.c.i.e.AbstractTransferListenerAdapter - Downloaded https://repo.spring.io/milestone/org/springframework/boot/spring-boot-starter-json/2.1.0.RC1/spring-boot-starter-json-2.1.0.RC1-javadoc.jar
2026-02-09 19:53:37,673 [Worker-24: Download sources and javadoc] INFO  o.e.m.c.i.e.AbstractTransferListenerAdapter - Downloaded https://repo.maven.apache.org/maven2/org/springframework/boot/spring-boot-starter-json/2.1.0.RC1/spring-boot-starter-json-2.1.0.RC1-javadoc.jar
2026-02-09 19:53:37,675 [Worker-24: Download sources and javadoc] ERROR o.e.m.j.internal.DownloadSourcesJob - Could not download javadoc for org.springframework.boot:spring-boot-starter-json:2.1.0.RC1
org.eclipse.core.runtime.CoreException: Could not resolve artifact org.springframework.boot:spring-boot-starter-json:jar:javadoc:2.1.0.RC1
	at org.eclipse.m2e.core.internal.embedder.MavenImpl.lambda$7(MavenImpl.java:554)
	at org.eclipse.m2e.core.internal.embedder.MavenExecutionContext.executeBare(MavenExecutionContext.java:462)
	at org.eclipse.m2e.core.internal.embedder.MavenExecutionContext.execute(MavenExecutionContext.java:295)
	at org.eclipse.m2e.core.internal.embedder.MavenExecutionContext.execute(MavenExecutionContext.java:281)
	at org.eclipse.m2e.core.internal.embedder.MavenImpl.resolve(MavenImpl.java:523)
	at org.eclipse.m2e.core.internal.embedder.MavenImpl.resolve(MavenImpl.java:508)
	at org.eclipse.m2e.jdt.internal.DownloadSourcesJob.download(DownloadSourcesJob.java:308)
	at org.eclipse.m2e.jdt.internal.DownloadSourcesJob.downloadAttachments(DownloadSourcesJob.java:294)
	at org.eclipse.m2e.jdt.internal.DownloadSourcesJob.downloadMaven(DownloadSourcesJob.java:252)
	at org.eclipse.m2e.jdt.internal.DownloadSourcesJob.downloadFilesAndPopulateToUpdate(DownloadSourcesJob.java:220)
	at org.eclipse.m2e.jdt.internal.DownloadSourcesJob.lambda$0(DownloadSourcesJob.java:149)
	at org.eclipse.m2e.core.internal.embedder.MavenExecutionContext.executeBare(MavenExecutionContext.java:462)
	at org.eclipse.m2e.core.internal.embedder.MavenExecutionContext.execute(MavenExecutionContext.java:342)
	at org.eclipse.m2e.core.internal.embedder.MavenExecutionContext.execute(MavenExecutionContext.java:281)
	at org.eclipse.m2e.core.embedder.IMaven.execute(IMaven.java:300)
	at org.eclipse.m2e.jdt.internal.DownloadSourcesJob.run(DownloadSourcesJob.java:149)
	at org.eclipse.core.internal.jobs.Worker.run(Worker.java:63)
2026-02-09 19:53:38,172 [Worker-24: Download sources and javadoc] INFO  o.e.m.c.i.e.AbstractTransferListenerAdapter - Downloaded https://repo.spring.io/snapshot/org/springframework/boot/spring-boot-starter-reactor-netty/2.1.0.RC1/spring-boot-starter-reactor-netty-2.1.0.RC1-javadoc.jar
2026-02-09 19:53:38,296 [Worker-24: Download sources and javadoc] INFO  o.e.m.c.i.e.AbstractTransferListenerAdapter - Downloaded https://repo.spring.io/milestone/org/springframework/boot/spring-boot-starter-reactor-netty/2.1.0.RC1/spring-boot-starter-reactor-netty-2.1.0.RC1-javadoc.jar
2026-02-09 19:53:38,794 [Worker-24: Download sources and javadoc] INFO  o.e.m.c.i.e.AbstractTransferListenerAdapter - Downloaded https://repo.maven.apache.org/maven2/org/springframework/boot/spring-boot-starter-reactor-netty/2.1.0.RC1/spring-boot-starter-reactor-netty-2.1.0.RC1-javadoc.jar
2026-02-09 19:53:38,796 [Worker-24: Download sources and javadoc] ERROR o.e.m.j.internal.DownloadSourcesJob - Could not download javadoc for org.springframework.boot:spring-boot-starter-reactor-netty:2.1.0.RC1
org.eclipse.core.runtime.CoreException: Could not resolve artifact org.springframework.boot:spring-boot-starter-reactor-netty:jar:javadoc:2.1.0.RC1
	at org.eclipse.m2e.core.internal.embedder.MavenImpl.lambda$7(MavenImpl.java:554)
	at org.eclipse.m2e.core.internal.embedder.MavenExecutionContext.executeBare(MavenExecutionContext.java:462)
	at org.eclipse.m2e.core.internal.embedder.MavenExecutionContext.execute(MavenExecutionContext.java:295)
	at org.eclipse.m2e.core.internal.embedder.MavenExecutionContext.execute(MavenExecutionContext.java:281)
	at org.eclipse.m2e.core.internal.embedder.MavenImpl.resolve(MavenImpl.java:523)
	at org.eclipse.m2e.core.internal.embedder.MavenImpl.resolve(MavenImpl.java:508)
	at org.eclipse.m2e.jdt.internal.DownloadSourcesJob.download(DownloadSourcesJob.java:308)
	at org.eclipse.m2e.jdt.internal.DownloadSourcesJob.downloadAttachments(DownloadSourcesJob.java:294)
	at org.eclipse.m2e.jdt.internal.DownloadSourcesJob.downloadMaven(DownloadSourcesJob.java:252)
	at org.eclipse.m2e.jdt.internal.DownloadSourcesJob.downloadFilesAndPopulateToUpdate(DownloadSourcesJob.java:220)
	at org.eclipse.m2e.jdt.internal.DownloadSourcesJob.lambda$0(DownloadSourcesJob.java:149)
	at org.eclipse.m2e.core.internal.embedder.MavenExecutionContext.executeBare(MavenExecutionContext.java:462)
	at org.eclipse.m2e.core.internal.embedder.MavenExecutionContext.execute(MavenExecutionContext.java:342)
	at org.eclipse.m2e.core.internal.embedder.MavenExecutionContext.execute(MavenExecutionContext.java:281)
	at org.eclipse.m2e.core.embedder.IMaven.execute(IMaven.java:300)
	at org.eclipse.m2e.jdt.internal.DownloadSourcesJob.run(DownloadSourcesJob.java:149)
	at org.eclipse.core.internal.jobs.Worker.run(Worker.java:63)
2026-02-09 19:53:39,308 [Worker-24: Download sources and javadoc] INFO  o.e.m.c.i.e.AbstractTransferListenerAdapter - Downloaded https://repo.spring.io/snapshot/org/springframework/boot/spring-boot-starter-test/2.1.0.RC1/spring-boot-starter-test-2.1.0.RC1-javadoc.jar
2026-02-09 19:53:39,433 [Worker-24: Download sources and javadoc] INFO  o.e.m.c.i.e.AbstractTransferListenerAdapter - Downloaded https://repo.spring.io/milestone/org/springframework/boot/spring-boot-starter-test/2.1.0.RC1/spring-boot-starter-test-2.1.0.RC1-javadoc.jar
2026-02-09 19:53:39,940 [Worker-24: Download sources and javadoc] INFO  o.e.m.c.i.e.AbstractTransferListenerAdapter - Downloaded https://repo.maven.apache.org/maven2/org/springframework/boot/spring-boot-starter-test/2.1.0.RC1/spring-boot-starter-test-2.1.0.RC1-javadoc.jar
2026-02-09 19:53:39,943 [Worker-24: Download sources and javadoc] ERROR o.e.m.j.internal.DownloadSourcesJob - Could not download javadoc for org.springframework.boot:spring-boot-starter-test:2.1.0.RC1
org.eclipse.core.runtime.CoreException: Could not resolve artifact org.springframework.boot:spring-boot-starter-test:jar:javadoc:2.1.0.RC1
	at org.eclipse.m2e.core.internal.embedder.MavenImpl.lambda$7(MavenImpl.java:554)
	at org.eclipse.m2e.core.internal.embedder.MavenExecutionContext.executeBare(MavenExecutionContext.java:462)
	at org.eclipse.m2e.core.internal.embedder.MavenExecutionContext.execute(MavenExecutionContext.java:295)
	at org.eclipse.m2e.core.internal.embedder.MavenExecutionContext.execute(MavenExecutionContext.java:281)
	at org.eclipse.m2e.core.internal.embedder.MavenImpl.resolve(MavenImpl.java:523)
	at org.eclipse.m2e.core.internal.embedder.MavenImpl.resolve(MavenImpl.java:508)
	at org.eclipse.m2e.jdt.internal.DownloadSourcesJob.download(DownloadSourcesJob.java:308)
	at org.eclipse.m2e.jdt.internal.DownloadSourcesJob.downloadAttachments(DownloadSourcesJob.java:294)
	at org.eclipse.m2e.jdt.internal.DownloadSourcesJob.downloadMaven(DownloadSourcesJob.java:252)
	at org.eclipse.m2e.jdt.internal.DownloadSourcesJob.downloadFilesAndPopulateToUpdate(DownloadSourcesJob.java:220)
	at org.eclipse.m2e.jdt.internal.DownloadSourcesJob.lambda$0(DownloadSourcesJob.java:149)
	at org.eclipse.m2e.core.internal.embedder.MavenExecutionContext.executeBare(MavenExecutionContext.java:462)
	at org.eclipse.m2e.core.internal.embedder.MavenExecutionContext.execute(MavenExecutionContext.java:342)
	at org.eclipse.m2e.core.internal.embedder.MavenExecutionContext.execute(MavenExecutionContext.java:281)
	at org.eclipse.m2e.core.embedder.IMaven.execute(IMaven.java:300)
	at org.eclipse.m2e.jdt.internal.DownloadSourcesJob.run(DownloadSourcesJob.java:149)
	at org.eclipse.core.internal.jobs.Worker.run(Worker.java:63)
2026-02-09 19:55:12,723 [Worker-20: Building] INFO  o.e.m.c.i.embedder.EclipseLogger - Using 'UTF-8' encoding to copy filtered resources.
2026-02-09 19:55:12,723 [Worker-20: Building] INFO  o.e.m.c.i.embedder.EclipseLogger - Copying 1 resource
2026-02-09 19:55:12,726 [Worker-20: Building] INFO  o.e.m.c.i.embedder.EclipseLogger - Copying 0 resource
2026-02-09 19:55:12,729 [Worker-20: Building] INFO  o.e.m.c.i.embedder.EclipseLogger - Using 'UTF-8' encoding to copy filtered resources.
2026-02-09 19:55:12,729 [Worker-20: Building] INFO  o.e.m.c.i.embedder.EclipseLogger - skip non existing resourceDirectory C:\Users\SANDRA\Desktop\Universidad\2026\Semestre 5\Progra 3\Java+MavenArray\15\src\test\resources
2026-02-09 19:55:12,746 [Worker-20: Building] WARN  o.apache.maven.project.MavenProject - Direct modification of compileSourceRoots through clear() is deprecated and will not work in Maven 4.0.0. Please use the add/remove methods instead. If you're using a plugin that causes this warning, please upgrade to the latest version and report an issue if the warning persists. To disable these warnings, set -Dmaven.project.sourceRoots.warningsDisabled=true on the command line, in the .mvn/maven.config file, or in project POM properties.
2026-02-09 19:55:12,747 [Worker-20: Building] WARN  o.apache.maven.project.MavenProject - Direct modification of compileSourceRoots through add() is deprecated and will not work in Maven 4.0.0. Please use the add/remove methods instead. If you're using a plugin that causes this warning, please upgrade to the latest version and report an issue if the warning persists. To disable these warnings, set -Dmaven.project.sourceRoots.warningsDisabled=true on the command line, in the .mvn/maven.config file, or in project POM properties.
2026-02-09 19:55:12,748 [Worker-20: Building] WARN  o.apache.maven.project.MavenProject - Direct modification of testCompileSourceRoots through clear() is deprecated and will not work in Maven 4.0.0. Please use the add/remove methods instead. If you're using a plugin that causes this warning, please upgrade to the latest version and report an issue if the warning persists. To disable these warnings, set -Dmaven.project.sourceRoots.warningsDisabled=true on the command line, in the .mvn/maven.config file, or in project POM properties.
2026-02-09 19:55:12,749 [Worker-20: Building] WARN  o.apache.maven.project.MavenProject - Direct modification of testCompileSourceRoots through add() is deprecated and will not work in Maven 4.0.0. Please use the add/remove methods instead. If you're using a plugin that causes this warning, please upgrade to the latest version and report an issue if the warning persists. To disable these warnings, set -Dmaven.project.sourceRoots.warningsDisabled=true on the command line, in the .mvn/maven.config file, or in project POM properties.
2026-02-09 20:20:50,421 [Worker-2: Loading available Gradle versions] INFO  o.e.b.c.i.u.g.PublishedGradleVersions - Gradle version information cache is up-to-date. Trying to read.
2026-02-09 20:29:34,122 [Worker-6: Loading available Gradle versions] INFO  o.e.b.c.i.u.g.PublishedGradleVersions - Gradle version information cache is up-to-date. Trying to read.
2026-02-09 20:30:42,650 [ModalContext] INFO  o.e.m.c.i.e.AbstractTransferListenerAdapter - Downloading https://repo.maven.apache.org/maven2/ca/dsolutions/java/1.0/java-1.0.pom
2026-02-09 20:30:42,668 [ModalContext] INFO  o.e.m.c.i.e.AbstractTransferListenerAdapter - Downloaded https://repo.maven.apache.org/maven2/ca/dsolutions/java/1.0/java-1.0.pom
2026-02-09 20:30:42,783 [ModalContext] INFO  o.e.m.c.i.e.AbstractTransferListenerAdapter - Downloading https://repo.maven.apache.org/maven2/ca/dsolutions/java/1.0/java-1.0.jar
2026-02-09 20:30:42,788 [ModalContext] INFO  o.e.m.c.i.e.AbstractTransferListenerAdapter - Downloaded https://repo.maven.apache.org/maven2/ca/dsolutions/java/1.0/java-1.0.jar
2026-02-09 20:31:03,591 [Worker-14: Launching mavenrun-46aa602d-5e48-4b94-a658-a4f72c8a3c80] INFO  o.eclipse.m2e.core.internal.Bundles - getClasspathEntries(Bundle=org.eclipse.m2e.maven.runtime_3.9.1101.20251020-1549 [308])
2026-02-09 20:31:03,594 [Worker-14: Launching mavenrun-46aa602d-5e48-4b94-a658-a4f72c8a3c80] INFO  o.eclipse.m2e.core.internal.Bundles - 	Entry: C:\Users\SANDRA\.p2\pool\plugins\org.eclipse.m2e.maven.runtime_3.9.1101.20251020-1549
2026-02-09 20:31:03,594 [Worker-14: Launching mavenrun-46aa602d-5e48-4b94-a658-a4f72c8a3c80] INFO  o.eclipse.m2e.core.internal.Bundles - 	Entry: C:\Users\SANDRA\.p2\pool\plugins\org.eclipse.m2e.maven.runtime_3.9.1101.20251020-1549\jars\aopalliance-1.0.jar
2026-02-09 20:31:03,594 [Worker-14: Launching mavenrun-46aa602d-5e48-4b94-a658-a4f72c8a3c80] INFO  o.eclipse.m2e.core.internal.Bundles - 	Entry: C:\Users\SANDRA\.p2\pool\plugins\org.eclipse.m2e.maven.runtime_3.9.1101.20251020-1549\jars\asm-9.8.jar
2026-02-09 20:31:03,595 [Worker-14: Launching mavenrun-46aa602d-5e48-4b94-a658-a4f72c8a3c80] INFO  o.eclipse.m2e.core.internal.Bundles - 	Entry: C:\Users\SANDRA\.p2\pool\plugins\org.eclipse.m2e.maven.runtime_3.9.1101.20251020-1549\jars\error_prone_annotations-2.38.0.jar
2026-02-09 20:31:03,595 [Worker-14: Launching mavenrun-46aa602d-5e48-4b94-a658-a4f72c8a3c80] INFO  o.eclipse.m2e.core.internal.Bundles - 	Entry: C:\Users\SANDRA\.p2\pool\plugins\org.eclipse.m2e.maven.runtime_3.9.1101.20251020-1549\jars\gson-2.13.1.jar
2026-02-09 20:31:03,595 [Worker-14: Launching mavenrun-46aa602d-5e48-4b94-a658-a4f72c8a3c80] INFO  o.eclipse.m2e.core.internal.Bundles - 	Entry: C:\Users\SANDRA\.p2\pool\plugins\org.eclipse.m2e.maven.runtime_3.9.1101.20251020-1549\jars\guice-5.1.0-classes.jar
2026-02-09 20:31:03,595 [Worker-14: Launching mavenrun-46aa602d-5e48-4b94-a658-a4f72c8a3c80] INFO  o.eclipse.m2e.core.internal.Bundles - 	Entry: C:\Users\SANDRA\.p2\pool\plugins\org.eclipse.m2e.maven.runtime_3.9.1101.20251020-1549\jars\httpclient-4.5.14.jar
2026-02-09 20:31:03,595 [Worker-14: Launching mavenrun-46aa602d-5e48-4b94-a658-a4f72c8a3c80] INFO  o.eclipse.m2e.core.internal.Bundles - 	Entry: C:\Users\SANDRA\.p2\pool\plugins\org.eclipse.m2e.maven.runtime_3.9.1101.20251020-1549\jars\httpcore-4.4.16.jar
2026-02-09 20:31:03,596 [Worker-14: Launching mavenrun-46aa602d-5e48-4b94-a658-a4f72c8a3c80] INFO  o.eclipse.m2e.core.internal.Bundles - 	Entry: C:\Users\SANDRA\.p2\pool\plugins\org.eclipse.m2e.maven.runtime_3.9.1101.20251020-1549\jars\jansi-2.4.2.jar
2026-02-09 20:31:03,596 [Worker-14: Launching mavenrun-46aa602d-5e48-4b94-a658-a4f72c8a3c80] INFO  o.eclipse.m2e.core.internal.Bundles - 	Entry: C:\Users\SANDRA\.p2\pool\plugins\org.eclipse.m2e.maven.runtime_3.9.1101.20251020-1549\jars\jcl-over-slf4j-1.7.36.jar
2026-02-09 20:31:03,596 [Worker-14: Launching mavenrun-46aa602d-5e48-4b94-a658-a4f72c8a3c80] INFO  o.eclipse.m2e.core.internal.Bundles - 	Entry: C:\Users\SANDRA\.p2\pool\plugins\org.eclipse.m2e.maven.runtime_3.9.1101.20251020-1549\jars\maven-artifact-3.9.11.jar
2026-02-09 20:31:03,596 [Worker-14: Launching mavenrun-46aa602d-5e48-4b94-a658-a4f72c8a3c80] INFO  o.eclipse.m2e.core.internal.Bundles - 	Entry: C:\Users\SANDRA\.p2\pool\plugins\org.eclipse.m2e.maven.runtime_3.9.1101.20251020-1549\jars\maven-builder-support-3.9.11.jar
2026-02-09 20:31:03,596 [Worker-14: Launching mavenrun-46aa602d-5e48-4b94-a658-a4f72c8a3c80] INFO  o.eclipse.m2e.core.internal.Bundles - 	Entry: C:\Users\SANDRA\.p2\pool\plugins\org.eclipse.m2e.maven.runtime_3.9.1101.20251020-1549\jars\maven-compat-3.9.11.jar
2026-02-09 20:31:03,596 [Worker-14: Launching mavenrun-46aa602d-5e48-4b94-a658-a4f72c8a3c80] INFO  o.eclipse.m2e.core.internal.Bundles - 	Entry: C:\Users\SANDRA\.p2\pool\plugins\org.eclipse.m2e.maven.runtime_3.9.1101.20251020-1549\jars\maven-core-3.9.11.jar
2026-02-09 20:31:03,597 [Worker-14: Launching mavenrun-46aa602d-5e48-4b94-a658-a4f72c8a3c80] INFO  o.eclipse.m2e.core.internal.Bundles - 	Entry: C:\Users\SANDRA\.p2\pool\plugins\org.eclipse.m2e.maven.runtime_3.9.1101.20251020-1549\jars\maven-embedder-3.9.11.jar
2026-02-09 20:31:03,597 [Worker-14: Launching mavenrun-46aa602d-5e48-4b94-a658-a4f72c8a3c80] INFO  o.eclipse.m2e.core.internal.Bundles - 	Entry: C:\Users\SANDRA\.p2\pool\plugins\org.eclipse.m2e.maven.runtime_3.9.1101.20251020-1549\jars\maven-model-3.9.11.jar
2026-02-09 20:31:03,597 [Worker-14: Launching mavenrun-46aa602d-5e48-4b94-a658-a4f72c8a3c80] INFO  o.eclipse.m2e.core.internal.Bundles - 	Entry: C:\Users\SANDRA\.p2\pool\plugins\org.eclipse.m2e.maven.runtime_3.9.1101.20251020-1549\jars\maven-model-builder-3.9.11.jar
2026-02-09 20:31:03,597 [Worker-14: Launching mavenrun-46aa602d-5e48-4b94-a658-a4f72c8a3c80] INFO  o.eclipse.m2e.core.internal.Bundles - 	Entry: C:\Users\SANDRA\.p2\pool\plugins\org.eclipse.m2e.maven.runtime_3.9.1101.20251020-1549\jars\maven-plugin-api-3.9.11.jar
2026-02-09 20:31:03,597 [Worker-14: Launching mavenrun-46aa602d-5e48-4b94-a658-a4f72c8a3c80] INFO  o.eclipse.m2e.core.internal.Bundles - 	Entry: C:\Users\SANDRA\.p2\pool\plugins\org.eclipse.m2e.maven.runtime_3.9.1101.20251020-1549\jars\maven-repository-metadata-3.9.11.jar
2026-02-09 20:31:03,597 [Worker-14: Launching mavenrun-46aa602d-5e48-4b94-a658-a4f72c8a3c80] INFO  o.eclipse.m2e.core.internal.Bundles - 	Entry: C:\Users\SANDRA\.p2\pool\plugins\org.eclipse.m2e.maven.runtime_3.9.1101.20251020-1549\jars\maven-resolver-api-1.9.24.jar
2026-02-09 20:31:03,598 [Worker-14: Launching mavenrun-46aa602d-5e48-4b94-a658-a4f72c8a3c80] INFO  o.eclipse.m2e.core.internal.Bundles - 	Entry: C:\Users\SANDRA\.p2\pool\plugins\org.eclipse.m2e.maven.runtime_3.9.1101.20251020-1549\jars\maven-resolver-connector-basic-1.9.24.jar
2026-02-09 20:31:03,598 [Worker-14: Launching mavenrun-46aa602d-5e48-4b94-a658-a4f72c8a3c80] INFO  o.eclipse.m2e.core.internal.Bundles - 	Entry: C:\Users\SANDRA\.p2\pool\plugins\org.eclipse.m2e.maven.runtime_3.9.1101.20251020-1549\jars\maven-resolver-impl-1.9.24.jar
2026-02-09 20:31:03,598 [Worker-14: Launching mavenrun-46aa602d-5e48-4b94-a658-a4f72c8a3c80] INFO  o.eclipse.m2e.core.internal.Bundles - 	Entry: C:\Users\SANDRA\.p2\pool\plugins\org.eclipse.m2e.maven.runtime_3.9.1101.20251020-1549\jars\maven-resolver-named-locks-1.9.24.jar
2026-02-09 20:31:03,598 [Worker-14: Launching mavenrun-46aa602d-5e48-4b94-a658-a4f72c8a3c80] INFO  o.eclipse.m2e.core.internal.Bundles - 	Entry: C:\Users\SANDRA\.p2\pool\plugins\org.eclipse.m2e.maven.runtime_3.9.1101.20251020-1549\jars\maven-resolver-provider-3.9.11.jar
2026-02-09 20:31:03,598 [Worker-14: Launching mavenrun-46aa602d-5e48-4b94-a658-a4f72c8a3c80] INFO  o.eclipse.m2e.core.internal.Bundles - 	Entry: C:\Users\SANDRA\.p2\pool\plugins\org.eclipse.m2e.maven.runtime_3.9.1101.20251020-1549\jars\maven-resolver-spi-1.9.24.jar
2026-02-09 20:31:03,599 [Worker-14: Launching mavenrun-46aa602d-5e48-4b94-a658-a4f72c8a3c80] INFO  o.eclipse.m2e.core.internal.Bundles - 	Entry: C:\Users\SANDRA\.p2\pool\plugins\org.eclipse.m2e.maven.runtime_3.9.1101.20251020-1549\jars\maven-resolver-transport-file-1.9.24.jar
2026-02-09 20:31:03,599 [Worker-14: Launching mavenrun-46aa602d-5e48-4b94-a658-a4f72c8a3c80] INFO  o.eclipse.m2e.core.internal.Bundles - 	Entry: C:\Users\SANDRA\.p2\pool\plugins\org.eclipse.m2e.maven.runtime_3.9.1101.20251020-1549\jars\maven-resolver-transport-http-1.9.24.jar
2026-02-09 20:31:03,599 [Worker-14: Launching mavenrun-46aa602d-5e48-4b94-a658-a4f72c8a3c80] INFO  o.eclipse.m2e.core.internal.Bundles - 	Entry: C:\Users\SANDRA\.p2\pool\plugins\org.eclipse.m2e.maven.runtime_3.9.1101.20251020-1549\jars\maven-resolver-transport-wagon-1.9.24.jar
2026-02-09 20:31:03,599 [Worker-14: Launching mavenrun-46aa602d-5e48-4b94-a658-a4f72c8a3c80] INFO  o.eclipse.m2e.core.internal.Bundles - 	Entry: C:\Users\SANDRA\.p2\pool\plugins\org.eclipse.m2e.maven.runtime_3.9.1101.20251020-1549\jars\maven-resolver-util-1.9.24.jar
2026-02-09 20:31:03,599 [Worker-14: Launching mavenrun-46aa602d-5e48-4b94-a658-a4f72c8a3c80] INFO  o.eclipse.m2e.core.internal.Bundles - 	Entry: C:\Users\SANDRA\.p2\pool\plugins\org.eclipse.m2e.maven.runtime_3.9.1101.20251020-1549\jars\maven-settings-3.9.11.jar
2026-02-09 20:31:03,599 [Worker-14: Launching mavenrun-46aa602d-5e48-4b94-a658-a4f72c8a3c80] INFO  o.eclipse.m2e.core.internal.Bundles - 	Entry: C:\Users\SANDRA\.p2\pool\plugins\org.eclipse.m2e.maven.runtime_3.9.1101.20251020-1549\jars\maven-settings-builder-3.9.11.jar
2026-02-09 20:31:03,600 [Worker-14: Launching mavenrun-46aa602d-5e48-4b94-a658-a4f72c8a3c80] INFO  o.eclipse.m2e.core.internal.Bundles - 	Entry: C:\Users\SANDRA\.p2\pool\plugins\org.eclipse.m2e.maven.runtime_3.9.1101.20251020-1549\jars\maven-shared-utils-3.4.2.jar
2026-02-09 20:31:03,600 [Worker-14: Launching mavenrun-46aa602d-5e48-4b94-a658-a4f72c8a3c80] INFO  o.eclipse.m2e.core.internal.Bundles - 	Entry: C:\Users\SANDRA\.p2\pool\plugins\org.eclipse.m2e.maven.runtime_3.9.1101.20251020-1549\jars\org.eclipse.sisu.inject-0.9.0.M4.jar
2026-02-09 20:31:03,600 [Worker-14: Launching mavenrun-46aa602d-5e48-4b94-a658-a4f72c8a3c80] INFO  o.eclipse.m2e.core.internal.Bundles - 	Entry: C:\Users\SANDRA\.p2\pool\plugins\org.eclipse.m2e.maven.runtime_3.9.1101.20251020-1549\jars\org.eclipse.sisu.plexus-0.9.0.M4.jar
2026-02-09 20:31:03,600 [Worker-14: Launching mavenrun-46aa602d-5e48-4b94-a658-a4f72c8a3c80] INFO  o.eclipse.m2e.core.internal.Bundles - 	Entry: C:\Users\SANDRA\.p2\pool\plugins\org.eclipse.m2e.maven.runtime_3.9.1101.20251020-1549\jars\plexus-build-api-0.0.7.jar
2026-02-09 20:31:03,600 [Worker-14: Launching mavenrun-46aa602d-5e48-4b94-a658-a4f72c8a3c80] INFO  o.eclipse.m2e.core.internal.Bundles - 	Entry: C:\Users\SANDRA\.p2\pool\plugins\org.eclipse.m2e.maven.runtime_3.9.1101.20251020-1549\jars\plexus-build-api-1.2.0.jar
2026-02-09 20:31:03,600 [Worker-14: Launching mavenrun-46aa602d-5e48-4b94-a658-a4f72c8a3c80] INFO  o.eclipse.m2e.core.internal.Bundles - 	Entry: C:\Users\SANDRA\.p2\pool\plugins\org.eclipse.m2e.maven.runtime_3.9.1101.20251020-1549\jars\plexus-cipher-2.0.jar
2026-02-09 20:31:03,601 [Worker-14: Launching mavenrun-46aa602d-5e48-4b94-a658-a4f72c8a3c80] INFO  o.eclipse.m2e.core.internal.Bundles - 	Entry: C:\Users\SANDRA\.p2\pool\plugins\org.eclipse.m2e.maven.runtime_3.9.1101.20251020-1549\jars\plexus-classworlds-2.9.0.jar
2026-02-09 20:31:03,601 [Worker-14: Launching mavenrun-46aa602d-5e48-4b94-a658-a4f72c8a3c80] INFO  o.eclipse.m2e.core.internal.Bundles - 	Entry: C:\Users\SANDRA\.p2\pool\plugins\org.eclipse.m2e.maven.runtime_3.9.1101.20251020-1549\jars\plexus-component-annotations-2.2.0.jar
2026-02-09 20:31:03,601 [Worker-14: Launching mavenrun-46aa602d-5e48-4b94-a658-a4f72c8a3c80] INFO  o.eclipse.m2e.core.internal.Bundles - 	Entry: C:\Users\SANDRA\.p2\pool\plugins\org.eclipse.m2e.maven.runtime_3.9.1101.20251020-1549\jars\plexus-interpolation-1.28.jar
2026-02-09 20:31:03,601 [Worker-14: Launching mavenrun-46aa602d-5e48-4b94-a658-a4f72c8a3c80] INFO  o.eclipse.m2e.core.internal.Bundles - 	Entry: C:\Users\SANDRA\.p2\pool\plugins\org.eclipse.m2e.maven.runtime_3.9.1101.20251020-1549\jars\plexus-sec-dispatcher-2.0.jar
2026-02-09 20:31:03,601 [Worker-14: Launching mavenrun-46aa602d-5e48-4b94-a658-a4f72c8a3c80] INFO  o.eclipse.m2e.core.internal.Bundles - 	Entry: C:\Users\SANDRA\.p2\pool\plugins\org.eclipse.m2e.maven.runtime_3.9.1101.20251020-1549\jars\plexus-utils-3.6.0.jar
2026-02-09 20:31:03,602 [Worker-14: Launching mavenrun-46aa602d-5e48-4b94-a658-a4f72c8a3c80] INFO  o.eclipse.m2e.core.internal.Bundles - 	Entry: C:\Users\SANDRA\.p2\pool\plugins\org.eclipse.m2e.maven.runtime_3.9.1101.20251020-1549\jars\wagon-file-3.5.3.jar
2026-02-09 20:31:03,602 [Worker-14: Launching mavenrun-46aa602d-5e48-4b94-a658-a4f72c8a3c80] INFO  o.eclipse.m2e.core.internal.Bundles - 	Entry: C:\Users\SANDRA\.p2\pool\plugins\org.eclipse.m2e.maven.runtime_3.9.1101.20251020-1549\jars\wagon-http-3.5.3.jar
2026-02-09 20:31:03,602 [Worker-14: Launching mavenrun-46aa602d-5e48-4b94-a658-a4f72c8a3c80] INFO  o.eclipse.m2e.core.internal.Bundles - 	Entry: C:\Users\SANDRA\.p2\pool\plugins\org.eclipse.m2e.maven.runtime_3.9.1101.20251020-1549\jars\wagon-http-shared-3.5.3.jar
2026-02-09 20:31:03,604 [Worker-14: Launching mavenrun-46aa602d-5e48-4b94-a658-a4f72c8a3c80] INFO  o.eclipse.m2e.core.internal.Bundles - 	Entry: C:\Users\SANDRA\.p2\pool\plugins\org.eclipse.m2e.maven.runtime_3.9.1101.20251020-1549\jars\wagon-provider-api-3.5.3.jar
2026-02-09 20:31:03,607 [Worker-14: Launching mavenrun-46aa602d-5e48-4b94-a658-a4f72c8a3c80] INFO  o.eclipse.m2e.core.internal.Bundles - getClasspathEntries(Bundle=com.google.guava_33.5.0.jre [13])
2026-02-09 20:31:03,607 [Worker-14: Launching mavenrun-46aa602d-5e48-4b94-a658-a4f72c8a3c80] INFO  o.eclipse.m2e.core.internal.Bundles - 	Entry: C:\Users\SANDRA\.p2\pool\plugins\com.google.guava_33.5.0.jre.jar
2026-02-09 20:31:03,607 [Worker-14: Launching mavenrun-46aa602d-5e48-4b94-a658-a4f72c8a3c80] INFO  o.eclipse.m2e.core.internal.Bundles - getClasspathEntries(Bundle=slf4j.api_2.0.17 [532])
2026-02-09 20:31:03,607 [Worker-14: Launching mavenrun-46aa602d-5e48-4b94-a658-a4f72c8a3c80] INFO  o.eclipse.m2e.core.internal.Bundles - 	Entry: C:\Users\SANDRA\.p2\pool\plugins\slf4j.api_2.0.17.jar
2026-02-09 20:31:03,607 [Worker-14: Launching mavenrun-46aa602d-5e48-4b94-a658-a4f72c8a3c80] INFO  o.eclipse.m2e.core.internal.Bundles - getClasspathEntries(Bundle=jakarta.inject.jakarta.inject-api_1.0.5 [24])
2026-02-09 20:31:03,608 [Worker-14: Launching mavenrun-46aa602d-5e48-4b94-a658-a4f72c8a3c80] INFO  o.eclipse.m2e.core.internal.Bundles - 	Entry: C:\Users\SANDRA\.p2\pool\plugins\jakarta.inject.jakarta.inject-api_1.0.5.jar
2026-02-09 20:31:03,608 [Worker-14: Launching mavenrun-46aa602d-5e48-4b94-a658-a4f72c8a3c80] INFO  o.eclipse.m2e.core.internal.Bundles - getClasspathEntries(Bundle=jakarta.annotation-api_1.3.5 [22])
2026-02-09 20:31:03,609 [Worker-14: Launching mavenrun-46aa602d-5e48-4b94-a658-a4f72c8a3c80] INFO  o.eclipse.m2e.core.internal.Bundles - 	Entry: C:\Users\SANDRA\.p2\pool\plugins\jakarta.annotation-api_1.3.5.jar
2026-02-09 20:31:03,609 [Worker-14: Launching mavenrun-46aa602d-5e48-4b94-a658-a4f72c8a3c80] INFO  o.eclipse.m2e.core.internal.Bundles - getClasspathEntries(Bundle=org.apache.commons.cli_1.11.0 [55])
2026-02-09 20:31:03,610 [Worker-14: Launching mavenrun-46aa602d-5e48-4b94-a658-a4f72c8a3c80] INFO  o.eclipse.m2e.core.internal.Bundles - 	Entry: C:\Users\SANDRA\.p2\pool\plugins\org.apache.commons.cli_1.11.0.jar
2026-02-09 20:31:03,610 [Worker-14: Launching mavenrun-46aa602d-5e48-4b94-a658-a4f72c8a3c80] INFO  o.eclipse.m2e.core.internal.Bundles - getClasspathEntries(Bundle=org.apache.commons.commons-codec_1.20.0 [56])
2026-02-09 20:31:03,611 [Worker-14: Launching mavenrun-46aa602d-5e48-4b94-a658-a4f72c8a3c80] INFO  o.eclipse.m2e.core.internal.Bundles - 	Entry: C:\Users\SANDRA\.p2\pool\plugins\org.apache.commons.commons-codec_1.20.0.jar
2026-02-09 20:31:03,611 [Worker-14: Launching mavenrun-46aa602d-5e48-4b94-a658-a4f72c8a3c80] INFO  o.eclipse.m2e.core.internal.Bundles - getClasspathEntries(Bundle=com.google.guava.failureaccess_1.0.3 [14])
2026-02-09 20:31:03,611 [Worker-14: Launching mavenrun-46aa602d-5e48-4b94-a658-a4f72c8a3c80] INFO  o.eclipse.m2e.core.internal.Bundles - 	Entry: C:\Users\SANDRA\.p2\pool\plugins\com.google.guava.failureaccess_1.0.3.jar
2026-02-09 20:31:03,618 [Worker-14: Launching mavenrun-46aa602d-5e48-4b94-a658-a4f72c8a3c80] INFO  o.e.m.i.launch.MavenLaunchDelegate - Run build in "C:\Users\SANDRA\AppData\Local\Temp\m2e-archetypeGenerator16464229556883030031":
2026-02-09 20:31:03,623 [Worker-14: Launching mavenrun-46aa602d-5e48-4b94-a658-a4f72c8a3c80] INFO  o.e.m.i.launch.MavenLaunchDelegate -  mvn  -DarchetypeGroupId=ca.dsolutions -DarchetypeArtifactId=java -DarchetypeVersion=1.0 -DgroupId=progra3 -DartifactId=Java_Maven -Dversion=0.0.1-SNAPSHOT -Dpackage=progra3.Java_Maven -DoutputDirectory="C:\Users\SANDRA\Desktop\Universidad\2026\Semestre 5\Progra 3\Java+MavenArray" -Dstyle.color=always -U archetype:generate
2026-02-09 20:31:29,990 [Worker-13: Creating java] INFO  o.e.m.c.i.p.ProjectConfigurationManager - Collecting project info '/pom.xml' C:\Users\SANDRA\Desktop\Universidad\2026\Semestre 5\Progra 3\Java+MavenArray\Java_Maven\pom.xml
2026-02-09 20:31:30,577 [Worker-13: Creating java] INFO  o.e.m.c.i.e.AbstractTransferListenerAdapter - Downloading https://repo.maven.apache.org/maven2/org/apache/maven/plugins/maven-resources-plugin/3.3.1/maven-resources-plugin-3.3.1.jar
2026-02-09 20:31:30,587 [Worker-13: Creating java] INFO  o.e.m.c.i.e.AbstractTransferListenerAdapter - Downloaded https://repo.maven.apache.org/maven2/org/apache/maven/plugins/maven-resources-plugin/3.3.1/maven-resources-plugin-3.3.1.jar
2026-02-09 20:31:30,668 [Worker-13: Creating java] INFO  o.e.m.c.i.e.AbstractTransferListenerAdapter - Downloading https://repo.maven.apache.org/maven2/org/apache/maven/plugins/maven-compiler-plugin/3.13.0/maven-compiler-plugin-3.13.0.jar
2026-02-09 20:31:30,726 [Worker-13: Creating java] INFO  o.e.m.c.i.e.AbstractTransferListenerAdapter - Downloaded https://repo.maven.apache.org/maven2/org/apache/maven/plugins/maven-compiler-plugin/3.13.0/maven-compiler-plugin-3.13.0.jar
2026-02-09 20:31:30,818 [Worker-13: Creating java] INFO  o.e.m.c.i.e.AbstractTransferListenerAdapter - Downloading https://repo.maven.apache.org/maven2/org/apache/maven/plugins/maven-surefire-plugin/3.2.5/maven-surefire-plugin-3.2.5.jar
2026-02-09 20:31:30,829 [Worker-13: Creating java] INFO  o.e.m.c.i.e.AbstractTransferListenerAdapter - Downloaded https://repo.maven.apache.org/maven2/org/apache/maven/plugins/maven-surefire-plugin/3.2.5/maven-surefire-plugin-3.2.5.jar
2026-02-09 20:31:30,909 [Worker-13: Creating java] INFO  o.e.m.c.i.e.AbstractTransferListenerAdapter - Downloading https://repo.maven.apache.org/maven2/org/apache/maven/plugins/maven-jar-plugin/3.4.1/maven-jar-plugin-3.4.1.jar
2026-02-09 20:31:30,915 [Worker-13: Creating java] INFO  o.e.m.c.i.e.AbstractTransferListenerAdapter - Downloaded https://repo.maven.apache.org/maven2/org/apache/maven/plugins/maven-jar-plugin/3.4.1/maven-jar-plugin-3.4.1.jar
2026-02-09 20:31:31,015 [Worker-13: Creating java] INFO  o.e.m.c.i.e.AbstractTransferListenerAdapter - Downloading https://repo.maven.apache.org/maven2/org/apache/maven/plugins/maven-compiler-plugin/3.13.0/maven-compiler-plugin-3.13.0.pom
2026-02-09 20:31:31,021 [Worker-13: Creating java] INFO  o.e.m.c.i.e.AbstractTransferListenerAdapter - Downloaded https://repo.maven.apache.org/maven2/org/apache/maven/plugins/maven-compiler-plugin/3.13.0/maven-compiler-plugin-3.13.0.pom
2026-02-09 20:31:31,188 [Worker-13: Creating java] INFO  o.e.m.c.i.e.AbstractTransferListenerAdapter - Downloading https://repo.maven.apache.org/maven2/commons-io/commons-io/2.11.0/commons-io-2.11.0.pom
2026-02-09 20:31:31,193 [Worker-13: Creating java] INFO  o.e.m.c.i.e.AbstractTransferListenerAdapter - Downloaded https://repo.maven.apache.org/maven2/commons-io/commons-io/2.11.0/commons-io-2.11.0.pom
2026-02-09 20:31:31,277 [Worker-13: Creating java] INFO  o.e.m.c.i.e.AbstractTransferListenerAdapter - Downloading https://repo.maven.apache.org/maven2/org/apache/commons/commons-parent/52/commons-parent-52.pom
2026-02-09 20:31:31,284 [Worker-13: Creating java] INFO  o.e.m.c.i.e.AbstractTransferListenerAdapter - Downloaded https://repo.maven.apache.org/maven2/org/apache/commons/commons-parent/52/commons-parent-52.pom
2026-02-09 20:31:31,370 [Worker-13: Creating java] INFO  o.e.m.c.i.e.AbstractTransferListenerAdapter - Downloading https://repo.maven.apache.org/maven2/org/junit/junit-bom/5.7.2/junit-bom-5.7.2.pom
2026-02-09 20:31:31,376 [Worker-13: Creating java] INFO  o.e.m.c.i.e.AbstractTransferListenerAdapter - Downloaded https://repo.maven.apache.org/maven2/org/junit/junit-bom/5.7.2/junit-bom-5.7.2.pom
2026-02-09 20:31:31,478 [Worker-13: Creating java] INFO  o.e.m.c.i.e.AbstractTransferListenerAdapter - Downloading https://repo.maven.apache.org/maven2/org/codehaus/plexus/plexus-java/1.2.0/plexus-java-1.2.0.pom
2026-02-09 20:31:31,483 [Worker-13: Creating java] INFO  o.e.m.c.i.e.AbstractTransferListenerAdapter - Downloaded https://repo.maven.apache.org/maven2/org/codehaus/plexus/plexus-java/1.2.0/plexus-java-1.2.0.pom
2026-02-09 20:31:31,561 [Worker-13: Creating java] INFO  o.e.m.c.i.e.AbstractTransferListenerAdapter - Downloading https://repo.maven.apache.org/maven2/org/codehaus/plexus/plexus-languages/1.2.0/plexus-languages-1.2.0.pom
2026-02-09 20:31:31,566 [Worker-13: Creating java] INFO  o.e.m.c.i.e.AbstractTransferListenerAdapter - Downloaded https://repo.maven.apache.org/maven2/org/codehaus/plexus/plexus-languages/1.2.0/plexus-languages-1.2.0.pom
2026-02-09 20:31:31,646 [Worker-13: Creating java] INFO  o.e.m.c.i.e.AbstractTransferListenerAdapter - Downloading https://repo.maven.apache.org/maven2/org/codehaus/plexus/plexus/15/plexus-15.pom
2026-02-09 20:31:31,653 [Worker-13: Creating java] INFO  o.e.m.c.i.e.AbstractTransferListenerAdapter - Downloaded https://repo.maven.apache.org/maven2/org/codehaus/plexus/plexus/15/plexus-15.pom
2026-02-09 20:31:31,736 [Worker-13: Creating java] INFO  o.e.m.c.i.e.AbstractTransferListenerAdapter - Downloading https://repo.maven.apache.org/maven2/org/junit/junit-bom/5.10.0/junit-bom-5.10.0.pom
2026-02-09 20:31:31,743 [Worker-13: Creating java] INFO  o.e.m.c.i.e.AbstractTransferListenerAdapter - Downloaded https://repo.maven.apache.org/maven2/org/junit/junit-bom/5.10.0/junit-bom-5.10.0.pom
2026-02-09 20:31:31,825 [Worker-13: Creating java] INFO  o.e.m.c.i.e.AbstractTransferListenerAdapter - Downloading https://repo.maven.apache.org/maven2/org/ow2/asm/asm/9.6/asm-9.6.pom
2026-02-09 20:31:31,831 [Worker-13: Creating java] INFO  o.e.m.c.i.e.AbstractTransferListenerAdapter - Downloaded https://repo.maven.apache.org/maven2/org/ow2/asm/asm/9.6/asm-9.6.pom
2026-02-09 20:31:31,918 [Worker-13: Creating java] INFO  o.e.m.c.i.e.AbstractTransferListenerAdapter - Downloading https://repo.maven.apache.org/maven2/org/ow2/ow2/1.5.1/ow2-1.5.1.pom
2026-02-09 20:31:31,925 [Worker-13: Creating java] INFO  o.e.m.c.i.e.AbstractTransferListenerAdapter - Downloaded https://repo.maven.apache.org/maven2/org/ow2/ow2/1.5.1/ow2-1.5.1.pom
2026-02-09 20:31:32,010 [Worker-13: Creating java] INFO  o.e.m.c.i.e.AbstractTransferListenerAdapter - Downloading https://repo.maven.apache.org/maven2/com/thoughtworks/qdox/qdox/2.0.3/qdox-2.0.3.pom
2026-02-09 20:31:32,015 [Worker-13: Creating java] INFO  o.e.m.c.i.e.AbstractTransferListenerAdapter - Downloaded https://repo.maven.apache.org/maven2/com/thoughtworks/qdox/qdox/2.0.3/qdox-2.0.3.pom
2026-02-09 20:31:32,105 [Worker-13: Creating java] INFO  o.e.m.c.i.e.AbstractTransferListenerAdapter - Downloading https://repo.maven.apache.org/maven2/org/codehaus/plexus/plexus-compiler-api/2.15.0/plexus-compiler-api-2.15.0.pom
2026-02-09 20:31:32,111 [Worker-13: Creating java] INFO  o.e.m.c.i.e.AbstractTransferListenerAdapter - Downloaded https://repo.maven.apache.org/maven2/org/codehaus/plexus/plexus-compiler-api/2.15.0/plexus-compiler-api-2.15.0.pom
2026-02-09 20:31:32,188 [Worker-13: Creating java] INFO  o.e.m.c.i.e.AbstractTransferListenerAdapter - Downloading https://repo.maven.apache.org/maven2/org/codehaus/plexus/plexus-compiler/2.15.0/plexus-compiler-2.15.0.pom
2026-02-09 20:31:32,195 [Worker-13: Creating java] INFO  o.e.m.c.i.e.AbstractTransferListenerAdapter - Downloaded https://repo.maven.apache.org/maven2/org/codehaus/plexus/plexus-compiler/2.15.0/plexus-compiler-2.15.0.pom
2026-02-09 20:31:32,276 [Worker-13: Creating java] INFO  o.e.m.c.i.e.AbstractTransferListenerAdapter - Downloading https://repo.maven.apache.org/maven2/org/codehaus/plexus/plexus/17/plexus-17.pom
2026-02-09 20:31:32,284 [Worker-13: Creating java] INFO  o.e.m.c.i.e.AbstractTransferListenerAdapter - Downloaded https://repo.maven.apache.org/maven2/org/codehaus/plexus/plexus/17/plexus-17.pom
2026-02-09 20:31:32,367 [Worker-13: Creating java] INFO  o.e.m.c.i.e.AbstractTransferListenerAdapter - Downloading https://repo.maven.apache.org/maven2/org/codehaus/plexus/plexus-utils/4.0.0/plexus-utils-4.0.0.pom
2026-02-09 20:31:32,374 [Worker-13: Creating java] INFO  o.e.m.c.i.e.AbstractTransferListenerAdapter - Downloaded https://repo.maven.apache.org/maven2/org/codehaus/plexus/plexus-utils/4.0.0/plexus-utils-4.0.0.pom
2026-02-09 20:31:32,451 [Worker-13: Creating java] INFO  o.e.m.c.i.e.AbstractTransferListenerAdapter - Downloading https://repo.maven.apache.org/maven2/org/codehaus/plexus/plexus/13/plexus-13.pom
2026-02-09 20:31:32,457 [Worker-13: Creating java] INFO  o.e.m.c.i.e.AbstractTransferListenerAdapter - Downloaded https://repo.maven.apache.org/maven2/org/codehaus/plexus/plexus/13/plexus-13.pom
2026-02-09 20:31:32,536 [Worker-13: Creating java] INFO  o.e.m.c.i.e.AbstractTransferListenerAdapter - Downloading https://repo.maven.apache.org/maven2/org/junit/junit-bom/5.9.3/junit-bom-5.9.3.pom
2026-02-09 20:31:32,544 [Worker-13: Creating java] INFO  o.e.m.c.i.e.AbstractTransferListenerAdapter - Downloaded https://repo.maven.apache.org/maven2/org/junit/junit-bom/5.9.3/junit-bom-5.9.3.pom
2026-02-09 20:31:32,630 [Worker-13: Creating java] INFO  o.e.m.c.i.e.AbstractTransferListenerAdapter - Downloading https://repo.maven.apache.org/maven2/org/codehaus/plexus/plexus-compiler-manager/2.15.0/plexus-compiler-manager-2.15.0.pom
2026-02-09 20:31:32,635 [Worker-13: Creating java] INFO  o.e.m.c.i.e.AbstractTransferListenerAdapter - Downloaded https://repo.maven.apache.org/maven2/org/codehaus/plexus/plexus-compiler-manager/2.15.0/plexus-compiler-manager-2.15.0.pom
2026-02-09 20:31:32,719 [Worker-13: Creating java] INFO  o.e.m.c.i.e.AbstractTransferListenerAdapter - Downloading https://repo.maven.apache.org/maven2/org/codehaus/plexus/plexus-xml/3.0.0/plexus-xml-3.0.0.pom
2026-02-09 20:31:32,724 [Worker-13: Creating java] INFO  o.e.m.c.i.e.AbstractTransferListenerAdapter - Downloaded https://repo.maven.apache.org/maven2/org/codehaus/plexus/plexus-xml/3.0.0/plexus-xml-3.0.0.pom
2026-02-09 20:31:32,811 [Worker-13: Creating java] INFO  o.e.m.c.i.e.AbstractTransferListenerAdapter - Downloading https://repo.maven.apache.org/maven2/org/codehaus/plexus/plexus-compiler-javac/2.15.0/plexus-compiler-javac-2.15.0.pom
2026-02-09 20:31:32,816 [Worker-13: Creating java] INFO  o.e.m.c.i.e.AbstractTransferListenerAdapter - Downloaded https://repo.maven.apache.org/maven2/org/codehaus/plexus/plexus-compiler-javac/2.15.0/plexus-compiler-javac-2.15.0.pom
2026-02-09 20:31:32,902 [Worker-13: Creating java] INFO  o.e.m.c.i.e.AbstractTransferListenerAdapter - Downloading https://repo.maven.apache.org/maven2/org/codehaus/plexus/plexus-compilers/2.15.0/plexus-compilers-2.15.0.pom
2026-02-09 20:31:32,908 [Worker-13: Creating java] INFO  o.e.m.c.i.e.AbstractTransferListenerAdapter - Downloaded https://repo.maven.apache.org/maven2/org/codehaus/plexus/plexus-compilers/2.15.0/plexus-compilers-2.15.0.pom
2026-02-09 20:31:33,012 [Worker-13: Creating java] INFO  o.e.m.c.i.e.AbstractTransferListenerAdapter - Downloading https://repo.maven.apache.org/maven2/commons-io/commons-io/2.11.0/commons-io-2.11.0.jar
2026-02-09 20:31:33,089 [Worker-13: Creating java] INFO  o.e.m.c.i.e.AbstractTransferListenerAdapter - Downloaded https://repo.maven.apache.org/maven2/commons-io/commons-io/2.11.0/commons-io-2.11.0.jar
2026-02-09 20:31:33,166 [BasicRepositoryConnector-repo.maven.apache.org-0-2] INFO  o.e.m.c.i.e.AbstractTransferListenerAdapter - Downloading https://repo.maven.apache.org/maven2/com/thoughtworks/qdox/qdox/2.0.3/qdox-2.0.3.jar
2026-02-09 20:31:33,206 [BasicRepositoryConnector-repo.maven.apache.org-0-2] INFO  o.e.m.c.i.e.AbstractTransferListenerAdapter - Downloaded https://repo.maven.apache.org/maven2/com/thoughtworks/qdox/qdox/2.0.3/qdox-2.0.3.jar
2026-02-09 20:31:33,283 [BasicRepositoryConnector-repo.maven.apache.org-0-2] INFO  o.e.m.c.i.e.AbstractTransferListenerAdapter - Downloading https://repo.maven.apache.org/maven2/org/codehaus/plexus/plexus-xml/3.0.0/plexus-xml-3.0.0.jar
2026-02-09 20:31:33,288 [BasicRepositoryConnector-repo.maven.apache.org-0-0] INFO  o.e.m.c.i.e.AbstractTransferListenerAdapter - Downloading https://repo.maven.apache.org/maven2/org/codehaus/plexus/plexus-java/1.2.0/plexus-java-1.2.0.jar
2026-02-09 20:31:33,290 [BasicRepositoryConnector-repo.maven.apache.org-0-4] INFO  o.e.m.c.i.e.AbstractTransferListenerAdapter - Downloading https://repo.maven.apache.org/maven2/org/codehaus/plexus/plexus-compiler-manager/2.15.0/plexus-compiler-manager-2.15.0.jar
2026-02-09 20:31:33,294 [BasicRepositoryConnector-repo.maven.apache.org-0-1] INFO  o.e.m.c.i.e.AbstractTransferListenerAdapter - Downloading https://repo.maven.apache.org/maven2/org/ow2/asm/asm/9.6/asm-9.6.jar
2026-02-09 20:31:33,295 [BasicRepositoryConnector-repo.maven.apache.org-0-3] INFO  o.e.m.c.i.e.AbstractTransferListenerAdapter - Downloading https://repo.maven.apache.org/maven2/org/codehaus/plexus/plexus-compiler-api/2.15.0/plexus-compiler-api-2.15.0.jar
2026-02-09 20:31:33,295 [BasicRepositoryConnector-repo.maven.apache.org-0-2] INFO  o.e.m.c.i.e.AbstractTransferListenerAdapter - Downloaded https://repo.maven.apache.org/maven2/org/codehaus/plexus/plexus-xml/3.0.0/plexus-xml-3.0.0.jar
2026-02-09 20:31:33,298 [BasicRepositoryConnector-repo.maven.apache.org-0-4] INFO  o.e.m.c.i.e.AbstractTransferListenerAdapter - Downloaded https://repo.maven.apache.org/maven2/org/codehaus/plexus/plexus-compiler-manager/2.15.0/plexus-compiler-manager-2.15.0.jar
2026-02-09 20:31:33,298 [BasicRepositoryConnector-repo.maven.apache.org-0-0] INFO  o.e.m.c.i.e.AbstractTransferListenerAdapter - Downloaded https://repo.maven.apache.org/maven2/org/codehaus/plexus/plexus-java/1.2.0/plexus-java-1.2.0.jar
2026-02-09 20:31:33,303 [BasicRepositoryConnector-repo.maven.apache.org-0-3] INFO  o.e.m.c.i.e.AbstractTransferListenerAdapter - Downloaded https://repo.maven.apache.org/maven2/org/codehaus/plexus/plexus-compiler-api/2.15.0/plexus-compiler-api-2.15.0.jar
2026-02-09 20:31:33,349 [BasicRepositoryConnector-repo.maven.apache.org-0-1] INFO  o.e.m.c.i.e.AbstractTransferListenerAdapter - Downloaded https://repo.maven.apache.org/maven2/org/ow2/asm/asm/9.6/asm-9.6.jar
2026-02-09 20:31:33,361 [BasicRepositoryConnector-repo.maven.apache.org-0-2] INFO  o.e.m.c.i.e.AbstractTransferListenerAdapter - Downloading https://repo.maven.apache.org/maven2/org/codehaus/plexus/plexus-compiler-javac/2.15.0/plexus-compiler-javac-2.15.0.jar
2026-02-09 20:31:33,366 [BasicRepositoryConnector-repo.maven.apache.org-0-2] INFO  o.e.m.c.i.e.AbstractTransferListenerAdapter - Downloaded https://repo.maven.apache.org/maven2/org/codehaus/plexus/plexus-compiler-javac/2.15.0/plexus-compiler-javac-2.15.0.jar
2026-02-09 20:31:33,371 [BasicRepositoryConnector-repo.maven.apache.org-0-4] INFO  o.e.m.c.i.e.AbstractTransferListenerAdapter - Downloading https://repo.maven.apache.org/maven2/org/codehaus/plexus/plexus-utils/4.0.0/plexus-utils-4.0.0.jar
2026-02-09 20:31:33,483 [BasicRepositoryConnector-repo.maven.apache.org-0-4] INFO  o.e.m.c.i.e.AbstractTransferListenerAdapter - Downloaded https://repo.maven.apache.org/maven2/org/codehaus/plexus/plexus-utils/4.0.0/plexus-utils-4.0.0.jar
2026-02-09 20:31:33,627 [Worker-13: Creating java] INFO  o.e.m.c.i.l.LifecycleMappingFactory - Using org.eclipse.m2e.jdt.JarLifecycleMapping lifecycle mapping for MavenProject: progra3:Java_Maven:0.0.1-SNAPSHOT @ C:\Users\SANDRA\Desktop\Universidad\2026\Semestre 5\Progra 3\Java+MavenArray\Java_Maven\pom.xml.
2026-02-09 20:31:33,741 [Worker-13: Creating java] INFO  o.e.m.c.i.e.AbstractTransferListenerAdapter - Downloading https://repo.maven.apache.org/maven2/com/googlecode/soundlibs/basicplayer/3.0.0.0/basicplayer-3.0.0.0.pom
2026-02-09 20:31:33,745 [Worker-13: Creating java] INFO  o.e.m.c.i.e.AbstractTransferListenerAdapter - Downloaded https://repo.maven.apache.org/maven2/com/googlecode/soundlibs/basicplayer/3.0.0.0/basicplayer-3.0.0.0.pom
2026-02-09 20:31:33,865 [Worker-13: Creating java] INFO  o.e.m.c.i.e.AbstractTransferListenerAdapter - Downloading https://repo.maven.apache.org/maven2/com/googlecode/soundlibs/soundlibs/1.4/soundlibs-1.4.pom
2026-02-09 20:31:33,871 [Worker-13: Creating java] INFO  o.e.m.c.i.e.AbstractTransferListenerAdapter - Downloaded https://repo.maven.apache.org/maven2/com/googlecode/soundlibs/soundlibs/1.4/soundlibs-1.4.pom
2026-02-09 20:31:33,996 [Worker-13: Creating java] INFO  o.e.m.c.i.e.AbstractTransferListenerAdapter - Downloading https://repo.maven.apache.org/maven2/com/googlecode/soundlibs/mp3spi/1.9.5.4/mp3spi-1.9.5.4.pom
2026-02-09 20:31:34,000 [Worker-13: Creating java] INFO  o.e.m.c.i.e.AbstractTransferListenerAdapter - Downloaded https://repo.maven.apache.org/maven2/com/googlecode/soundlibs/mp3spi/1.9.5.4/mp3spi-1.9.5.4.pom
2026-02-09 20:31:34,085 [Worker-13: Creating java] INFO  o.e.m.c.i.e.AbstractTransferListenerAdapter - Downloading https://repo.maven.apache.org/maven2/com/googlecode/soundlibs/jlayer/1.0.1.4/jlayer-1.0.1.4.pom
2026-02-09 20:31:34,090 [Worker-13: Creating java] INFO  o.e.m.c.i.e.AbstractTransferListenerAdapter - Downloaded https://repo.maven.apache.org/maven2/com/googlecode/soundlibs/jlayer/1.0.1.4/jlayer-1.0.1.4.pom
2026-02-09 20:31:34,175 [Worker-13: Creating java] INFO  o.e.m.c.i.e.AbstractTransferListenerAdapter - Downloading https://repo.maven.apache.org/maven2/junit/junit/3.8.2/junit-3.8.2.pom
2026-02-09 20:31:34,180 [Worker-13: Creating java] INFO  o.e.m.c.i.e.AbstractTransferListenerAdapter - Downloaded https://repo.maven.apache.org/maven2/junit/junit/3.8.2/junit-3.8.2.pom
2026-02-09 20:31:34,266 [Worker-13: Creating java] INFO  o.e.m.c.i.e.AbstractTransferListenerAdapter - Downloading https://repo.maven.apache.org/maven2/com/googlecode/soundlibs/tritonus-share/0.3.7.4/tritonus-share-0.3.7.4.pom
2026-02-09 20:31:34,270 [Worker-13: Creating java] INFO  o.e.m.c.i.e.AbstractTransferListenerAdapter - Downloaded https://repo.maven.apache.org/maven2/com/googlecode/soundlibs/tritonus-share/0.3.7.4/tritonus-share-0.3.7.4.pom
2026-02-09 20:31:34,366 [Worker-13: Creating java] INFO  o.e.m.c.i.e.AbstractTransferListenerAdapter - Downloading https://repo.maven.apache.org/maven2/org/slf4j/slf4j-api/1.7.12/slf4j-api-1.7.12.pom
2026-02-09 20:31:34,385 [Worker-13: Creating java] INFO  o.e.m.c.i.e.AbstractTransferListenerAdapter - Downloaded https://repo.maven.apache.org/maven2/org/slf4j/slf4j-api/1.7.12/slf4j-api-1.7.12.pom
2026-02-09 20:31:34,460 [Worker-13: Creating java] INFO  o.e.m.c.i.e.AbstractTransferListenerAdapter - Downloading https://repo.maven.apache.org/maven2/org/slf4j/slf4j-parent/1.7.12/slf4j-parent-1.7.12.pom
2026-02-09 20:31:34,466 [Worker-13: Creating java] INFO  o.e.m.c.i.e.AbstractTransferListenerAdapter - Downloaded https://repo.maven.apache.org/maven2/org/slf4j/slf4j-parent/1.7.12/slf4j-parent-1.7.12.pom
2026-02-09 20:31:34,582 [Worker-13: Creating java] INFO  o.e.m.c.i.e.AbstractTransferListenerAdapter - Downloading https://repo.maven.apache.org/maven2/com/googlecode/soundlibs/basicplayer/3.0.0.0/basicplayer-3.0.0.0.jar
2026-02-09 20:31:34,588 [Worker-13: Creating java] INFO  o.e.m.c.i.e.AbstractTransferListenerAdapter - Downloaded https://repo.maven.apache.org/maven2/com/googlecode/soundlibs/basicplayer/3.0.0.0/basicplayer-3.0.0.0.jar
2026-02-09 20:31:34,656 [BasicRepositoryConnector-repo.maven.apache.org-1-1] INFO  o.e.m.c.i.e.AbstractTransferListenerAdapter - Downloading https://repo.maven.apache.org/maven2/com/googlecode/soundlibs/jlayer/1.0.1.4/jlayer-1.0.1.4.jar
2026-02-09 20:31:34,668 [BasicRepositoryConnector-repo.maven.apache.org-1-1] INFO  o.e.m.c.i.e.AbstractTransferListenerAdapter - Downloaded https://repo.maven.apache.org/maven2/com/googlecode/soundlibs/jlayer/1.0.1.4/jlayer-1.0.1.4.jar
2026-02-09 20:31:34,679 [BasicRepositoryConnector-repo.maven.apache.org-1-4] INFO  o.e.m.c.i.e.AbstractTransferListenerAdapter - Downloading https://repo.maven.apache.org/maven2/org/slf4j/slf4j-api/1.7.12/slf4j-api-1.7.12.jar
2026-02-09 20:31:34,684 [BasicRepositoryConnector-repo.maven.apache.org-1-2] INFO  o.e.m.c.i.e.AbstractTransferListenerAdapter - Downloading https://repo.maven.apache.org/maven2/junit/junit/3.8.2/junit-3.8.2.jar
2026-02-09 20:31:34,688 [BasicRepositoryConnector-repo.maven.apache.org-1-4] INFO  o.e.m.c.i.e.AbstractTransferListenerAdapter - Downloaded https://repo.maven.apache.org/maven2/org/slf4j/slf4j-api/1.7.12/slf4j-api-1.7.12.jar
2026-02-09 20:31:34,697 [BasicRepositoryConnector-repo.maven.apache.org-1-3] INFO  o.e.m.c.i.e.AbstractTransferListenerAdapter - Downloading https://repo.maven.apache.org/maven2/com/googlecode/soundlibs/tritonus-share/0.3.7.4/tritonus-share-0.3.7.4.jar
2026-02-09 20:31:34,732 [BasicRepositoryConnector-repo.maven.apache.org-1-0] INFO  o.e.m.c.i.e.AbstractTransferListenerAdapter - Downloading https://repo.maven.apache.org/maven2/com/googlecode/soundlibs/mp3spi/1.9.5.4/mp3spi-1.9.5.4.jar
2026-02-09 20:31:34,773 [BasicRepositoryConnector-repo.maven.apache.org-1-0] INFO  o.e.m.c.i.e.AbstractTransferListenerAdapter - Downloaded https://repo.maven.apache.org/maven2/com/googlecode/soundlibs/mp3spi/1.9.5.4/mp3spi-1.9.5.4.jar
2026-02-09 20:31:34,774 [BasicRepositoryConnector-repo.maven.apache.org-1-2] INFO  o.e.m.c.i.e.AbstractTransferListenerAdapter - Downloaded https://repo.maven.apache.org/maven2/junit/junit/3.8.2/junit-3.8.2.jar
2026-02-09 20:31:34,876 [BasicRepositoryConnector-repo.maven.apache.org-1-3] INFO  o.e.m.c.i.e.AbstractTransferListenerAdapter - Downloaded https://repo.maven.apache.org/maven2/com/googlecode/soundlibs/tritonus-share/0.3.7.4/tritonus-share-0.3.7.4.jar
2026-02-09 20:31:34,978 [Worker-13: Creating java] INFO  o.e.m.c.i.e.AbstractTransferListenerAdapter - Downloading https://repo.maven.apache.org/maven2/org/apache/maven/plugins/maven-resources-plugin/3.3.1/maven-resources-plugin-3.3.1.pom
2026-02-09 20:31:34,982 [Worker-13: Creating java] INFO  o.e.m.c.i.e.AbstractTransferListenerAdapter - Downloaded https://repo.maven.apache.org/maven2/org/apache/maven/plugins/maven-resources-plugin/3.3.1/maven-resources-plugin-3.3.1.pom
2026-02-09 20:31:35,068 [Worker-13: Creating java] INFO  o.e.m.c.i.e.AbstractTransferListenerAdapter - Downloading https://repo.maven.apache.org/maven2/org/apache/maven/plugins/maven-plugins/39/maven-plugins-39.pom
2026-02-09 20:31:35,075 [Worker-13: Creating java] INFO  o.e.m.c.i.e.AbstractTransferListenerAdapter - Downloaded https://repo.maven.apache.org/maven2/org/apache/maven/plugins/maven-plugins/39/maven-plugins-39.pom
2026-02-09 20:31:35,169 [Worker-13: Creating java] INFO  o.e.m.c.i.e.AbstractTransferListenerAdapter - Downloading https://repo.maven.apache.org/maven2/org/apache/maven/plugins/maven-surefire-plugin/3.2.5/maven-surefire-plugin-3.2.5.pom
2026-02-09 20:31:35,173 [Worker-13: Creating java] INFO  o.e.m.c.i.e.AbstractTransferListenerAdapter - Downloaded https://repo.maven.apache.org/maven2/org/apache/maven/plugins/maven-surefire-plugin/3.2.5/maven-surefire-plugin-3.2.5.pom
2026-02-09 20:31:35,254 [Worker-13: Creating java] INFO  o.e.m.c.i.e.AbstractTransferListenerAdapter - Downloading https://repo.maven.apache.org/maven2/org/apache/maven/surefire/surefire/3.2.5/surefire-3.2.5.pom
2026-02-09 20:31:35,259 [Worker-13: Creating java] INFO  o.e.m.c.i.e.AbstractTransferListenerAdapter - Downloaded https://repo.maven.apache.org/maven2/org/apache/maven/surefire/surefire/3.2.5/surefire-3.2.5.pom
2026-02-09 20:31:35,344 [Worker-13: Creating java] INFO  o.e.m.c.i.e.AbstractTransferListenerAdapter - Downloading https://repo.maven.apache.org/maven2/org/apache/maven/plugins/maven-jar-plugin/3.4.1/maven-jar-plugin-3.4.1.pom
2026-02-09 20:31:35,350 [Worker-13: Creating java] INFO  o.e.m.c.i.e.AbstractTransferListenerAdapter - Downloaded https://repo.maven.apache.org/maven2/org/apache/maven/plugins/maven-jar-plugin/3.4.1/maven-jar-plugin-3.4.1.pom
2026-02-09 20:31:35,452 [Worker-13: Creating java] INFO  o.e.m.c.i.e.AbstractTransferListenerAdapter - Downloading https://repo.maven.apache.org/maven2/org/apache/maven/shared/file-management/3.1.0/file-management-3.1.0.pom
2026-02-09 20:31:35,458 [Worker-13: Creating java] INFO  o.e.m.c.i.e.AbstractTransferListenerAdapter - Downloaded https://repo.maven.apache.org/maven2/org/apache/maven/shared/file-management/3.1.0/file-management-3.1.0.pom
2026-02-09 20:31:35,549 [Worker-13: Creating java] INFO  o.e.m.c.i.e.AbstractTransferListenerAdapter - Downloading https://repo.maven.apache.org/maven2/org/apache/maven/shared/maven-shared-components/36/maven-shared-components-36.pom
2026-02-09 20:31:35,556 [Worker-13: Creating java] INFO  o.e.m.c.i.e.AbstractTransferListenerAdapter - Downloaded https://repo.maven.apache.org/maven2/org/apache/maven/shared/maven-shared-components/36/maven-shared-components-36.pom
2026-02-09 20:31:35,636 [Worker-13: Creating java] INFO  o.e.m.c.i.e.AbstractTransferListenerAdapter - Downloading https://repo.maven.apache.org/maven2/org/codehaus/plexus/plexus-utils/4.0.1/plexus-utils-4.0.1.pom
2026-02-09 20:31:35,641 [Worker-13: Creating java] INFO  o.e.m.c.i.e.AbstractTransferListenerAdapter - Downloaded https://repo.maven.apache.org/maven2/org/codehaus/plexus/plexus-utils/4.0.1/plexus-utils-4.0.1.pom
2026-02-09 20:31:35,722 [Worker-13: Creating java] INFO  o.e.m.c.i.e.AbstractTransferListenerAdapter - Downloading https://repo.maven.apache.org/maven2/commons-io/commons-io/2.16.1/commons-io-2.16.1.pom
2026-02-09 20:31:35,726 [Worker-13: Creating java] INFO  o.e.m.c.i.e.AbstractTransferListenerAdapter - Downloaded https://repo.maven.apache.org/maven2/commons-io/commons-io/2.16.1/commons-io-2.16.1.pom
2026-02-09 20:31:35,807 [Worker-13: Creating java] INFO  o.e.m.c.i.e.AbstractTransferListenerAdapter - Downloading https://repo.maven.apache.org/maven2/org/apache/maven/maven-archiver/3.6.2/maven-archiver-3.6.2.pom
2026-02-09 20:31:35,813 [Worker-13: Creating java] INFO  o.e.m.c.i.e.AbstractTransferListenerAdapter - Downloaded https://repo.maven.apache.org/maven2/org/apache/maven/maven-archiver/3.6.2/maven-archiver-3.6.2.pom
2026-02-09 20:31:35,894 [Worker-13: Creating java] INFO  o.e.m.c.i.e.AbstractTransferListenerAdapter - Downloading https://repo.maven.apache.org/maven2/org/codehaus/plexus/plexus-archiver/4.9.2/plexus-archiver-4.9.2.pom
2026-02-09 20:31:35,899 [Worker-13: Creating java] INFO  o.e.m.c.i.e.AbstractTransferListenerAdapter - Downloaded https://repo.maven.apache.org/maven2/org/codehaus/plexus/plexus-archiver/4.9.2/plexus-archiver-4.9.2.pom
2026-02-09 20:31:35,983 [Worker-13: Creating java] INFO  o.e.m.c.i.e.AbstractTransferListenerAdapter - Downloading https://repo.maven.apache.org/maven2/org/codehaus/plexus/plexus-io/3.4.2/plexus-io-3.4.2.pom
2026-02-09 20:31:35,989 [Worker-13: Creating java] INFO  o.e.m.c.i.e.AbstractTransferListenerAdapter - Downloaded https://repo.maven.apache.org/maven2/org/codehaus/plexus/plexus-io/3.4.2/plexus-io-3.4.2.pom
2026-02-09 20:31:36,069 [Worker-13: Creating java] INFO  o.e.m.c.i.e.AbstractTransferListenerAdapter - Downloading https://repo.maven.apache.org/maven2/org/codehaus/plexus/plexus/16/plexus-16.pom
2026-02-09 20:31:36,075 [Worker-13: Creating java] INFO  o.e.m.c.i.e.AbstractTransferListenerAdapter - Downloaded https://repo.maven.apache.org/maven2/org/codehaus/plexus/plexus/16/plexus-16.pom
2026-02-09 20:31:36,154 [Worker-13: Creating java] INFO  o.e.m.c.i.e.AbstractTransferListenerAdapter - Downloading https://repo.maven.apache.org/maven2/org/junit/junit-bom/5.10.1/junit-bom-5.10.1.pom
2026-02-09 20:31:36,160 [Worker-13: Creating java] INFO  o.e.m.c.i.e.AbstractTransferListenerAdapter - Downloaded https://repo.maven.apache.org/maven2/org/junit/junit-bom/5.10.1/junit-bom-5.10.1.pom
2026-02-09 20:31:36,240 [Worker-13: Creating java] INFO  o.e.m.c.i.e.AbstractTransferListenerAdapter - Downloading https://repo.maven.apache.org/maven2/org/apache/commons/commons-compress/1.26.1/commons-compress-1.26.1.pom
2026-02-09 20:31:36,246 [Worker-13: Creating java] INFO  o.e.m.c.i.e.AbstractTransferListenerAdapter - Downloaded https://repo.maven.apache.org/maven2/org/apache/commons/commons-compress/1.26.1/commons-compress-1.26.1.pom
2026-02-09 20:31:36,332 [Worker-13: Creating java] INFO  o.e.m.c.i.e.AbstractTransferListenerAdapter - Downloading https://repo.maven.apache.org/maven2/org/apache/commons/commons-parent/66/commons-parent-66.pom
2026-02-09 20:31:36,338 [Worker-13: Creating java] INFO  o.e.m.c.i.e.AbstractTransferListenerAdapter - Downloaded https://repo.maven.apache.org/maven2/org/apache/commons/commons-parent/66/commons-parent-66.pom
2026-02-09 20:31:36,424 [Worker-13: Creating java] INFO  o.e.m.c.i.e.AbstractTransferListenerAdapter - Downloading https://repo.maven.apache.org/maven2/commons-codec/commons-codec/1.16.1/commons-codec-1.16.1.pom
2026-02-09 20:31:36,429 [Worker-13: Creating java] INFO  o.e.m.c.i.e.AbstractTransferListenerAdapter - Downloaded https://repo.maven.apache.org/maven2/commons-codec/commons-codec/1.16.1/commons-codec-1.16.1.pom
2026-02-09 20:31:36,512 [Worker-13: Creating java] INFO  o.e.m.c.i.e.AbstractTransferListenerAdapter - Downloading https://repo.maven.apache.org/maven2/org/apache/commons/commons-lang3/3.14.0/commons-lang3-3.14.0.pom
2026-02-09 20:31:36,518 [Worker-13: Creating java] INFO  o.e.m.c.i.e.AbstractTransferListenerAdapter - Downloaded https://repo.maven.apache.org/maven2/org/apache/commons/commons-lang3/3.14.0/commons-lang3-3.14.0.pom
2026-02-09 20:31:36,604 [Worker-13: Creating java] INFO  o.e.m.c.i.e.AbstractTransferListenerAdapter - Downloading https://repo.maven.apache.org/maven2/org/apache/commons/commons-parent/64/commons-parent-64.pom
2026-02-09 20:31:36,612 [Worker-13: Creating java] INFO  o.e.m.c.i.e.AbstractTransferListenerAdapter - Downloaded https://repo.maven.apache.org/maven2/org/apache/commons/commons-parent/64/commons-parent-64.pom
2026-02-09 20:31:36,698 [Worker-13: Creating java] INFO  o.e.m.c.i.e.AbstractTransferListenerAdapter - Downloading https://repo.maven.apache.org/maven2/org/apache/apache/30/apache-30.pom
2026-02-09 20:31:36,703 [Worker-13: Creating java] INFO  o.e.m.c.i.e.AbstractTransferListenerAdapter - Downloaded https://repo.maven.apache.org/maven2/org/apache/apache/30/apache-30.pom
2026-02-09 20:31:36,798 [Worker-13: Creating java] INFO  o.e.m.c.i.e.AbstractTransferListenerAdapter - Downloading https://repo.maven.apache.org/maven2/com/github/luben/zstd-jni/1.5.5-11/zstd-jni-1.5.5-11.pom
2026-02-09 20:31:36,802 [Worker-13: Creating java] INFO  o.e.m.c.i.e.AbstractTransferListenerAdapter - Downloaded https://repo.maven.apache.org/maven2/com/github/luben/zstd-jni/1.5.5-11/zstd-jni-1.5.5-11.pom
2026-02-09 20:31:36,882 [Worker-13: Creating java] INFO  o.e.m.c.i.e.AbstractTransferListenerAdapter - Downloading https://repo.maven.apache.org/maven2/org/codehaus/plexus/plexus-interpolation/1.27/plexus-interpolation-1.27.pom
2026-02-09 20:31:36,886 [Worker-13: Creating java] INFO  o.e.m.c.i.e.AbstractTransferListenerAdapter - Downloaded https://repo.maven.apache.org/maven2/org/codehaus/plexus/plexus-interpolation/1.27/plexus-interpolation-1.27.pom
2026-02-09 20:31:36,975 [Worker-13: Creating java] INFO  o.e.m.c.i.e.AbstractTransferListenerAdapter - Downloading https://repo.maven.apache.org/maven2/org/apache/maven/shared/file-management/3.1.0/file-management-3.1.0.jar
2026-02-09 20:31:36,981 [Worker-13: Creating java] INFO  o.e.m.c.i.e.AbstractTransferListenerAdapter - Downloaded https://repo.maven.apache.org/maven2/org/apache/maven/shared/file-management/3.1.0/file-management-3.1.0.jar
2026-02-09 20:31:37,063 [BasicRepositoryConnector-repo.maven.apache.org-2-4] INFO  o.e.m.c.i.e.AbstractTransferListenerAdapter - Downloading https://repo.maven.apache.org/maven2/org/codehaus/plexus/plexus-archiver/4.9.2/plexus-archiver-4.9.2.jar
2026-02-09 20:31:37,075 [BasicRepositoryConnector-repo.maven.apache.org-2-1] INFO  o.e.m.c.i.e.AbstractTransferListenerAdapter - Downloading https://repo.maven.apache.org/maven2/org/apache/maven/maven-archiver/3.6.2/maven-archiver-3.6.2.jar
2026-02-09 20:31:37,086 [BasicRepositoryConnector-repo.maven.apache.org-2-1] INFO  o.e.m.c.i.e.AbstractTransferListenerAdapter - Downloaded https://repo.maven.apache.org/maven2/org/apache/maven/maven-archiver/3.6.2/maven-archiver-3.6.2.jar
2026-02-09 20:31:37,099 [BasicRepositoryConnector-repo.maven.apache.org-2-2] INFO  o.e.m.c.i.e.AbstractTransferListenerAdapter - Downloading https://repo.maven.apache.org/maven2/org/codehaus/plexus/plexus-interpolation/1.27/plexus-interpolation-1.27.jar
2026-02-09 20:31:37,127 [BasicRepositoryConnector-repo.maven.apache.org-2-4] INFO  o.e.m.c.i.e.AbstractTransferListenerAdapter - Downloaded https://repo.maven.apache.org/maven2/org/codehaus/plexus/plexus-archiver/4.9.2/plexus-archiver-4.9.2.jar
2026-02-09 20:31:37,139 [BasicRepositoryConnector-repo.maven.apache.org-2-3] INFO  o.e.m.c.i.e.AbstractTransferListenerAdapter - Downloading https://repo.maven.apache.org/maven2/org/codehaus/plexus/plexus-utils/4.0.1/plexus-utils-4.0.1.jar
2026-02-09 20:31:37,176 [BasicRepositoryConnector-repo.maven.apache.org-2-0] INFO  o.e.m.c.i.e.AbstractTransferListenerAdapter - Downloading https://repo.maven.apache.org/maven2/commons-io/commons-io/2.16.1/commons-io-2.16.1.jar
2026-02-09 20:31:37,199 [BasicRepositoryConnector-repo.maven.apache.org-2-4] INFO  o.e.m.c.i.e.AbstractTransferListenerAdapter - Downloading https://repo.maven.apache.org/maven2/org/apache/commons/commons-compress/1.26.1/commons-compress-1.26.1.jar
2026-02-09 20:31:37,216 [BasicRepositoryConnector-repo.maven.apache.org-2-1] INFO  o.e.m.c.i.e.AbstractTransferListenerAdapter - Downloading https://repo.maven.apache.org/maven2/org/codehaus/plexus/plexus-io/3.4.2/plexus-io-3.4.2.jar
2026-02-09 20:31:37,220 [BasicRepositoryConnector-repo.maven.apache.org-2-2] INFO  o.e.m.c.i.e.AbstractTransferListenerAdapter - Downloaded https://repo.maven.apache.org/maven2/org/codehaus/plexus/plexus-interpolation/1.27/plexus-interpolation-1.27.jar
2026-02-09 20:31:37,226 [BasicRepositoryConnector-repo.maven.apache.org-2-1] INFO  o.e.m.c.i.e.AbstractTransferListenerAdapter - Downloaded https://repo.maven.apache.org/maven2/org/codehaus/plexus/plexus-io/3.4.2/plexus-io-3.4.2.jar
2026-02-09 20:31:37,267 [BasicRepositoryConnector-repo.maven.apache.org-2-3] INFO  o.e.m.c.i.e.AbstractTransferListenerAdapter - Downloaded https://repo.maven.apache.org/maven2/org/codehaus/plexus/plexus-utils/4.0.1/plexus-utils-4.0.1.jar
2026-02-09 20:31:37,275 [BasicRepositoryConnector-repo.maven.apache.org-2-0] INFO  o.e.m.c.i.e.AbstractTransferListenerAdapter - Downloaded https://repo.maven.apache.org/maven2/commons-io/commons-io/2.16.1/commons-io-2.16.1.jar
2026-02-09 20:31:37,304 [BasicRepositoryConnector-repo.maven.apache.org-2-2] INFO  o.e.m.c.i.e.AbstractTransferListenerAdapter - Downloading https://repo.maven.apache.org/maven2/org/apache/commons/commons-lang3/3.14.0/commons-lang3-3.14.0.jar
2026-02-09 20:31:37,314 [BasicRepositoryConnector-repo.maven.apache.org-2-1] INFO  o.e.m.c.i.e.AbstractTransferListenerAdapter - Downloading https://repo.maven.apache.org/maven2/commons-codec/commons-codec/1.16.1/commons-codec-1.16.1.jar
2026-02-09 20:31:37,366 [BasicRepositoryConnector-repo.maven.apache.org-2-3] INFO  o.e.m.c.i.e.AbstractTransferListenerAdapter - Downloading https://repo.maven.apache.org/maven2/org/tukaani/xz/1.9/xz-1.9.jar
2026-02-09 20:31:37,370 [BasicRepositoryConnector-repo.maven.apache.org-2-0] INFO  o.e.m.c.i.e.AbstractTransferListenerAdapter - Downloading https://repo.maven.apache.org/maven2/com/github/luben/zstd-jni/1.5.5-11/zstd-jni-1.5.5-11.jar
2026-02-09 20:31:37,373 [BasicRepositoryConnector-repo.maven.apache.org-2-4] INFO  o.e.m.c.i.e.AbstractTransferListenerAdapter - Downloaded https://repo.maven.apache.org/maven2/org/apache/commons/commons-compress/1.26.1/commons-compress-1.26.1.jar
2026-02-09 20:31:37,380 [BasicRepositoryConnector-repo.maven.apache.org-2-3] INFO  o.e.m.c.i.e.AbstractTransferListenerAdapter - Downloaded https://repo.maven.apache.org/maven2/org/tukaani/xz/1.9/xz-1.9.jar
2026-02-09 20:31:37,425 [BasicRepositoryConnector-repo.maven.apache.org-2-2] INFO  o.e.m.c.i.e.AbstractTransferListenerAdapter - Downloaded https://repo.maven.apache.org/maven2/org/apache/commons/commons-lang3/3.14.0/commons-lang3-3.14.0.jar
2026-02-09 20:31:37,429 [BasicRepositoryConnector-repo.maven.apache.org-2-1] INFO  o.e.m.c.i.e.AbstractTransferListenerAdapter - Downloaded https://repo.maven.apache.org/maven2/commons-codec/commons-codec/1.16.1/commons-codec-1.16.1.jar
2026-02-09 20:31:37,893 [BasicRepositoryConnector-repo.maven.apache.org-2-0] INFO  o.e.m.c.i.e.AbstractTransferListenerAdapter - Downloaded https://repo.maven.apache.org/maven2/com/github/luben/zstd-jni/1.5.5-11/zstd-jni-1.5.5-11.jar
2026-02-09 20:31:38,360 [Worker-13: Creating java] INFO  o.e.m.c.i.e.AbstractTransferListenerAdapter - Downloading https://repo.maven.apache.org/maven2/org/codehaus/plexus/plexus-interpolation/1.26/plexus-interpolation-1.26.pom
2026-02-09 20:31:38,365 [Worker-13: Creating java] INFO  o.e.m.c.i.e.AbstractTransferListenerAdapter - Downloaded https://repo.maven.apache.org/maven2/org/codehaus/plexus/plexus-interpolation/1.26/plexus-interpolation-1.26.pom
2026-02-09 20:31:38,445 [Worker-13: Creating java] INFO  o.e.m.c.i.e.AbstractTransferListenerAdapter - Downloading https://repo.maven.apache.org/maven2/org/codehaus/plexus/plexus/5.1/plexus-5.1.pom
2026-02-09 20:31:38,450 [Worker-13: Creating java] INFO  o.e.m.c.i.e.AbstractTransferListenerAdapter - Downloaded https://repo.maven.apache.org/maven2/org/codehaus/plexus/plexus/5.1/plexus-5.1.pom
2026-02-09 20:31:38,531 [Worker-13: Creating java] INFO  o.e.m.c.i.e.AbstractTransferListenerAdapter - Downloading https://repo.maven.apache.org/maven2/org/codehaus/plexus/plexus-utils/3.5.1/plexus-utils-3.5.1.pom
2026-02-09 20:31:38,535 [Worker-13: Creating java] INFO  o.e.m.c.i.e.AbstractTransferListenerAdapter - Downloaded https://repo.maven.apache.org/maven2/org/codehaus/plexus/plexus-utils/3.5.1/plexus-utils-3.5.1.pom
2026-02-09 20:31:38,617 [Worker-13: Creating java] INFO  o.e.m.c.i.e.AbstractTransferListenerAdapter - Downloading https://repo.maven.apache.org/maven2/org/codehaus/plexus/plexus/10/plexus-10.pom
2026-02-09 20:31:38,622 [Worker-13: Creating java] INFO  o.e.m.c.i.e.AbstractTransferListenerAdapter - Downloaded https://repo.maven.apache.org/maven2/org/codehaus/plexus/plexus/10/plexus-10.pom
2026-02-09 20:31:38,705 [Worker-13: Creating java] INFO  o.e.m.c.i.e.AbstractTransferListenerAdapter - Downloading https://repo.maven.apache.org/maven2/org/apache/maven/shared/maven-filtering/3.3.1/maven-filtering-3.3.1.pom
2026-02-09 20:31:38,710 [Worker-13: Creating java] INFO  o.e.m.c.i.e.AbstractTransferListenerAdapter - Downloaded https://repo.maven.apache.org/maven2/org/apache/maven/shared/maven-filtering/3.3.1/maven-filtering-3.3.1.pom
2026-02-09 20:31:38,823 [Worker-13: Creating java] INFO  o.e.m.c.i.e.AbstractTransferListenerAdapter - Downloading https://repo.maven.apache.org/maven2/org/codehaus/plexus/plexus-utils/3.5.0/plexus-utils-3.5.0.pom
2026-02-09 20:31:38,828 [Worker-13: Creating java] INFO  o.e.m.c.i.e.AbstractTransferListenerAdapter - Downloaded https://repo.maven.apache.org/maven2/org/codehaus/plexus/plexus-utils/3.5.0/plexus-utils-3.5.0.pom
2026-02-09 20:31:38,923 [Worker-13: Creating java] INFO  o.e.m.c.i.e.AbstractTransferListenerAdapter - Downloading https://repo.maven.apache.org/maven2/org/apache/commons/commons-lang3/3.12.0/commons-lang3-3.12.0.pom
2026-02-09 20:31:38,928 [Worker-13: Creating java] INFO  o.e.m.c.i.e.AbstractTransferListenerAdapter - Downloaded https://repo.maven.apache.org/maven2/org/apache/commons/commons-lang3/3.12.0/commons-lang3-3.12.0.pom
2026-02-09 20:31:39,014 [Worker-13: Creating java] INFO  o.e.m.c.i.e.AbstractTransferListenerAdapter - Downloading https://repo.maven.apache.org/maven2/org/junit/junit-bom/5.7.1/junit-bom-5.7.1.pom
2026-02-09 20:31:39,020 [Worker-13: Creating java] INFO  o.e.m.c.i.e.AbstractTransferListenerAdapter - Downloaded https://repo.maven.apache.org/maven2/org/junit/junit-bom/5.7.1/junit-bom-5.7.1.pom
2026-02-09 20:31:39,107 [Worker-13: Creating java] INFO  o.e.m.c.i.e.AbstractTransferListenerAdapter - Downloading https://repo.maven.apache.org/maven2/org/codehaus/plexus/plexus-interpolation/1.26/plexus-interpolation-1.26.jar
2026-02-09 20:31:39,116 [Worker-13: Creating java] INFO  o.e.m.c.i.e.AbstractTransferListenerAdapter - Downloaded https://repo.maven.apache.org/maven2/org/codehaus/plexus/plexus-interpolation/1.26/plexus-interpolation-1.26.jar
2026-02-09 20:31:39,197 [BasicRepositoryConnector-repo.maven.apache.org-3-1] INFO  o.e.m.c.i.e.AbstractTransferListenerAdapter - Downloading https://repo.maven.apache.org/maven2/org/apache/maven/shared/maven-filtering/3.3.1/maven-filtering-3.3.1.jar
2026-02-09 20:31:39,204 [BasicRepositoryConnector-repo.maven.apache.org-3-1] INFO  o.e.m.c.i.e.AbstractTransferListenerAdapter - Downloaded https://repo.maven.apache.org/maven2/org/apache/maven/shared/maven-filtering/3.3.1/maven-filtering-3.3.1.jar
2026-02-09 20:31:39,269 [BasicRepositoryConnector-repo.maven.apache.org-3-0] INFO  o.e.m.c.i.e.AbstractTransferListenerAdapter - Downloading https://repo.maven.apache.org/maven2/org/codehaus/plexus/plexus-utils/3.5.1/plexus-utils-3.5.1.jar
2026-02-09 20:31:39,280 [BasicRepositoryConnector-repo.maven.apache.org-3-0] INFO  o.e.m.c.i.e.AbstractTransferListenerAdapter - Downloaded https://repo.maven.apache.org/maven2/org/codehaus/plexus/plexus-utils/3.5.1/plexus-utils-3.5.1.jar
2026-02-09 20:31:39,286 [BasicRepositoryConnector-repo.maven.apache.org-3-2] INFO  o.e.m.c.i.e.AbstractTransferListenerAdapter - Downloading https://repo.maven.apache.org/maven2/org/apache/commons/commons-lang3/3.12.0/commons-lang3-3.12.0.jar
2026-02-09 20:31:39,413 [BasicRepositoryConnector-repo.maven.apache.org-3-2] INFO  o.e.m.c.i.e.AbstractTransferListenerAdapter - Downloaded https://repo.maven.apache.org/maven2/org/apache/commons/commons-lang3/3.12.0/commons-lang3-3.12.0.jar
2026-02-09 20:31:39,474 [Worker-13: Creating java] INFO  o.e.m.j.i.AbstractJavaProjectConfigurator - Adding source folder /Java_Maven/src/main/java
2026-02-09 20:31:39,480 [Worker-13: Creating java] INFO  o.e.m.j.i.AbstractJavaProjectConfigurator - Adding resource folder /Java_Maven/src/main/resources
2026-02-09 20:31:39,490 [Worker-13: Creating java] INFO  o.e.m.j.i.AbstractJavaProjectConfigurator - Adding source folder /Java_Maven/src/test/java
2026-02-09 20:31:39,492 [Worker-13: Creating java] INFO  o.e.m.j.i.AbstractJavaProjectConfigurator - Adding resource folder /Java_Maven/src/test/resources
2026-02-09 20:31:39,673 [Worker-14: Download sources and javadoc] INFO  o.e.m.c.i.e.AbstractTransferListenerAdapter - Downloading https://repo.maven.apache.org/maven2/com/googlecode/soundlibs/basicplayer/3.0.0.0/basicplayer-3.0.0.0-sources.jar
2026-02-09 20:31:39,694 [Worker-14: Download sources and javadoc] INFO  o.e.m.c.i.e.AbstractTransferListenerAdapter - Downloaded https://repo.maven.apache.org/maven2/com/googlecode/soundlibs/basicplayer/3.0.0.0/basicplayer-3.0.0.0-sources.jar
2026-02-09 20:31:39,705 [Worker-14: Download sources and javadoc] INFO  o.e.m.j.internal.DownloadSourcesJob - Downloaded sources for com.googlecode.soundlibs:basicplayer:3.0.0.0
2026-02-09 20:31:40,035 [Worker-14: Download sources and javadoc] INFO  o.e.m.c.i.e.AbstractTransferListenerAdapter - Downloading https://repo.maven.apache.org/maven2/com/googlecode/soundlibs/mp3spi/1.9.5.4/mp3spi-1.9.5.4-sources.jar
2026-02-09 20:31:40,054 [Worker-14: Download sources and javadoc] INFO  o.e.m.c.i.e.AbstractTransferListenerAdapter - Downloaded https://repo.maven.apache.org/maven2/com/googlecode/soundlibs/mp3spi/1.9.5.4/mp3spi-1.9.5.4-sources.jar
2026-02-09 20:31:40,066 [Worker-14: Download sources and javadoc] INFO  o.e.m.j.internal.DownloadSourcesJob - Downloaded sources for com.googlecode.soundlibs:mp3spi:1.9.5.4
2026-02-09 20:31:40,354 [Worker-14: Download sources and javadoc] INFO  o.e.m.c.i.e.AbstractTransferListenerAdapter - Downloading https://repo.maven.apache.org/maven2/com/googlecode/soundlibs/jlayer/1.0.1.4/jlayer-1.0.1.4-sources.jar
2026-02-09 20:31:40,472 [Worker-14: Download sources and javadoc] INFO  o.e.m.c.i.e.AbstractTransferListenerAdapter - Downloaded https://repo.maven.apache.org/maven2/com/googlecode/soundlibs/jlayer/1.0.1.4/jlayer-1.0.1.4-sources.jar
2026-02-09 20:31:40,484 [Worker-14: Download sources and javadoc] INFO  o.e.m.j.internal.DownloadSourcesJob - Downloaded sources for com.googlecode.soundlibs:jlayer:1.0.1.4
2026-02-09 20:31:40,507 [Worker-13: Creating java] WARN  o.apache.maven.project.MavenProject - Direct modification of compileSourceRoots through clear() is deprecated and will not work in Maven 4.0.0. Please use the add/remove methods instead. If you're using a plugin that causes this warning, please upgrade to the latest version and report an issue if the warning persists. To disable these warnings, set -Dmaven.project.sourceRoots.warningsDisabled=true on the command line, in the .mvn/maven.config file, or in project POM properties.
2026-02-09 20:31:40,510 [Worker-13: Creating java] WARN  o.apache.maven.project.MavenProject - Direct modification of compileSourceRoots through add() is deprecated and will not work in Maven 4.0.0. Please use the add/remove methods instead. If you're using a plugin that causes this warning, please upgrade to the latest version and report an issue if the warning persists. To disable these warnings, set -Dmaven.project.sourceRoots.warningsDisabled=true on the command line, in the .mvn/maven.config file, or in project POM properties.
2026-02-09 20:31:40,512 [Worker-13: Creating java] WARN  o.apache.maven.project.MavenProject - Direct modification of testCompileSourceRoots through clear() is deprecated and will not work in Maven 4.0.0. Please use the add/remove methods instead. If you're using a plugin that causes this warning, please upgrade to the latest version and report an issue if the warning persists. To disable these warnings, set -Dmaven.project.sourceRoots.warningsDisabled=true on the command line, in the .mvn/maven.config file, or in project POM properties.
2026-02-09 20:31:40,513 [Worker-13: Creating java] WARN  o.apache.maven.project.MavenProject - Direct modification of testCompileSourceRoots through add() is deprecated and will not work in Maven 4.0.0. Please use the add/remove methods instead. If you're using a plugin that causes this warning, please upgrade to the latest version and report an issue if the warning persists. To disable these warnings, set -Dmaven.project.sourceRoots.warningsDisabled=true on the command line, in the .mvn/maven.config file, or in project POM properties.
2026-02-09 20:31:40,531 [Worker-13: Creating java] INFO  o.e.m.c.i.p.ProjectConfigurationManager - Imported and configured 1 project(s) in 10 sec
2026-02-09 20:31:40,704 [Worker-14: Download sources and javadoc] INFO  o.e.m.c.i.e.AbstractTransferListenerAdapter - Downloading https://repo.maven.apache.org/maven2/junit/junit/3.8.2/junit-3.8.2-sources.jar
2026-02-09 20:31:40,712 [Worker-14: Download sources and javadoc] INFO  o.e.m.c.i.e.AbstractTransferListenerAdapter - Downloaded https://repo.maven.apache.org/maven2/junit/junit/3.8.2/junit-3.8.2-sources.jar
2026-02-09 20:31:40,718 [Worker-14: Download sources and javadoc] INFO  o.e.m.j.internal.DownloadSourcesJob - Downloaded sources for junit:junit:3.8.2
2026-02-09 20:31:41,177 [Worker-14: Download sources and javadoc] INFO  o.e.m.c.i.e.AbstractTransferListenerAdapter - Downloading https://repo.maven.apache.org/maven2/com/googlecode/soundlibs/tritonus-share/0.3.7.4/tritonus-share-0.3.7.4-sources.jar
2026-02-09 20:31:41,274 [Worker-14: Download sources and javadoc] INFO  o.e.m.c.i.e.AbstractTransferListenerAdapter - Downloaded https://repo.maven.apache.org/maven2/com/googlecode/soundlibs/tritonus-share/0.3.7.4/tritonus-share-0.3.7.4-sources.jar
2026-02-09 20:31:41,282 [Worker-14: Download sources and javadoc] INFO  o.e.m.j.internal.DownloadSourcesJob - Downloaded sources for com.googlecode.soundlibs:tritonus-share:0.3.7.4
2026-02-09 20:31:41,440 [Worker-10: Building] INFO  o.a.m.s.f.DefaultMavenResourcesFiltering - Copying 0 resource from src\main\resources to target\classes
2026-02-09 20:31:41,446 [Worker-10: Building] INFO  o.a.m.s.f.DefaultMavenResourcesFiltering - skip non existing resourceDirectory C:\Users\SANDRA\Desktop\Universidad\2026\Semestre 5\Progra 3\Java+MavenArray\Java_Maven\src\test\resources
2026-02-09 20:31:41,490 [Worker-14: Download sources and javadoc] INFO  o.e.m.c.i.e.AbstractTransferListenerAdapter - Downloading https://repo.maven.apache.org/maven2/org/slf4j/slf4j-api/1.7.12/slf4j-api-1.7.12-sources.jar
2026-02-09 20:31:41,496 [Worker-14: Download sources and javadoc] INFO  o.e.m.c.i.e.AbstractTransferListenerAdapter - Downloaded https://repo.maven.apache.org/maven2/org/slf4j/slf4j-api/1.7.12/slf4j-api-1.7.12-sources.jar
2026-02-09 20:31:41,502 [Worker-14: Download sources and javadoc] INFO  o.e.m.j.internal.DownloadSourcesJob - Downloaded sources for org.slf4j:slf4j-api:1.7.12
2026-02-09 20:31:41,979 [Worker-10: Building] WARN  o.apache.maven.project.MavenProject - Direct modification of compileSourceRoots through clear() is deprecated and will not work in Maven 4.0.0. Please use the add/remove methods instead. If you're using a plugin that causes this warning, please upgrade to the latest version and report an issue if the warning persists. To disable these warnings, set -Dmaven.project.sourceRoots.warningsDisabled=true on the command line, in the .mvn/maven.config file, or in project POM properties.
2026-02-09 20:31:41,981 [Worker-10: Building] WARN  o.apache.maven.project.MavenProject - Direct modification of compileSourceRoots through add() is deprecated and will not work in Maven 4.0.0. Please use the add/remove methods instead. If you're using a plugin that causes this warning, please upgrade to the latest version and report an issue if the warning persists. To disable these warnings, set -Dmaven.project.sourceRoots.warningsDisabled=true on the command line, in the .mvn/maven.config file, or in project POM properties.
2026-02-09 20:31:41,982 [Worker-10: Building] WARN  o.apache.maven.project.MavenProject - Direct modification of testCompileSourceRoots through clear() is deprecated and will not work in Maven 4.0.0. Please use the add/remove methods instead. If you're using a plugin that causes this warning, please upgrade to the latest version and report an issue if the warning persists. To disable these warnings, set -Dmaven.project.sourceRoots.warningsDisabled=true on the command line, in the .mvn/maven.config file, or in project POM properties.
2026-02-09 20:31:41,983 [Worker-10: Building] WARN  o.apache.maven.project.MavenProject - Direct modification of testCompileSourceRoots through add() is deprecated and will not work in Maven 4.0.0. Please use the add/remove methods instead. If you're using a plugin that causes this warning, please upgrade to the latest version and report an issue if the warning persists. To disable these warnings, set -Dmaven.project.sourceRoots.warningsDisabled=true on the command line, in the .mvn/maven.config file, or in project POM properties.
2026-02-09 20:34:53,874 [Worker-8: Loading available Gradle versions] INFO  o.e.b.c.i.u.g.PublishedGradleVersions - Gradle version information cache is up-to-date. Trying to read.
2026-02-09 20:34:55,891 [Worker-10: Updating Maven Dependencies] INFO  o.e.m.c.i.l.LifecycleMappingFactory - Using org.eclipse.m2e.jdt.JarLifecycleMapping lifecycle mapping for MavenProject: progra3:Java_Maven:0.0.1-SNAPSHOT @ C:\Users\SANDRA\Desktop\Universidad\2026\Semestre 5\Progra 3\Java+MavenArray\Java_Maven\pom.xml.
2026-02-09 20:37:35,262 [Worker-4: Updating Maven Project] INFO  o.e.m.c.i.p.ProjectConfigurationManager - Update started
2026-02-09 20:37:35,583 [Worker-4: Updating Maven Project] INFO  o.e.m.c.i.l.LifecycleMappingFactory - Using org.eclipse.m2e.jdt.JarLifecycleMapping lifecycle mapping for MavenProject: progra3:Java_Maven:0.0.1-SNAPSHOT @ C:\Users\SANDRA\Desktop\Universidad\2026\Semestre 5\Progra 3\Java+MavenArray\Java_Maven\pom.xml.
2026-02-09 20:37:35,834 [Worker-4: Updating Maven Project] INFO  o.e.m.j.i.AbstractJavaProjectConfigurator - Adding source folder /Java_Maven/src/main/java
2026-02-09 20:37:35,840 [Worker-4: Updating Maven Project] INFO  o.e.m.j.i.AbstractJavaProjectConfigurator - Adding resource folder /Java_Maven/src/main/resources
2026-02-09 20:37:35,841 [Worker-4: Updating Maven Project] INFO  o.e.m.j.i.AbstractJavaProjectConfigurator - Adding source folder /Java_Maven/src/test/java
2026-02-09 20:37:35,843 [Worker-4: Updating Maven Project] INFO  o.e.m.j.i.AbstractJavaProjectConfigurator - Adding resource folder /Java_Maven/src/test/resources
2026-02-09 20:37:35,886 [Worker-4: Updating Maven Project] WARN  o.apache.maven.project.MavenProject - Direct modification of compileSourceRoots through clear() is deprecated and will not work in Maven 4.0.0. Please use the add/remove methods instead. If you're using a plugin that causes this warning, please upgrade to the latest version and report an issue if the warning persists. To disable these warnings, set -Dmaven.project.sourceRoots.warningsDisabled=true on the command line, in the .mvn/maven.config file, or in project POM properties.
2026-02-09 20:37:35,889 [Worker-4: Updating Maven Project] WARN  o.apache.maven.project.MavenProject - Direct modification of compileSourceRoots through add() is deprecated and will not work in Maven 4.0.0. Please use the add/remove methods instead. If you're using a plugin that causes this warning, please upgrade to the latest version and report an issue if the warning persists. To disable these warnings, set -Dmaven.project.sourceRoots.warningsDisabled=true on the command line, in the .mvn/maven.config file, or in project POM properties.
2026-02-09 20:37:35,891 [Worker-4: Updating Maven Project] WARN  o.apache.maven.project.MavenProject - Direct modification of testCompileSourceRoots through clear() is deprecated and will not work in Maven 4.0.0. Please use the add/remove methods instead. If you're using a plugin that causes this warning, please upgrade to the latest version and report an issue if the warning persists. To disable these warnings, set -Dmaven.project.sourceRoots.warningsDisabled=true on the command line, in the .mvn/maven.config file, or in project POM properties.
2026-02-09 20:37:35,892 [Worker-4: Updating Maven Project] WARN  o.apache.maven.project.MavenProject - Direct modification of testCompileSourceRoots through add() is deprecated and will not work in Maven 4.0.0. Please use the add/remove methods instead. If you're using a plugin that causes this warning, please upgrade to the latest version and report an issue if the warning persists. To disable these warnings, set -Dmaven.project.sourceRoots.warningsDisabled=true on the command line, in the .mvn/maven.config file, or in project POM properties.
2026-02-09 20:37:36,020 [Worker-4: Updating Maven Project] INFO  o.e.m.c.i.p.ProjectConfigurationManager - Update completed for 1 poms: local refresh takes 0.00 sec, refresh facades takes 0.00 sec, update config takes 0.00 sec 
2026-02-09 20:37:36,459 [Worker-5: Building] INFO  o.a.m.s.f.DefaultMavenResourcesFiltering - Copying 0 resource from src\main\resources to target\classes
2026-02-09 20:37:36,464 [Worker-5: Building] INFO  o.a.m.s.f.DefaultMavenResourcesFiltering - skip non existing resourceDirectory C:\Users\SANDRA\Desktop\Universidad\2026\Semestre 5\Progra 3\Java+MavenArray\Java_Maven\src\test\resources
2026-02-09 20:37:37,021 [Worker-5: Building] WARN  o.apache.maven.project.MavenProject - Direct modification of compileSourceRoots through clear() is deprecated and will not work in Maven 4.0.0. Please use the add/remove methods instead. If you're using a plugin that causes this warning, please upgrade to the latest version and report an issue if the warning persists. To disable these warnings, set -Dmaven.project.sourceRoots.warningsDisabled=true on the command line, in the .mvn/maven.config file, or in project POM properties.
2026-02-09 20:37:37,022 [Worker-5: Building] WARN  o.apache.maven.project.MavenProject - Direct modification of compileSourceRoots through add() is deprecated and will not work in Maven 4.0.0. Please use the add/remove methods instead. If you're using a plugin that causes this warning, please upgrade to the latest version and report an issue if the warning persists. To disable these warnings, set -Dmaven.project.sourceRoots.warningsDisabled=true on the command line, in the .mvn/maven.config file, or in project POM properties.
2026-02-09 20:37:37,023 [Worker-5: Building] WARN  o.apache.maven.project.MavenProject - Direct modification of testCompileSourceRoots through clear() is deprecated and will not work in Maven 4.0.0. Please use the add/remove methods instead. If you're using a plugin that causes this warning, please upgrade to the latest version and report an issue if the warning persists. To disable these warnings, set -Dmaven.project.sourceRoots.warningsDisabled=true on the command line, in the .mvn/maven.config file, or in project POM properties.
2026-02-09 20:37:37,024 [Worker-5: Building] WARN  o.apache.maven.project.MavenProject - Direct modification of testCompileSourceRoots through add() is deprecated and will not work in Maven 4.0.0. Please use the add/remove methods instead. If you're using a plugin that causes this warning, please upgrade to the latest version and report an issue if the warning persists. To disable these warnings, set -Dmaven.project.sourceRoots.warningsDisabled=true on the command line, in the .mvn/maven.config file, or in project POM properties.
2026-02-10 13:31:44,829 [Worker-8: Loading available Gradle versions] INFO  o.e.b.c.i.u.g.PublishedGradleVersions - Gradle version information cache is up-to-date. Trying to read.
2026-02-10 13:35:19,846 [Worker-1: Building] INFO  o.a.m.s.f.DefaultMavenResourcesFiltering - Copying 0 resource from src\main\resources to target\classes
2026-02-10 13:35:19,857 [Worker-1: Building] INFO  o.a.m.s.f.DefaultMavenResourcesFiltering - skip non existing resourceDirectory C:\Users\SANDRA\Desktop\Universidad\2026\Semestre 5\Progra 3\Java+MavenArray\Java_Maven\src\test\resources
2026-02-10 13:35:20,673 [Worker-1: Building] WARN  o.apache.maven.project.MavenProject - Direct modification of compileSourceRoots through clear() is deprecated and will not work in Maven 4.0.0. Please use the add/remove methods instead. If you're using a plugin that causes this warning, please upgrade to the latest version and report an issue if the warning persists. To disable these warnings, set -Dmaven.project.sourceRoots.warningsDisabled=true on the command line, in the .mvn/maven.config file, or in project POM properties.
2026-02-10 13:35:20,675 [Worker-1: Building] WARN  o.apache.maven.project.MavenProject - Direct modification of compileSourceRoots through add() is deprecated and will not work in Maven 4.0.0. Please use the add/remove methods instead. If you're using a plugin that causes this warning, please upgrade to the latest version and report an issue if the warning persists. To disable these warnings, set -Dmaven.project.sourceRoots.warningsDisabled=true on the command line, in the .mvn/maven.config file, or in project POM properties.
2026-02-10 13:35:20,676 [Worker-1: Building] WARN  o.apache.maven.project.MavenProject - Direct modification of testCompileSourceRoots through clear() is deprecated and will not work in Maven 4.0.0. Please use the add/remove methods instead. If you're using a plugin that causes this warning, please upgrade to the latest version and report an issue if the warning persists. To disable these warnings, set -Dmaven.project.sourceRoots.warningsDisabled=true on the command line, in the .mvn/maven.config file, or in project POM properties.
2026-02-10 13:35:20,678 [Worker-1: Building] WARN  o.apache.maven.project.MavenProject - Direct modification of testCompileSourceRoots through add() is deprecated and will not work in Maven 4.0.0. Please use the add/remove methods instead. If you're using a plugin that causes this warning, please upgrade to the latest version and report an issue if the warning persists. To disable these warnings, set -Dmaven.project.sourceRoots.warningsDisabled=true on the command line, in the .mvn/maven.config file, or in project POM properties.
2026-02-10 13:38:08,811 [Worker-17: Launching Main] INFO  o.a.m.s.f.DefaultMavenResourcesFiltering - Copying 0 resource from src\main\resources to target\classes
2026-02-10 13:38:08,816 [Worker-17: Launching Main] INFO  o.a.m.s.f.DefaultMavenResourcesFiltering - skip non existing resourceDirectory C:\Users\SANDRA\Desktop\Universidad\2026\Semestre 5\Progra 3\Java+MavenArray\Java_Maven\src\test\resources
2026-02-10 13:38:08,818 [Worker-17: Launching Main] WARN  o.apache.maven.project.MavenProject - Direct modification of compileSourceRoots through clear() is deprecated and will not work in Maven 4.0.0. Please use the add/remove methods instead. If you're using a plugin that causes this warning, please upgrade to the latest version and report an issue if the warning persists. To disable these warnings, set -Dmaven.project.sourceRoots.warningsDisabled=true on the command line, in the .mvn/maven.config file, or in project POM properties.
2026-02-10 13:38:08,820 [Worker-17: Launching Main] WARN  o.apache.maven.project.MavenProject - Direct modification of compileSourceRoots through add() is deprecated and will not work in Maven 4.0.0. Please use the add/remove methods instead. If you're using a plugin that causes this warning, please upgrade to the latest version and report an issue if the warning persists. To disable these warnings, set -Dmaven.project.sourceRoots.warningsDisabled=true on the command line, in the .mvn/maven.config file, or in project POM properties.
2026-02-10 13:38:08,821 [Worker-17: Launching Main] WARN  o.apache.maven.project.MavenProject - Direct modification of testCompileSourceRoots through clear() is deprecated and will not work in Maven 4.0.0. Please use the add/remove methods instead. If you're using a plugin that causes this warning, please upgrade to the latest version and report an issue if the warning persists. To disable these warnings, set -Dmaven.project.sourceRoots.warningsDisabled=true on the command line, in the .mvn/maven.config file, or in project POM properties.
2026-02-10 13:38:08,823 [Worker-17: Launching Main] WARN  o.apache.maven.project.MavenProject - Direct modification of testCompileSourceRoots through add() is deprecated and will not work in Maven 4.0.0. Please use the add/remove methods instead. If you're using a plugin that causes this warning, please upgrade to the latest version and report an issue if the warning persists. To disable these warnings, set -Dmaven.project.sourceRoots.warningsDisabled=true on the command line, in the .mvn/maven.config file, or in project POM properties.
2026-02-10 18:21:54,903 [Worker-62: Building] INFO  o.a.m.s.f.DefaultMavenResourcesFiltering - Copying 0 resource from src\main\resources to target\classes
2026-02-10 18:21:54,911 [Worker-62: Building] INFO  o.a.m.s.f.DefaultMavenResourcesFiltering - skip non existing resourceDirectory C:\Users\SANDRA\Desktop\Universidad\2026\Semestre 5\Progra 3\Java+MavenArray\Java_Maven\src\test\resources
2026-02-10 18:21:54,912 [Worker-62: Building] WARN  o.apache.maven.project.MavenProject - Direct modification of compileSourceRoots through clear() is deprecated and will not work in Maven 4.0.0. Please use the add/remove methods instead. If you're using a plugin that causes this warning, please upgrade to the latest version and report an issue if the warning persists. To disable these warnings, set -Dmaven.project.sourceRoots.warningsDisabled=true on the command line, in the .mvn/maven.config file, or in project POM properties.
2026-02-10 18:21:54,923 [Worker-62: Building] WARN  o.apache.maven.project.MavenProject - Direct modification of compileSourceRoots through add() is deprecated and will not work in Maven 4.0.0. Please use the add/remove methods instead. If you're using a plugin that causes this warning, please upgrade to the latest version and report an issue if the warning persists. To disable these warnings, set -Dmaven.project.sourceRoots.warningsDisabled=true on the command line, in the .mvn/maven.config file, or in project POM properties.
2026-02-10 18:21:54,924 [Worker-62: Building] WARN  o.apache.maven.project.MavenProject - Direct modification of testCompileSourceRoots through clear() is deprecated and will not work in Maven 4.0.0. Please use the add/remove methods instead. If you're using a plugin that causes this warning, please upgrade to the latest version and report an issue if the warning persists. To disable these warnings, set -Dmaven.project.sourceRoots.warningsDisabled=true on the command line, in the .mvn/maven.config file, or in project POM properties.
2026-02-10 18:21:54,925 [Worker-62: Building] WARN  o.apache.maven.project.MavenProject - Direct modification of testCompileSourceRoots through add() is deprecated and will not work in Maven 4.0.0. Please use the add/remove methods instead. If you're using a plugin that causes this warning, please upgrade to the latest version and report an issue if the warning persists. To disable these warnings, set -Dmaven.project.sourceRoots.warningsDisabled=true on the command line, in the .mvn/maven.config file, or in project POM properties.
2026-02-10 18:24:09,044 [Worker-11: Loading available Gradle versions] INFO  o.e.b.c.i.u.g.PublishedGradleVersions - Gradle version information cache is up-to-date. Trying to read.
2026-02-10 18:41:05,869 [Worker-14: Launching Main] INFO  o.a.m.s.f.DefaultMavenResourcesFiltering - Copying 0 resource from src\main\resources to target\classes
2026-02-10 18:41:05,887 [Worker-14: Launching Main] INFO  o.a.m.s.f.DefaultMavenResourcesFiltering - skip non existing resourceDirectory C:\Users\SANDRA\Desktop\Universidad\2026\Semestre 5\Progra 3\Java+MavenArray\Java_Maven\src\test\resources
2026-02-10 18:41:06,588 [Worker-14: Launching Main] WARN  o.apache.maven.project.MavenProject - Direct modification of compileSourceRoots through clear() is deprecated and will not work in Maven 4.0.0. Please use the add/remove methods instead. If you're using a plugin that causes this warning, please upgrade to the latest version and report an issue if the warning persists. To disable these warnings, set -Dmaven.project.sourceRoots.warningsDisabled=true on the command line, in the .mvn/maven.config file, or in project POM properties.
2026-02-10 18:41:06,590 [Worker-14: Launching Main] WARN  o.apache.maven.project.MavenProject - Direct modification of compileSourceRoots through add() is deprecated and will not work in Maven 4.0.0. Please use the add/remove methods instead. If you're using a plugin that causes this warning, please upgrade to the latest version and report an issue if the warning persists. To disable these warnings, set -Dmaven.project.sourceRoots.warningsDisabled=true on the command line, in the .mvn/maven.config file, or in project POM properties.
2026-02-10 18:41:06,593 [Worker-14: Launching Main] WARN  o.apache.maven.project.MavenProject - Direct modification of testCompileSourceRoots through clear() is deprecated and will not work in Maven 4.0.0. Please use the add/remove methods instead. If you're using a plugin that causes this warning, please upgrade to the latest version and report an issue if the warning persists. To disable these warnings, set -Dmaven.project.sourceRoots.warningsDisabled=true on the command line, in the .mvn/maven.config file, or in project POM properties.
2026-02-10 18:41:06,594 [Worker-14: Launching Main] WARN  o.apache.maven.project.MavenProject - Direct modification of testCompileSourceRoots through add() is deprecated and will not work in Maven 4.0.0. Please use the add/remove methods instead. If you're using a plugin that causes this warning, please upgrade to the latest version and report an issue if the warning persists. To disable these warnings, set -Dmaven.project.sourceRoots.warningsDisabled=true on the command line, in the .mvn/maven.config file, or in project POM properties.
2026-02-10 18:41:19,513 [Worker-4: Launching Main] INFO  o.a.m.s.f.DefaultMavenResourcesFiltering - Copying 0 resource from src\main\resources to target\classes
2026-02-10 18:41:19,519 [Worker-4: Launching Main] INFO  o.a.m.s.f.DefaultMavenResourcesFiltering - skip non existing resourceDirectory C:\Users\SANDRA\Desktop\Universidad\2026\Semestre 5\Progra 3\Java+MavenArray\Java_Maven\src\test\resources
2026-02-10 18:41:19,520 [Worker-4: Launching Main] WARN  o.apache.maven.project.MavenProject - Direct modification of compileSourceRoots through clear() is deprecated and will not work in Maven 4.0.0. Please use the add/remove methods instead. If you're using a plugin that causes this warning, please upgrade to the latest version and report an issue if the warning persists. To disable these warnings, set -Dmaven.project.sourceRoots.warningsDisabled=true on the command line, in the .mvn/maven.config file, or in project POM properties.
2026-02-10 18:41:19,523 [Worker-4: Launching Main] WARN  o.apache.maven.project.MavenProject - Direct modification of compileSourceRoots through add() is deprecated and will not work in Maven 4.0.0. Please use the add/remove methods instead. If you're using a plugin that causes this warning, please upgrade to the latest version and report an issue if the warning persists. To disable these warnings, set -Dmaven.project.sourceRoots.warningsDisabled=true on the command line, in the .mvn/maven.config file, or in project POM properties.
2026-02-10 18:41:19,525 [Worker-4: Launching Main] WARN  o.apache.maven.project.MavenProject - Direct modification of testCompileSourceRoots through clear() is deprecated and will not work in Maven 4.0.0. Please use the add/remove methods instead. If you're using a plugin that causes this warning, please upgrade to the latest version and report an issue if the warning persists. To disable these warnings, set -Dmaven.project.sourceRoots.warningsDisabled=true on the command line, in the .mvn/maven.config file, or in project POM properties.
2026-02-10 18:41:19,526 [Worker-4: Launching Main] WARN  o.apache.maven.project.MavenProject - Direct modification of testCompileSourceRoots through add() is deprecated and will not work in Maven 4.0.0. Please use the add/remove methods instead. If you're using a plugin that causes this warning, please upgrade to the latest version and report an issue if the warning persists. To disable these warnings, set -Dmaven.project.sourceRoots.warningsDisabled=true on the command line, in the .mvn/maven.config file, or in project POM properties.
2026-02-10 18:44:45,027 [Worker-4: Launching Main] INFO  o.a.m.s.f.DefaultMavenResourcesFiltering - Copying 0 resource from src\main\resources to target\classes
2026-02-10 18:44:45,035 [Worker-4: Launching Main] INFO  o.a.m.s.f.DefaultMavenResourcesFiltering - skip non existing resourceDirectory C:\Users\SANDRA\Desktop\Universidad\2026\Semestre 5\Progra 3\Java+MavenArray\Java_Maven\src\test\resources
2026-02-10 18:44:45,036 [Worker-4: Launching Main] WARN  o.apache.maven.project.MavenProject - Direct modification of compileSourceRoots through clear() is deprecated and will not work in Maven 4.0.0. Please use the add/remove methods instead. If you're using a plugin that causes this warning, please upgrade to the latest version and report an issue if the warning persists. To disable these warnings, set -Dmaven.project.sourceRoots.warningsDisabled=true on the command line, in the .mvn/maven.config file, or in project POM properties.
2026-02-10 18:44:45,039 [Worker-4: Launching Main] WARN  o.apache.maven.project.MavenProject - Direct modification of compileSourceRoots through add() is deprecated and will not work in Maven 4.0.0. Please use the add/remove methods instead. If you're using a plugin that causes this warning, please upgrade to the latest version and report an issue if the warning persists. To disable these warnings, set -Dmaven.project.sourceRoots.warningsDisabled=true on the command line, in the .mvn/maven.config file, or in project POM properties.
2026-02-10 18:44:45,042 [Worker-4: Launching Main] WARN  o.apache.maven.project.MavenProject - Direct modification of testCompileSourceRoots through clear() is deprecated and will not work in Maven 4.0.0. Please use the add/remove methods instead. If you're using a plugin that causes this warning, please upgrade to the latest version and report an issue if the warning persists. To disable these warnings, set -Dmaven.project.sourceRoots.warningsDisabled=true on the command line, in the .mvn/maven.config file, or in project POM properties.
2026-02-10 18:44:45,043 [Worker-4: Launching Main] WARN  o.apache.maven.project.MavenProject - Direct modification of testCompileSourceRoots through add() is deprecated and will not work in Maven 4.0.0. Please use the add/remove methods instead. If you're using a plugin that causes this warning, please upgrade to the latest version and report an issue if the warning persists. To disable these warnings, set -Dmaven.project.sourceRoots.warningsDisabled=true on the command line, in the .mvn/maven.config file, or in project POM properties.
2026-02-10 18:51:28,182 [Worker-22: Launching Main] INFO  o.a.m.s.f.DefaultMavenResourcesFiltering - Copying 0 resource from src\main\resources to target\classes
2026-02-10 18:51:28,188 [Worker-22: Launching Main] INFO  o.a.m.s.f.DefaultMavenResourcesFiltering - skip non existing resourceDirectory C:\Users\SANDRA\Desktop\Universidad\2026\Semestre 5\Progra 3\Java+MavenArray\Java_Maven\src\test\resources
2026-02-10 18:51:28,189 [Worker-22: Launching Main] WARN  o.apache.maven.project.MavenProject - Direct modification of compileSourceRoots through clear() is deprecated and will not work in Maven 4.0.0. Please use the add/remove methods instead. If you're using a plugin that causes this warning, please upgrade to the latest version and report an issue if the warning persists. To disable these warnings, set -Dmaven.project.sourceRoots.warningsDisabled=true on the command line, in the .mvn/maven.config file, or in project POM properties.
2026-02-10 18:51:28,193 [Worker-22: Launching Main] WARN  o.apache.maven.project.MavenProject - Direct modification of compileSourceRoots through add() is deprecated and will not work in Maven 4.0.0. Please use the add/remove methods instead. If you're using a plugin that causes this warning, please upgrade to the latest version and report an issue if the warning persists. To disable these warnings, set -Dmaven.project.sourceRoots.warningsDisabled=true on the command line, in the .mvn/maven.config file, or in project POM properties.
2026-02-10 18:51:28,195 [Worker-22: Launching Main] WARN  o.apache.maven.project.MavenProject - Direct modification of testCompileSourceRoots through clear() is deprecated and will not work in Maven 4.0.0. Please use the add/remove methods instead. If you're using a plugin that causes this warning, please upgrade to the latest version and report an issue if the warning persists. To disable these warnings, set -Dmaven.project.sourceRoots.warningsDisabled=true on the command line, in the .mvn/maven.config file, or in project POM properties.
2026-02-10 18:51:28,197 [Worker-22: Launching Main] WARN  o.apache.maven.project.MavenProject - Direct modification of testCompileSourceRoots through add() is deprecated and will not work in Maven 4.0.0. Please use the add/remove methods instead. If you're using a plugin that causes this warning, please upgrade to the latest version and report an issue if the warning persists. To disable these warnings, set -Dmaven.project.sourceRoots.warningsDisabled=true on the command line, in the .mvn/maven.config file, or in project POM properties.
2026-02-10 18:51:59,041 [Worker-14: Launching Main] INFO  o.a.m.s.f.DefaultMavenResourcesFiltering - Copying 0 resource from src\main\resources to target\classes
2026-02-10 18:51:59,047 [Worker-14: Launching Main] INFO  o.a.m.s.f.DefaultMavenResourcesFiltering - skip non existing resourceDirectory C:\Users\SANDRA\Desktop\Universidad\2026\Semestre 5\Progra 3\Java+MavenArray\Java_Maven\src\test\resources
2026-02-10 18:51:59,048 [Worker-14: Launching Main] WARN  o.apache.maven.project.MavenProject - Direct modification of compileSourceRoots through clear() is deprecated and will not work in Maven 4.0.0. Please use the add/remove methods instead. If you're using a plugin that causes this warning, please upgrade to the latest version and report an issue if the warning persists. To disable these warnings, set -Dmaven.project.sourceRoots.warningsDisabled=true on the command line, in the .mvn/maven.config file, or in project POM properties.
2026-02-10 18:51:59,050 [Worker-14: Launching Main] WARN  o.apache.maven.project.MavenProject - Direct modification of compileSourceRoots through add() is deprecated and will not work in Maven 4.0.0. Please use the add/remove methods instead. If you're using a plugin that causes this warning, please upgrade to the latest version and report an issue if the warning persists. To disable these warnings, set -Dmaven.project.sourceRoots.warningsDisabled=true on the command line, in the .mvn/maven.config file, or in project POM properties.
2026-02-10 18:51:59,051 [Worker-14: Launching Main] WARN  o.apache.maven.project.MavenProject - Direct modification of testCompileSourceRoots through clear() is deprecated and will not work in Maven 4.0.0. Please use the add/remove methods instead. If you're using a plugin that causes this warning, please upgrade to the latest version and report an issue if the warning persists. To disable these warnings, set -Dmaven.project.sourceRoots.warningsDisabled=true on the command line, in the .mvn/maven.config file, or in project POM properties.
2026-02-10 18:51:59,052 [Worker-14: Launching Main] WARN  o.apache.maven.project.MavenProject - Direct modification of testCompileSourceRoots through add() is deprecated and will not work in Maven 4.0.0. Please use the add/remove methods instead. If you're using a plugin that causes this warning, please upgrade to the latest version and report an issue if the warning persists. To disable these warnings, set -Dmaven.project.sourceRoots.warningsDisabled=true on the command line, in the .mvn/maven.config file, or in project POM properties.
2026-02-10 18:59:42,897 [Worker-14: Launching Main] INFO  o.a.m.s.f.DefaultMavenResourcesFiltering - Copying 0 resource from src\main\resources to target\classes
2026-02-10 18:59:42,906 [Worker-14: Launching Main] INFO  o.a.m.s.f.DefaultMavenResourcesFiltering - skip non existing resourceDirectory C:\Users\SANDRA\Desktop\Universidad\2026\Semestre 5\Progra 3\Java+MavenArray\Java_Maven\src\test\resources
2026-02-10 18:59:42,907 [Worker-14: Launching Main] WARN  o.apache.maven.project.MavenProject - Direct modification of compileSourceRoots through clear() is deprecated and will not work in Maven 4.0.0. Please use the add/remove methods instead. If you're using a plugin that causes this warning, please upgrade to the latest version and report an issue if the warning persists. To disable these warnings, set -Dmaven.project.sourceRoots.warningsDisabled=true on the command line, in the .mvn/maven.config file, or in project POM properties.
2026-02-10 18:59:42,910 [Worker-14: Launching Main] WARN  o.apache.maven.project.MavenProject - Direct modification of compileSourceRoots through add() is deprecated and will not work in Maven 4.0.0. Please use the add/remove methods instead. If you're using a plugin that causes this warning, please upgrade to the latest version and report an issue if the warning persists. To disable these warnings, set -Dmaven.project.sourceRoots.warningsDisabled=true on the command line, in the .mvn/maven.config file, or in project POM properties.
2026-02-10 18:59:42,912 [Worker-14: Launching Main] WARN  o.apache.maven.project.MavenProject - Direct modification of testCompileSourceRoots through clear() is deprecated and will not work in Maven 4.0.0. Please use the add/remove methods instead. If you're using a plugin that causes this warning, please upgrade to the latest version and report an issue if the warning persists. To disable these warnings, set -Dmaven.project.sourceRoots.warningsDisabled=true on the command line, in the .mvn/maven.config file, or in project POM properties.
2026-02-10 18:59:42,913 [Worker-14: Launching Main] WARN  o.apache.maven.project.MavenProject - Direct modification of testCompileSourceRoots through add() is deprecated and will not work in Maven 4.0.0. Please use the add/remove methods instead. If you're using a plugin that causes this warning, please upgrade to the latest version and report an issue if the warning persists. To disable these warnings, set -Dmaven.project.sourceRoots.warningsDisabled=true on the command line, in the .mvn/maven.config file, or in project POM properties.
2026-02-10 19:11:51,808 [Worker-27: Building] INFO  o.a.m.s.f.DefaultMavenResourcesFiltering - Copying 0 resource from src\main\resources to target\classes
2026-02-10 19:11:51,821 [Worker-27: Building] INFO  o.a.m.s.f.DefaultMavenResourcesFiltering - skip non existing resourceDirectory C:\Users\SANDRA\Desktop\Universidad\2026\Semestre 5\Progra 3\Java+MavenArray\Java_Maven\src\test\resources
2026-02-10 19:11:51,825 [Worker-27: Building] WARN  o.apache.maven.project.MavenProject - Direct modification of compileSourceRoots through clear() is deprecated and will not work in Maven 4.0.0. Please use the add/remove methods instead. If you're using a plugin that causes this warning, please upgrade to the latest version and report an issue if the warning persists. To disable these warnings, set -Dmaven.project.sourceRoots.warningsDisabled=true on the command line, in the .mvn/maven.config file, or in project POM properties.
2026-02-10 19:11:51,827 [Worker-27: Building] WARN  o.apache.maven.project.MavenProject - Direct modification of compileSourceRoots through add() is deprecated and will not work in Maven 4.0.0. Please use the add/remove methods instead. If you're using a plugin that causes this warning, please upgrade to the latest version and report an issue if the warning persists. To disable these warnings, set -Dmaven.project.sourceRoots.warningsDisabled=true on the command line, in the .mvn/maven.config file, or in project POM properties.
2026-02-10 19:11:51,832 [Worker-27: Building] WARN  o.apache.maven.project.MavenProject - Direct modification of testCompileSourceRoots through clear() is deprecated and will not work in Maven 4.0.0. Please use the add/remove methods instead. If you're using a plugin that causes this warning, please upgrade to the latest version and report an issue if the warning persists. To disable these warnings, set -Dmaven.project.sourceRoots.warningsDisabled=true on the command line, in the .mvn/maven.config file, or in project POM properties.
2026-02-10 19:11:51,833 [Worker-27: Building] WARN  o.apache.maven.project.MavenProject - Direct modification of testCompileSourceRoots through add() is deprecated and will not work in Maven 4.0.0. Please use the add/remove methods instead. If you're using a plugin that causes this warning, please upgrade to the latest version and report an issue if the warning persists. To disable these warnings, set -Dmaven.project.sourceRoots.warningsDisabled=true on the command line, in the .mvn/maven.config file, or in project POM properties.
2026-02-10 19:12:41,425 [Worker-27: Launching Main] INFO  o.a.m.s.f.DefaultMavenResourcesFiltering - Copying 0 resource from src\main\resources to target\classes
2026-02-10 19:12:41,431 [Worker-27: Launching Main] INFO  o.a.m.s.f.DefaultMavenResourcesFiltering - skip non existing resourceDirectory C:\Users\SANDRA\Desktop\Universidad\2026\Semestre 5\Progra 3\Java+MavenArray\Java_Maven\src\test\resources
2026-02-10 19:12:41,432 [Worker-27: Launching Main] WARN  o.apache.maven.project.MavenProject - Direct modification of compileSourceRoots through clear() is deprecated and will not work in Maven 4.0.0. Please use the add/remove methods instead. If you're using a plugin that causes this warning, please upgrade to the latest version and report an issue if the warning persists. To disable these warnings, set -Dmaven.project.sourceRoots.warningsDisabled=true on the command line, in the .mvn/maven.config file, or in project POM properties.
2026-02-10 19:12:41,434 [Worker-27: Launching Main] WARN  o.apache.maven.project.MavenProject - Direct modification of compileSourceRoots through add() is deprecated and will not work in Maven 4.0.0. Please use the add/remove methods instead. If you're using a plugin that causes this warning, please upgrade to the latest version and report an issue if the warning persists. To disable these warnings, set -Dmaven.project.sourceRoots.warningsDisabled=true on the command line, in the .mvn/maven.config file, or in project POM properties.
2026-02-10 19:12:41,436 [Worker-27: Launching Main] WARN  o.apache.maven.project.MavenProject - Direct modification of testCompileSourceRoots through clear() is deprecated and will not work in Maven 4.0.0. Please use the add/remove methods instead. If you're using a plugin that causes this warning, please upgrade to the latest version and report an issue if the warning persists. To disable these warnings, set -Dmaven.project.sourceRoots.warningsDisabled=true on the command line, in the .mvn/maven.config file, or in project POM properties.
2026-02-10 19:12:41,438 [Worker-27: Launching Main] WARN  o.apache.maven.project.MavenProject - Direct modification of testCompileSourceRoots through add() is deprecated and will not work in Maven 4.0.0. Please use the add/remove methods instead. If you're using a plugin that causes this warning, please upgrade to the latest version and report an issue if the warning persists. To disable these warnings, set -Dmaven.project.sourceRoots.warningsDisabled=true on the command line, in the .mvn/maven.config file, or in project POM properties.
2026-02-10 20:09:39,954 [Worker-39: Launching Main] INFO  o.a.m.s.f.DefaultMavenResourcesFiltering - Copying 0 resource from src\main\resources to target\classes
2026-02-10 20:09:39,959 [Worker-39: Launching Main] INFO  o.a.m.s.f.DefaultMavenResourcesFiltering - skip non existing resourceDirectory C:\Users\SANDRA\Desktop\Universidad\2026\Semestre 5\Progra 3\Java+MavenArray\Java_Maven\src\test\resources
2026-02-10 20:09:39,960 [Worker-39: Launching Main] WARN  o.apache.maven.project.MavenProject - Direct modification of compileSourceRoots through clear() is deprecated and will not work in Maven 4.0.0. Please use the add/remove methods instead. If you're using a plugin that causes this warning, please upgrade to the latest version and report an issue if the warning persists. To disable these warnings, set -Dmaven.project.sourceRoots.warningsDisabled=true on the command line, in the .mvn/maven.config file, or in project POM properties.
2026-02-10 20:09:39,962 [Worker-39: Launching Main] WARN  o.apache.maven.project.MavenProject - Direct modification of compileSourceRoots through add() is deprecated and will not work in Maven 4.0.0. Please use the add/remove methods instead. If you're using a plugin that causes this warning, please upgrade to the latest version and report an issue if the warning persists. To disable these warnings, set -Dmaven.project.sourceRoots.warningsDisabled=true on the command line, in the .mvn/maven.config file, or in project POM properties.
2026-02-10 20:09:39,963 [Worker-39: Launching Main] WARN  o.apache.maven.project.MavenProject - Direct modification of testCompileSourceRoots through clear() is deprecated and will not work in Maven 4.0.0. Please use the add/remove methods instead. If you're using a plugin that causes this warning, please upgrade to the latest version and report an issue if the warning persists. To disable these warnings, set -Dmaven.project.sourceRoots.warningsDisabled=true on the command line, in the .mvn/maven.config file, or in project POM properties.
2026-02-10 20:09:39,963 [Worker-39: Launching Main] WARN  o.apache.maven.project.MavenProject - Direct modification of testCompileSourceRoots through add() is deprecated and will not work in Maven 4.0.0. Please use the add/remove methods instead. If you're using a plugin that causes this warning, please upgrade to the latest version and report an issue if the warning persists. To disable these warnings, set -Dmaven.project.sourceRoots.warningsDisabled=true on the command line, in the .mvn/maven.config file, or in project POM properties.
2026-02-10 20:11:22,716 [Worker-36: Launching Main] INFO  o.a.m.s.f.DefaultMavenResourcesFiltering - Copying 0 resource from src\main\resources to target\classes
2026-02-10 20:11:22,721 [Worker-36: Launching Main] INFO  o.a.m.s.f.DefaultMavenResourcesFiltering - skip non existing resourceDirectory C:\Users\SANDRA\Desktop\Universidad\2026\Semestre 5\Progra 3\Java+MavenArray\Java_Maven\src\test\resources
2026-02-10 20:11:22,722 [Worker-36: Launching Main] WARN  o.apache.maven.project.MavenProject - Direct modification of compileSourceRoots through clear() is deprecated and will not work in Maven 4.0.0. Please use the add/remove methods instead. If you're using a plugin that causes this warning, please upgrade to the latest version and report an issue if the warning persists. To disable these warnings, set -Dmaven.project.sourceRoots.warningsDisabled=true on the command line, in the .mvn/maven.config file, or in project POM properties.
2026-02-10 20:11:22,723 [Worker-36: Launching Main] WARN  o.apache.maven.project.MavenProject - Direct modification of compileSourceRoots through add() is deprecated and will not work in Maven 4.0.0. Please use the add/remove methods instead. If you're using a plugin that causes this warning, please upgrade to the latest version and report an issue if the warning persists. To disable these warnings, set -Dmaven.project.sourceRoots.warningsDisabled=true on the command line, in the .mvn/maven.config file, or in project POM properties.
2026-02-10 20:11:22,725 [Worker-36: Launching Main] WARN  o.apache.maven.project.MavenProject - Direct modification of testCompileSourceRoots through clear() is deprecated and will not work in Maven 4.0.0. Please use the add/remove methods instead. If you're using a plugin that causes this warning, please upgrade to the latest version and report an issue if the warning persists. To disable these warnings, set -Dmaven.project.sourceRoots.warningsDisabled=true on the command line, in the .mvn/maven.config file, or in project POM properties.
2026-02-10 20:11:22,725 [Worker-36: Launching Main] WARN  o.apache.maven.project.MavenProject - Direct modification of testCompileSourceRoots through add() is deprecated and will not work in Maven 4.0.0. Please use the add/remove methods instead. If you're using a plugin that causes this warning, please upgrade to the latest version and report an issue if the warning persists. To disable these warnings, set -Dmaven.project.sourceRoots.warningsDisabled=true on the command line, in the .mvn/maven.config file, or in project POM properties.
2026-02-10 20:18:27,722 [Worker-39: Launching Main] INFO  o.a.m.s.f.DefaultMavenResourcesFiltering - Copying 0 resource from src\main\resources to target\classes
2026-02-10 20:18:27,726 [Worker-39: Launching Main] INFO  o.a.m.s.f.DefaultMavenResourcesFiltering - skip non existing resourceDirectory C:\Users\SANDRA\Desktop\Universidad\2026\Semestre 5\Progra 3\Java+MavenArray\Java_Maven\src\test\resources
2026-02-10 20:18:27,727 [Worker-39: Launching Main] WARN  o.apache.maven.project.MavenProject - Direct modification of compileSourceRoots through clear() is deprecated and will not work in Maven 4.0.0. Please use the add/remove methods instead. If you're using a plugin that causes this warning, please upgrade to the latest version and report an issue if the warning persists. To disable these warnings, set -Dmaven.project.sourceRoots.warningsDisabled=true on the command line, in the .mvn/maven.config file, or in project POM properties.
2026-02-10 20:18:27,729 [Worker-39: Launching Main] WARN  o.apache.maven.project.MavenProject - Direct modification of compileSourceRoots through add() is deprecated and will not work in Maven 4.0.0. Please use the add/remove methods instead. If you're using a plugin that causes this warning, please upgrade to the latest version and report an issue if the warning persists. To disable these warnings, set -Dmaven.project.sourceRoots.warningsDisabled=true on the command line, in the .mvn/maven.config file, or in project POM properties.
2026-02-10 20:18:27,730 [Worker-39: Launching Main] WARN  o.apache.maven.project.MavenProject - Direct modification of testCompileSourceRoots through clear() is deprecated and will not work in Maven 4.0.0. Please use the add/remove methods instead. If you're using a plugin that causes this warning, please upgrade to the latest version and report an issue if the warning persists. To disable these warnings, set -Dmaven.project.sourceRoots.warningsDisabled=true on the command line, in the .mvn/maven.config file, or in project POM properties.
2026-02-10 20:18:27,731 [Worker-39: Launching Main] WARN  o.apache.maven.project.MavenProject - Direct modification of testCompileSourceRoots through add() is deprecated and will not work in Maven 4.0.0. Please use the add/remove methods instead. If you're using a plugin that causes this warning, please upgrade to the latest version and report an issue if the warning persists. To disable these warnings, set -Dmaven.project.sourceRoots.warningsDisabled=true on the command line, in the .mvn/maven.config file, or in project POM properties.
2026-02-10 21:09:25,334 [Worker-49: Launching Main] INFO  o.a.m.s.f.DefaultMavenResourcesFiltering - Copying 0 resource from src\main\resources to target\classes
2026-02-10 21:09:25,337 [Worker-49: Launching Main] INFO  o.a.m.s.f.DefaultMavenResourcesFiltering - skip non existing resourceDirectory C:\Users\SANDRA\Desktop\Universidad\2026\Semestre 5\Progra 3\Java+MavenArray\Java_Maven\src\test\resources
2026-02-10 21:09:25,338 [Worker-49: Launching Main] WARN  o.apache.maven.project.MavenProject - Direct modification of compileSourceRoots through clear() is deprecated and will not work in Maven 4.0.0. Please use the add/remove methods instead. If you're using a plugin that causes this warning, please upgrade to the latest version and report an issue if the warning persists. To disable these warnings, set -Dmaven.project.sourceRoots.warningsDisabled=true on the command line, in the .mvn/maven.config file, or in project POM properties.
2026-02-10 21:09:25,340 [Worker-49: Launching Main] WARN  o.apache.maven.project.MavenProject - Direct modification of compileSourceRoots through add() is deprecated and will not work in Maven 4.0.0. Please use the add/remove methods instead. If you're using a plugin that causes this warning, please upgrade to the latest version and report an issue if the warning persists. To disable these warnings, set -Dmaven.project.sourceRoots.warningsDisabled=true on the command line, in the .mvn/maven.config file, or in project POM properties.
2026-02-10 21:09:25,341 [Worker-49: Launching Main] WARN  o.apache.maven.project.MavenProject - Direct modification of testCompileSourceRoots through clear() is deprecated and will not work in Maven 4.0.0. Please use the add/remove methods instead. If you're using a plugin that causes this warning, please upgrade to the latest version and report an issue if the warning persists. To disable these warnings, set -Dmaven.project.sourceRoots.warningsDisabled=true on the command line, in the .mvn/maven.config file, or in project POM properties.
2026-02-10 21:09:25,343 [Worker-49: Launching Main] WARN  o.apache.maven.project.MavenProject - Direct modification of testCompileSourceRoots through add() is deprecated and will not work in Maven 4.0.0. Please use the add/remove methods instead. If you're using a plugin that causes this warning, please upgrade to the latest version and report an issue if the warning persists. To disable these warnings, set -Dmaven.project.sourceRoots.warningsDisabled=true on the command line, in the .mvn/maven.config file, or in project POM properties.
2026-02-10 21:10:19,491 [Worker-47: Launching Main] INFO  o.a.m.s.f.DefaultMavenResourcesFiltering - Copying 0 resource from src\main\resources to target\classes
2026-02-10 21:10:19,494 [Worker-47: Launching Main] INFO  o.a.m.s.f.DefaultMavenResourcesFiltering - skip non existing resourceDirectory C:\Users\SANDRA\Desktop\Universidad\2026\Semestre 5\Progra 3\Java+MavenArray\Java_Maven\src\test\resources
2026-02-10 21:10:19,494 [Worker-47: Launching Main] WARN  o.apache.maven.project.MavenProject - Direct modification of compileSourceRoots through clear() is deprecated and will not work in Maven 4.0.0. Please use the add/remove methods instead. If you're using a plugin that causes this warning, please upgrade to the latest version and report an issue if the warning persists. To disable these warnings, set -Dmaven.project.sourceRoots.warningsDisabled=true on the command line, in the .mvn/maven.config file, or in project POM properties.
2026-02-10 21:10:19,496 [Worker-47: Launching Main] WARN  o.apache.maven.project.MavenProject - Direct modification of compileSourceRoots through add() is deprecated and will not work in Maven 4.0.0. Please use the add/remove methods instead. If you're using a plugin that causes this warning, please upgrade to the latest version and report an issue if the warning persists. To disable these warnings, set -Dmaven.project.sourceRoots.warningsDisabled=true on the command line, in the .mvn/maven.config file, or in project POM properties.
2026-02-10 21:10:19,497 [Worker-47: Launching Main] WARN  o.apache.maven.project.MavenProject - Direct modification of testCompileSourceRoots through clear() is deprecated and will not work in Maven 4.0.0. Please use the add/remove methods instead. If you're using a plugin that causes this warning, please upgrade to the latest version and report an issue if the warning persists. To disable these warnings, set -Dmaven.project.sourceRoots.warningsDisabled=true on the command line, in the .mvn/maven.config file, or in project POM properties.
2026-02-10 21:10:19,497 [Worker-47: Launching Main] WARN  o.apache.maven.project.MavenProject - Direct modification of testCompileSourceRoots through add() is deprecated and will not work in Maven 4.0.0. Please use the add/remove methods instead. If you're using a plugin that causes this warning, please upgrade to the latest version and report an issue if the warning persists. To disable these warnings, set -Dmaven.project.sourceRoots.warningsDisabled=true on the command line, in the .mvn/maven.config file, or in project POM properties.
2026-02-10 22:10:29,356 [Worker-5: Loading available Gradle versions] INFO  o.e.b.c.i.u.g.PublishedGradleVersions - Gradle version information cache is out-of-date. Trying to update.
2026-02-10 22:19:04,871 [Worker-7: Launching Main] INFO  o.a.m.s.f.DefaultMavenResourcesFiltering - Copying 0 resource from src\main\resources to target\classes
2026-02-10 22:19:04,880 [Worker-7: Launching Main] INFO  o.a.m.s.f.DefaultMavenResourcesFiltering - skip non existing resourceDirectory C:\Users\SANDRA\Desktop\Universidad\2026\Semestre 5\Progra 3\Java+MavenArray\Java_Maven\src\test\resources
2026-02-10 22:19:05,398 [Worker-7: Launching Main] WARN  o.apache.maven.project.MavenProject - Direct modification of compileSourceRoots through clear() is deprecated and will not work in Maven 4.0.0. Please use the add/remove methods instead. If you're using a plugin that causes this warning, please upgrade to the latest version and report an issue if the warning persists. To disable these warnings, set -Dmaven.project.sourceRoots.warningsDisabled=true on the command line, in the .mvn/maven.config file, or in project POM properties.
2026-02-10 22:19:05,401 [Worker-7: Launching Main] WARN  o.apache.maven.project.MavenProject - Direct modification of compileSourceRoots through add() is deprecated and will not work in Maven 4.0.0. Please use the add/remove methods instead. If you're using a plugin that causes this warning, please upgrade to the latest version and report an issue if the warning persists. To disable these warnings, set -Dmaven.project.sourceRoots.warningsDisabled=true on the command line, in the .mvn/maven.config file, or in project POM properties.
2026-02-10 22:19:05,402 [Worker-7: Launching Main] WARN  o.apache.maven.project.MavenProject - Direct modification of testCompileSourceRoots through clear() is deprecated and will not work in Maven 4.0.0. Please use the add/remove methods instead. If you're using a plugin that causes this warning, please upgrade to the latest version and report an issue if the warning persists. To disable these warnings, set -Dmaven.project.sourceRoots.warningsDisabled=true on the command line, in the .mvn/maven.config file, or in project POM properties.
2026-02-10 22:19:05,403 [Worker-7: Launching Main] WARN  o.apache.maven.project.MavenProject - Direct modification of testCompileSourceRoots through add() is deprecated and will not work in Maven 4.0.0. Please use the add/remove methods instead. If you're using a plugin that causes this warning, please upgrade to the latest version and report an issue if the warning persists. To disable these warnings, set -Dmaven.project.sourceRoots.warningsDisabled=true on the command line, in the .mvn/maven.config file, or in project POM properties.
2026-02-10 22:20:27,119 [Worker-2: Launching Main] INFO  o.a.m.s.f.DefaultMavenResourcesFiltering - Copying 0 resource from src\main\resources to target\classes
2026-02-10 22:20:27,123 [Worker-2: Launching Main] INFO  o.a.m.s.f.DefaultMavenResourcesFiltering - skip non existing resourceDirectory C:\Users\SANDRA\Desktop\Universidad\2026\Semestre 5\Progra 3\Java+MavenArray\Java_Maven\src\test\resources
2026-02-10 22:20:27,124 [Worker-2: Launching Main] WARN  o.apache.maven.project.MavenProject - Direct modification of compileSourceRoots through clear() is deprecated and will not work in Maven 4.0.0. Please use the add/remove methods instead. If you're using a plugin that causes this warning, please upgrade to the latest version and report an issue if the warning persists. To disable these warnings, set -Dmaven.project.sourceRoots.warningsDisabled=true on the command line, in the .mvn/maven.config file, or in project POM properties.
2026-02-10 22:20:27,126 [Worker-2: Launching Main] WARN  o.apache.maven.project.MavenProject - Direct modification of compileSourceRoots through add() is deprecated and will not work in Maven 4.0.0. Please use the add/remove methods instead. If you're using a plugin that causes this warning, please upgrade to the latest version and report an issue if the warning persists. To disable these warnings, set -Dmaven.project.sourceRoots.warningsDisabled=true on the command line, in the .mvn/maven.config file, or in project POM properties.
2026-02-10 22:20:27,127 [Worker-2: Launching Main] WARN  o.apache.maven.project.MavenProject - Direct modification of testCompileSourceRoots through clear() is deprecated and will not work in Maven 4.0.0. Please use the add/remove methods instead. If you're using a plugin that causes this warning, please upgrade to the latest version and report an issue if the warning persists. To disable these warnings, set -Dmaven.project.sourceRoots.warningsDisabled=true on the command line, in the .mvn/maven.config file, or in project POM properties.
2026-02-10 22:20:27,128 [Worker-2: Launching Main] WARN  o.apache.maven.project.MavenProject - Direct modification of testCompileSourceRoots through add() is deprecated and will not work in Maven 4.0.0. Please use the add/remove methods instead. If you're using a plugin that causes this warning, please upgrade to the latest version and report an issue if the warning persists. To disable these warnings, set -Dmaven.project.sourceRoots.warningsDisabled=true on the command line, in the .mvn/maven.config file, or in project POM properties.
2026-02-10 22:20:45,478 [Worker-12: Launching Main] INFO  o.a.m.s.f.DefaultMavenResourcesFiltering - Copying 0 resource from src\main\resources to target\classes
2026-02-10 22:20:45,482 [Worker-12: Launching Main] INFO  o.a.m.s.f.DefaultMavenResourcesFiltering - skip non existing resourceDirectory C:\Users\SANDRA\Desktop\Universidad\2026\Semestre 5\Progra 3\Java+MavenArray\Java_Maven\src\test\resources
2026-02-10 22:20:45,483 [Worker-12: Launching Main] WARN  o.apache.maven.project.MavenProject - Direct modification of compileSourceRoots through clear() is deprecated and will not work in Maven 4.0.0. Please use the add/remove methods instead. If you're using a plugin that causes this warning, please upgrade to the latest version and report an issue if the warning persists. To disable these warnings, set -Dmaven.project.sourceRoots.warningsDisabled=true on the command line, in the .mvn/maven.config file, or in project POM properties.
2026-02-10 22:20:45,484 [Worker-12: Launching Main] WARN  o.apache.maven.project.MavenProject - Direct modification of compileSourceRoots through add() is deprecated and will not work in Maven 4.0.0. Please use the add/remove methods instead. If you're using a plugin that causes this warning, please upgrade to the latest version and report an issue if the warning persists. To disable these warnings, set -Dmaven.project.sourceRoots.warningsDisabled=true on the command line, in the .mvn/maven.config file, or in project POM properties.
2026-02-10 22:20:45,485 [Worker-12: Launching Main] WARN  o.apache.maven.project.MavenProject - Direct modification of testCompileSourceRoots through clear() is deprecated and will not work in Maven 4.0.0. Please use the add/remove methods instead. If you're using a plugin that causes this warning, please upgrade to the latest version and report an issue if the warning persists. To disable these warnings, set -Dmaven.project.sourceRoots.warningsDisabled=true on the command line, in the .mvn/maven.config file, or in project POM properties.
2026-02-10 22:20:45,486 [Worker-12: Launching Main] WARN  o.apache.maven.project.MavenProject - Direct modification of testCompileSourceRoots through add() is deprecated and will not work in Maven 4.0.0. Please use the add/remove methods instead. If you're using a plugin that causes this warning, please upgrade to the latest version and report an issue if the warning persists. To disable these warnings, set -Dmaven.project.sourceRoots.warningsDisabled=true on the command line, in the .mvn/maven.config file, or in project POM properties.
2026-02-10 22:20:51,326 [Worker-2: Launching Main] INFO  o.a.m.s.f.DefaultMavenResourcesFiltering - Copying 0 resource from src\main\resources to target\classes
2026-02-10 22:20:51,329 [Worker-2: Launching Main] INFO  o.a.m.s.f.DefaultMavenResourcesFiltering - skip non existing resourceDirectory C:\Users\SANDRA\Desktop\Universidad\2026\Semestre 5\Progra 3\Java+MavenArray\Java_Maven\src\test\resources
2026-02-10 22:20:51,329 [Worker-2: Launching Main] WARN  o.apache.maven.project.MavenProject - Direct modification of compileSourceRoots through clear() is deprecated and will not work in Maven 4.0.0. Please use the add/remove methods instead. If you're using a plugin that causes this warning, please upgrade to the latest version and report an issue if the warning persists. To disable these warnings, set -Dmaven.project.sourceRoots.warningsDisabled=true on the command line, in the .mvn/maven.config file, or in project POM properties.
2026-02-10 22:20:51,330 [Worker-2: Launching Main] WARN  o.apache.maven.project.MavenProject - Direct modification of compileSourceRoots through add() is deprecated and will not work in Maven 4.0.0. Please use the add/remove methods instead. If you're using a plugin that causes this warning, please upgrade to the latest version and report an issue if the warning persists. To disable these warnings, set -Dmaven.project.sourceRoots.warningsDisabled=true on the command line, in the .mvn/maven.config file, or in project POM properties.
2026-02-10 22:20:51,331 [Worker-2: Launching Main] WARN  o.apache.maven.project.MavenProject - Direct modification of testCompileSourceRoots through clear() is deprecated and will not work in Maven 4.0.0. Please use the add/remove methods instead. If you're using a plugin that causes this warning, please upgrade to the latest version and report an issue if the warning persists. To disable these warnings, set -Dmaven.project.sourceRoots.warningsDisabled=true on the command line, in the .mvn/maven.config file, or in project POM properties.
2026-02-10 22:20:51,332 [Worker-2: Launching Main] WARN  o.apache.maven.project.MavenProject - Direct modification of testCompileSourceRoots through add() is deprecated and will not work in Maven 4.0.0. Please use the add/remove methods instead. If you're using a plugin that causes this warning, please upgrade to the latest version and report an issue if the warning persists. To disable these warnings, set -Dmaven.project.sourceRoots.warningsDisabled=true on the command line, in the .mvn/maven.config file, or in project POM properties.
2026-02-10 22:24:05,364 [Worker-7: Launching Main] INFO  o.a.m.s.f.DefaultMavenResourcesFiltering - Copying 0 resource from src\main\resources to target\classes
2026-02-10 22:24:05,367 [Worker-7: Launching Main] INFO  o.a.m.s.f.DefaultMavenResourcesFiltering - skip non existing resourceDirectory C:\Users\SANDRA\Desktop\Universidad\2026\Semestre 5\Progra 3\Java+MavenArray\Java_Maven\src\test\resources
2026-02-10 22:24:05,367 [Worker-7: Launching Main] WARN  o.apache.maven.project.MavenProject - Direct modification of compileSourceRoots through clear() is deprecated and will not work in Maven 4.0.0. Please use the add/remove methods instead. If you're using a plugin that causes this warning, please upgrade to the latest version and report an issue if the warning persists. To disable these warnings, set -Dmaven.project.sourceRoots.warningsDisabled=true on the command line, in the .mvn/maven.config file, or in project POM properties.
2026-02-10 22:24:05,368 [Worker-7: Launching Main] WARN  o.apache.maven.project.MavenProject - Direct modification of compileSourceRoots through add() is deprecated and will not work in Maven 4.0.0. Please use the add/remove methods instead. If you're using a plugin that causes this warning, please upgrade to the latest version and report an issue if the warning persists. To disable these warnings, set -Dmaven.project.sourceRoots.warningsDisabled=true on the command line, in the .mvn/maven.config file, or in project POM properties.
2026-02-10 22:24:05,369 [Worker-7: Launching Main] WARN  o.apache.maven.project.MavenProject - Direct modification of testCompileSourceRoots through clear() is deprecated and will not work in Maven 4.0.0. Please use the add/remove methods instead. If you're using a plugin that causes this warning, please upgrade to the latest version and report an issue if the warning persists. To disable these warnings, set -Dmaven.project.sourceRoots.warningsDisabled=true on the command line, in the .mvn/maven.config file, or in project POM properties.
2026-02-10 22:24:05,371 [Worker-7: Launching Main] WARN  o.apache.maven.project.MavenProject - Direct modification of testCompileSourceRoots through add() is deprecated and will not work in Maven 4.0.0. Please use the add/remove methods instead. If you're using a plugin that causes this warning, please upgrade to the latest version and report an issue if the warning persists. To disable these warnings, set -Dmaven.project.sourceRoots.warningsDisabled=true on the command line, in the .mvn/maven.config file, or in project POM properties.
2026-02-10 23:03:44,810 [Worker-25: Building] INFO  o.a.m.s.f.DefaultMavenResourcesFiltering - Copying 0 resource from src\main\resources to target\classes
2026-02-10 23:03:44,816 [Worker-25: Building] INFO  o.a.m.s.f.DefaultMavenResourcesFiltering - skip non existing resourceDirectory C:\Users\SANDRA\Desktop\Universidad\2026\Semestre 5\Progra 3\Java+MavenArray\Java_Maven\src\test\resources
2026-02-10 23:03:44,817 [Worker-25: Building] WARN  o.apache.maven.project.MavenProject - Direct modification of compileSourceRoots through clear() is deprecated and will not work in Maven 4.0.0. Please use the add/remove methods instead. If you're using a plugin that causes this warning, please upgrade to the latest version and report an issue if the warning persists. To disable these warnings, set -Dmaven.project.sourceRoots.warningsDisabled=true on the command line, in the .mvn/maven.config file, or in project POM properties.
2026-02-10 23:03:44,819 [Worker-25: Building] WARN  o.apache.maven.project.MavenProject - Direct modification of compileSourceRoots through add() is deprecated and will not work in Maven 4.0.0. Please use the add/remove methods instead. If you're using a plugin that causes this warning, please upgrade to the latest version and report an issue if the warning persists. To disable these warnings, set -Dmaven.project.sourceRoots.warningsDisabled=true on the command line, in the .mvn/maven.config file, or in project POM properties.
2026-02-10 23:03:44,820 [Worker-25: Building] WARN  o.apache.maven.project.MavenProject - Direct modification of testCompileSourceRoots through clear() is deprecated and will not work in Maven 4.0.0. Please use the add/remove methods instead. If you're using a plugin that causes this warning, please upgrade to the latest version and report an issue if the warning persists. To disable these warnings, set -Dmaven.project.sourceRoots.warningsDisabled=true on the command line, in the .mvn/maven.config file, or in project POM properties.
2026-02-10 23:03:44,822 [Worker-25: Building] WARN  o.apache.maven.project.MavenProject - Direct modification of testCompileSourceRoots through add() is deprecated and will not work in Maven 4.0.0. Please use the add/remove methods instead. If you're using a plugin that causes this warning, please upgrade to the latest version and report an issue if the warning persists. To disable these warnings, set -Dmaven.project.sourceRoots.warningsDisabled=true on the command line, in the .mvn/maven.config file, or in project POM properties.
2026-02-10 23:04:06,773 [Worker-5: Loading available Gradle versions] INFO  o.e.b.c.i.u.g.PublishedGradleVersions - Gradle version information cache is up-to-date. Trying to read.
2026-02-10 23:08:25,822 [Worker-19: Building] INFO  o.a.m.s.f.DefaultMavenResourcesFiltering - Copying 0 resource from src\main\resources to target\classes
2026-02-10 23:08:25,834 [Worker-19: Building] INFO  o.a.m.s.f.DefaultMavenResourcesFiltering - skip non existing resourceDirectory C:\Users\SANDRA\Desktop\Universidad\2026\Semestre 5\Progra 3\Java+MavenArray\Java_Maven\src\test\resources
2026-02-10 23:08:26,358 [Worker-19: Building] WARN  o.apache.maven.project.MavenProject - Direct modification of compileSourceRoots through clear() is deprecated and will not work in Maven 4.0.0. Please use the add/remove methods instead. If you're using a plugin that causes this warning, please upgrade to the latest version and report an issue if the warning persists. To disable these warnings, set -Dmaven.project.sourceRoots.warningsDisabled=true on the command line, in the .mvn/maven.config file, or in project POM properties.
2026-02-10 23:08:26,359 [Worker-19: Building] WARN  o.apache.maven.project.MavenProject - Direct modification of compileSourceRoots through add() is deprecated and will not work in Maven 4.0.0. Please use the add/remove methods instead. If you're using a plugin that causes this warning, please upgrade to the latest version and report an issue if the warning persists. To disable these warnings, set -Dmaven.project.sourceRoots.warningsDisabled=true on the command line, in the .mvn/maven.config file, or in project POM properties.
2026-02-10 23:08:26,360 [Worker-19: Building] WARN  o.apache.maven.project.MavenProject - Direct modification of testCompileSourceRoots through clear() is deprecated and will not work in Maven 4.0.0. Please use the add/remove methods instead. If you're using a plugin that causes this warning, please upgrade to the latest version and report an issue if the warning persists. To disable these warnings, set -Dmaven.project.sourceRoots.warningsDisabled=true on the command line, in the .mvn/maven.config file, or in project POM properties.
2026-02-10 23:08:26,361 [Worker-19: Building] WARN  o.apache.maven.project.MavenProject - Direct modification of testCompileSourceRoots through add() is deprecated and will not work in Maven 4.0.0. Please use the add/remove methods instead. If you're using a plugin that causes this warning, please upgrade to the latest version and report an issue if the warning persists. To disable these warnings, set -Dmaven.project.sourceRoots.warningsDisabled=true on the command line, in the .mvn/maven.config file, or in project POM properties.
